latitude,longitude,price
-37.7996,144.9984,1480000.0
-37.8079,144.9934,1035000.0
-37.8093,144.9944,1465000.0
-37.7969,144.9969,850000.0
-37.8072,144.9941,1600000.0
-37.8041,144.9953,941000.0
-37.8024,144.9993,1876000.0
-37.806,144.9954,1636000.0
-37.8008,144.9973,300000.0
-37.801,144.9989,1097000.0
-37.811,145.0067,700000.0
-37.8085,144.9964,1350000.0
-37.8078,144.9965,750000.0
-37.8084,144.9973,1172500.0
-37.8016,144.9988,441000.0
-37.809,144.9976,1310000.0
-37.8056,144.993,1200000.0
-37.8021,144.9965,1176500.0
-37.8022,144.9975,955000.0
-37.8011,145.0004,890000.0
-37.8073,144.9952,1330000.0
-37.8093,144.9959,900000.0
-37.8078,144.9965,1090000.0
-37.8015,144.9972,500000.0
-37.8079,144.9977,1100000.0
-37.808,144.994,1315000.0
-37.8016,144.9988,426000.0
-37.8017,145.0001,1447500.0
-37.8078,144.9965,457000.0
-37.8005,144.9952,1135000.0
-37.7994,144.9965,1542000.0
-37.805,144.9943,1290000.0
-37.8007,144.9958,1290000.0
-37.8055,144.9961,470000.0
-37.8016,144.9956,1180000.0
-37.8022,144.9954,1195000.0
-37.8021,144.9976,1012500.0
-37.8086,144.9946,1030000.0
-37.718,144.878,840000.0
-37.7203,144.8755,730000.0
-37.7203,144.8755,770000.0
-37.7294,144.888,603000.0
-37.7218,144.8837,700000.0
-37.7273,144.8744,600000.0
-37.7215,144.8864,500000.0
-37.7173,144.8872,720000.0
-37.7259,144.8792,785000.0
-37.7239,144.8735,725000.0
-37.7216,144.871,450000.0
-37.7298,144.8883,515000.0
-37.7234,144.8792,530000.0
-37.7249,144.8728,895000.0
-37.7217,144.8783,805000.0
-37.7302,144.8855,752000.0
-37.7177,144.8787,440000.0
-37.7248,144.8699,755000.0
-37.727,144.887,700000.0
-37.7186,144.876,830000.0
-37.7218,144.8863,462500.0
-37.7269,144.8742,670000.0
-37.7187,144.8765,675000.0
-37.7173,144.8796,1042000.0
-37.7231,144.8835,910000.0
-37.7263,144.8679,773000.0
-37.7285,144.8694,810000.0
-37.7164,144.8792,715000.0
-37.7194,144.8827,790000.0
-37.7231,144.8802,540000.0
-37.72,144.8776,825000.0
-37.7226,144.8733,685000.0
-37.7184,144.882,805000.0
-37.7202,144.8797,510000.0
-37.7181,144.8824,612000.0
-37.7169,144.8815,662000.0
-37.7263,144.869,978000.0
-37.72,144.878,720000.0
-37.7261,144.8785,765000.0
-37.7256,144.8739,900000.0
-37.8459,144.9555,1275000.0
-37.845,144.9538,1455000.0
-37.8481,144.9499,2850000.0
-37.8452,144.9488,1850000.0
-37.8431,144.9565,1436000.0
-37.8444,144.9484,1110000.0
-37.8405,144.9521,1550000.0
-37.8447,144.9523,2300000.0
-37.8443,144.9598,1550000.0
-37.8415,144.952,1800000.0
-37.8422,144.9554,2120000.0
-37.8443,144.9579,1800000.0
-37.8421,144.9571,1800000.0
-37.8379,144.9539,1810000.0
-37.8415,144.9585,2615000.0
-37.8436,144.9557,2100000.0
-37.8422,144.94899999999996,1300000.0
-37.8451,144.9511,1370000.0
-37.8407,144.9523,1000000.0
-37.8445,144.9501,2575000.0
-37.8443,144.9481,1322500.0
-37.8424,144.9562,1562500.0
-37.847,144.9575,2000000.0
-37.8468,144.9546,1900000.0
-37.8473,144.9551,3010000.0
-37.8467,144.9475,2800000.0
-37.846,144.9542,647000.0
-37.8427,144.9546,2100000.0
-37.8461,144.9528,2000000.0
-37.8421,144.9517,442500.0
-37.8477,144.9558,4735000.0
-37.846,144.9517,1340000.0
-37.8429,144.9493,1801000.0
-37.8415,144.9585,1532000.0
-37.8413,144.95,3755000.0
-37.8434,144.9495,2140000.0
-37.8416,144.9488,1750000.0
-37.8387,144.9519,980000.0
-37.8488,144.9551,2030000.0
-37.8448,144.9453,1740000.0
-37.8399,144.9577,2800000.0
-37.8411,144.9497,985000.0
-37.7707,145.0318,2000000.0
-37.7854,145.0325,1110000.0
-37.7713,145.0279,1492000.0
-37.7717,145.031,1717500.0
-37.775,145.0268,2840000.0
-37.7791,145.0306,525500.0
-37.7804,145.0308,805000.0
-37.7773,145.0314,465000.0
-37.78,145.0341,2000000.0
-37.7755,145.0288,1540000.0
-37.7747,145.0264,820000.0
-37.7743,145.0316,1830000.0
-37.7723,145.0319,2100000.0
-37.7802,145.0243,865000.0
-37.7773,145.0314,390000.0
-37.7848,145.025,650000.0
-37.7805,145.0262,512000.0
-37.7792,145.029,1165000.0
-37.7844,145.0225,1900000.0
-37.7781,145.0284,1485000.0
-37.7719,145.0309,1950000.0
-37.87,144.825,520000.0
-37.8721,144.8105,1525000.0
-37.8687,144.8197,720000.0
-37.8693,144.8375,1120000.0
-37.868,144.8154,780000.0
-37.8681,144.819,1780000.0
-37.8702,144.8143,630000.0
-37.8693,144.8171,406000.0
-37.8616,144.8116,660000.0
-37.8594,144.817,683500.0
-37.8696,144.827,580000.0
-37.8697,144.8249,1335000.0
-37.8734,144.8143,800000.0
-37.8686,144.8182,510000.0
-37.8733,144.8147,1070000.0
-37.871,144.8185,425000.0
-37.8646,144.827,605000.0
-37.8579,144.8181,705000.0
-37.8678,144.8384,391000.0
-37.8659,144.83100000000005,440000.0
-37.8658,144.8155,845000.0
-37.8698,144.816,743000.0
-37.868,144.8286,730000.0
-37.8611,144.8114,635000.0
-37.8676,144.8202,620000.0
-37.8655,144.8299,447000.0
-37.868,144.8287,730000.0
-37.8608,144.8124,678000.0
-37.8687,144.8268,580000.0
-37.8674,144.8375,712000.0
-37.86,144.8245,840000.0
-37.8672,144.817,980000.0
-37.8583,144.8172,605100.0
-37.8699,144.8235,880000.0
-37.8684,144.815,577000.0
-37.8663,144.8387,1030000.0
-37.8659,144.822,605000.0
-37.8612,144.8247,753000.0
-37.8653,144.8129,857000.0
-37.8651,144.832,1500000.0
-37.868,144.8285,730000.0
-37.871,144.8075,900000.0
-37.8631,144.8195,740000.0
-37.8637,144.8365,931000.0
-37.8646,144.8272,535600.0
-37.8388,144.8567,1085000.0
-37.8291,144.835,781000.0
-37.8449,144.85,750000.0
-37.8351,144.8529,421000.0
-37.8338,144.8562,1405000.0
-37.8284,144.8355,683000.0
-37.8267,144.8368,623000.0
-37.8379,144.8583,720000.0
-37.838,144.8555,588000.0
-37.8294,144.8378,710000.0
-37.8448,144.8529,875000.0
-37.8449,144.85,700000.0
-37.8397,144.8602,640000.0
-37.8451,144.8529,650000.0
-37.8337,144.8554,675000.0
-37.8258,144.8523,708000.0
-37.8345,144.8444,965000.0
-37.8254,144.8514,680000.0
-37.8327,144.8451,770000.0
-37.8269,144.8455,923000.0
-37.8391,144.8467,693000.0
-37.8262,144.8443,620000.0
-37.8277,144.8385,728500.0
-37.8382,144.8649,931000.0
-37.8423,144.8632,988000.0
-37.8444,144.8491,590000.0
-37.834,144.8553,610000.0
-37.8318,144.8388,815000.0
-37.833,144.8494,970000.0
-37.8262,144.8439,760000.0
-37.8393,144.8568,847500.0
-37.8375,144.8541,1200000.0
-37.8441,144.8505,700000.0
-37.8285,144.8351,625000.0
-37.8332,144.8649,292000.0
-37.8543,145.0262,599000.0
-37.8539,145.0284,550000.0
-37.8552,145.016,995000.0
-37.854,145.0135,1205000.0
-37.8614,145.0274,1939000.0
-37.853,145.0167,421500.0
-37.8592,145.0182,1870000.0
-37.8538,145.0127,678000.0
-37.8537,145.0267,1918000.0
-37.8619,145.0257,660000.0
-37.8574,145.0281,2050000.0
-37.8552,145.016,700000.0
-37.8555,145.0291,3625000.0
-37.858,145.0111,3000000.0
-37.8638,145.0229,1525000.0
-37.8543,145.0262,735000.0
-37.8528,145.0268,825000.0
-37.8566,145.0116,1586000.0
-37.8596,145.0198,645000.0
-37.8564,145.0228,1435000.0
-37.8619,145.0185,280000.0
-37.8605,145.0185,400000.0
-37.8537,145.0267,1780000.0
-37.8574,145.0174,592500.0
-37.8543,145.016,1210000.0
-37.8536,145.0173,2801000.0
-37.8614,145.0222,390000.0
-37.8545,145.0145,1800000.0
-37.8613,145.0264,2200000.0
-37.8537,145.0114,324000.0
-37.8602,145.013,5525000.0
-37.851,145.0161,1125000.0
-37.8511,145.0167,2250000.0
-37.8558,145.015,2360000.0
-37.8571,145.0224,1900000.0
-37.8531,145.0115,440000.0
-37.8646,145.0247,490000.0
-37.8521,145.019,2365000.0
-37.8542,145.0149,1300000.0
-37.8597,145.0104,732000.0
-37.8573,145.0186,704000.0
-37.8596,145.0198,620000.0
-37.8559,145.0158,1900000.0
-37.8575,145.0174,315000.0
-37.8509,145.0203,450000.0
-37.8573,145.0186,710000.0
-37.8604,145.0147,872000.0
-37.8593,145.0156,598000.0
-37.8554,145.0173,1285000.0
-37.8593,145.0275,3660000.0
-37.8618,145.0183,520000.0
-37.8574,145.016,3625000.0
-37.8582,145.0138,4200000.0
-37.8542,145.0135,1101000.0
-37.8557,145.0264,3512500.0
-37.8611,145.0195,2000000.0
-37.853,145.0264,869000.0
-37.8611,145.0271,2810000.0
-37.8573,145.0112,565000.0
-37.8549,145.0113,567000.0
-37.8568,145.0161,546000.0
-37.8503,145.0185,471500.0
-37.7756,144.9165,455000.0
-37.7777,144.9195,940000.0
-37.7761,144.9201,467000.0
-37.7777,144.9221,1380000.0
-37.7736,144.9015,490000.0
-37.7729,144.9179,1850000.0
-37.7758,144.9089,1284000.0
-37.775,144.9091,971000.0
-37.7776,144.9142,710000.0
-37.7721,144.9184,2425000.0
-37.7745,144.9093,750000.0
-37.7748,144.929,1053000.0
-37.7756,144.9208,1377000.0
-37.7759,144.91,970000.0
-37.773,144.9049,940000.0
-37.7807,144.9288,751000.0
-37.7731,144.9206,950000.0
-37.7718,144.9066,685000.0
-37.7819,144.9064,1230000.0
-37.7738,144.9345,636500.0
-37.7746,144.9112,910000.0
-37.7774,144.9186,770000.0
-37.7778,144.9065,960000.0
-37.7766,144.9143,890000.0
-37.7732,144.9206,965000.0
-37.7725,144.9146,1440000.0
-37.7825,144.9208,955000.0
-37.7731,144.9074,450000.0
-37.781,144.9207,801000.0
-37.7746,144.9031,1000000.0
-37.7737,144.904,1435000.0
-37.7723,144.9094,390000.0
-37.7821,144.9055,1425000.0
-37.775,144.93200000000004,1340000.0
-37.7753,144.9116,955000.0
-37.7791,144.9136,1100000.0
-37.7759,144.9338,1255000.0
-37.773,144.9303,432000.0
-37.782,144.903,1640000.0
-37.78,144.9295,1430000.0
-37.7791,144.914,610000.0
-37.7727,144.9136,940000.0
-37.7765,144.9114,890000.0
-37.7742,144.906,1180000.0
-37.7757,144.9088,1480000.0
-37.7734,144.9191,1150000.0
-37.7828,144.9049,1350000.0
-37.7778,144.9261,1905000.0
-37.7713,144.9038,865000.0
-37.7712,144.9088,705000.0
-37.7733,144.9219,442000.0
-37.7786,144.9141,540000.0
-37.7779,144.9133,1037500.0
-37.7744,144.9035,1050000.0
-37.7749,144.9137,440000.0
-37.7722,144.9117,1010000.0
-37.7766,144.9187,1430000.0
-37.7779,144.9137,570000.0
-37.7728,144.9169,690000.0
-37.7766,144.9185,1291000.0
-37.7774,144.928,1130000.0
-37.777,144.9176,1135000.0
-37.7778,144.9131,950000.0
-37.7722,144.9163,790000.0
-37.7731,144.9074,390000.0
-37.7769,144.9138,1345000.0
-37.7727,144.9055,1381500.0
-37.7778,144.9061,940000.0
-37.7778,144.9042,995000.0
-37.7728,144.9076,1050000.0
-37.7816,144.9217,786000.0
-37.7825,144.9206,705000.0
-37.7807,144.9285,760000.0
-37.7723,144.9094,487500.0
-37.7766,144.9277,1000000.0
-37.7775,144.91299999999995,1110000.0
-37.7765,144.9132,1300000.0
-37.7767,144.9125,1060000.0
-37.7767,144.9124,1410000.0
-37.7768,144.9223,1305000.0
-37.7738,144.9215,932500.0
-37.7792,144.9297,965000.0
-37.7762,144.9174,1215000.0
-37.7772,144.9118,545000.0
-37.7774,144.9104,1705000.0
-37.7756,144.921,970000.0
-37.7756,144.9105,925000.0
-37.8669,145.0767,2650000.0
-37.8673,145.0688,1670000.0
-37.8655,145.0807,955000.0
-37.874,145.0714,2050000.0
-37.8636,145.0794,500000.0
-37.869,145.0822,1575000.0
-37.8666,145.0676,1555000.0
-37.8699,145.0778,1100000.0
-37.8685,145.0786,1337000.0
-37.8729,145.0788,2950000.0
-37.8612,145.0858,2215000.0
-37.8675,145.0668,1518000.0
-37.8695,145.084,1710000.0
-37.8599,145.0815,1655000.0
-37.86,145.0817,1550000.0
-37.8742,145.07,1662000.0
-37.8737,145.0695,1665000.0
-37.8745,145.0738,1445000.0
-37.8598,145.0796,3510000.0
-37.8709,145.0857,968000.0
-37.8655,145.0808,900000.0
-37.8605,145.0833,1500000.0
-37.8714,145.07299999999995,2752000.0
-37.8653,145.0897,1500000.0
-37.8669,145.077,1800000.0
-37.8619,145.0879,1830000.0
-37.8703,145.0774,1415000.0
-37.872,145.0692,1440000.0
-37.8693,145.08,1250000.0
-37.8679,145.0781,1422000.0
-37.8724,145.0758,1600000.0
-37.8711,145.0746,1860000.0
-37.8624,145.0798,1710000.0
-37.8664,145.0772,1790000.0
-37.8715,145.0688,1950000.0
-37.8645,145.0797,1600000.0
-37.8752,145.0754,1320000.0
-37.8636,145.0903,1650000.0
-37.8693,145.1082,995000.0
-37.867,145.1092,1250000.0
-37.8639,145.0968,1045000.0
-37.8716,145.0999,1200000.0
-37.8694,145.0944,1075000.0
-37.8647,145.1023,1500000.0
-37.8642,145.1109,1120000.0
-37.8662,145.109,700000.0
-37.8675,145.106,761000.0
-37.8651,145.1109,1270000.0
-37.8661,145.1013,1510000.0
-37.864,145.0972,1365000.0
-37.8621,145.1126,1100000.0
-37.8651,145.1107,1415000.0
-37.8711,145.1017,690000.0
-37.8621,145.1021,1631000.0
-37.8655,145.096,1500000.0
-37.8707,145.1036,1060000.0
-37.8637,145.1024,1529500.0
-37.8696,145.0962,600000.0
-37.8702,145.1042,535000.0
-37.8671,145.1117,785000.0
-37.8629,145.1097,1240000.0
-37.8709,145.102,700000.0
-37.8669,145.1106,1350000.0
-37.8683,145.1082,1110000.0
-37.858,145.1038,1305000.0
-37.87,145.1103,855000.0
-37.8655,145.1096,900500.0
-37.8614,145.1098,1200000.0
-37.8723,145.1089,830000.0
-37.7677,144.8674,850000.0
-37.7634,144.8611,750000.0
-37.77,144.8572,851000.0
-37.7706,144.8629,848000.0
-37.7676,144.859,806000.0
-37.7654,144.8655,1155000.0
-37.7593,144.871,670000.0
-37.7545,144.8736,1200000.0
-37.7605,144.8581,636000.0
-37.7591,144.8542,680000.0
-37.7537,144.8729,1160000.0
-37.7721,144.8576,750000.0
-37.7632,144.8622,627500.0
-37.7519,144.8534,880000.0
-37.7524,144.8714,950000.0
-37.7532,144.8766,1600000.0
-37.7623,144.8613,585000.0
-37.7627,144.857,650000.0
-37.752,144.85399999999996,725000.0
-37.7644,144.8657,665000.0
-37.7664,144.8583,560500.0
-37.758,144.86,615000.0
-37.7681,144.8592,845000.0
-37.7686,144.8576,585000.0
-37.7697,144.8657,440000.0
-37.7522,144.8518,850000.0
-37.7639,144.8615,850000.0
-37.7691,144.8575,705000.0
-37.7609,144.8639,1100000.0
-37.7642,144.8603,892500.0
-37.771,144.8586,695000.0
-37.756,144.8641,522500.0
-37.7649,144.8633,680000.0
-37.7507,144.8576,500000.0
-37.7592,144.8681,550000.0
-37.766,144.8596,730000.0
-37.765,144.8578,875000.0
-37.751,144.8571,850000.0
-37.7568,144.8572,635000.0
-37.7573,144.8534,762000.0
-37.7608,144.863,411000.0
-37.7513,144.859,790000.0
-37.7563,144.8601,605000.0
-37.7607,144.8581,805000.0
-37.757,144.8566,890000.0
-37.7644,144.8575,795000.0
-37.7584,144.8568,634000.0
-37.7567,144.8572,642000.0
-37.7546,144.8585,863000.0
-37.7546,144.857,740000.0
-37.8668,144.9928,1819000.0
-37.8731,144.9958,410000.0
-37.8733,144.997,280000.0
-37.8723,144.9961,1015000.0
-37.8725,144.9952,502500.0
-37.8742,144.9972,520000.0
-37.8726,144.9962,442000.0
-37.8663,144.9948,1193000.0
-37.8678,144.9966,416000.0
-37.8691,144.9974,820000.0
-37.8667,144.9917,474000.0
-37.874,144.9933,981000.0
-37.872,144.9909,1690000.0
-37.8727,144.9969,540000.0
-37.8696,144.9925,1080000.0
-37.87300000000001,144.9907,500000.0
-37.8739,144.9929,497500.0
-37.8094,145.0807,2100000.0
-37.811,145.0958,1800000.0
-37.8128,145.0975,1255000.0
-37.8161,145.0812,1070000.0
-37.8028,145.0768,2570000.0
-37.8147,145.0748,2400000.0
-37.8085,145.0764,2200000.0
-37.8071,145.0908,3250000.0
-37.8124,145.0916,806000.0
-37.8051,145.1016,4000000.0
-37.8134,145.0972,1215000.0
-37.8061,145.0801,2250000.0
-37.8092,145.0778,812000.0
-37.8162,145.0771,1140000.0
-37.807,145.0635,2330000.0
-37.8048,145.0708,2800000.0
-37.8152,145.0843,605000.0
-37.8056,145.0788,1255000.0
-37.8074,145.0826,1850000.0
-37.8125,145.0901,805000.0
-37.8065,145.065,700000.0
-37.8055,145.0699,2130000.0
-37.8162,145.0841,500000.0
-37.814,145.0966,2125000.0
-37.8032,145.0693,1800000.0
-37.8116,145.0724,635000.0
-37.8144,145.0993,526000.0
-37.8125,145.0775,390000.0
-37.8013,145.0652,905000.0
-37.8044,145.1006,1750000.0
-37.8112,145.0881,760000.0
-37.8088,145.0991,3180000.0
-37.8125,145.0849,1367000.0
-37.8063,145.0705,3600000.0
-37.8096,145.0735,2550000.0
-37.8042,145.1042,1400000.0
-37.8157,145.0795,3270000.0
-37.8122,145.0879,625000.0
-37.8061,145.0878,700000.0
-37.8117,145.0775,1860000.0
-37.8068,145.0786,2730000.0
-37.8116,145.0789,2020000.0
-37.8152,145.0839,460000.0
-37.8068,145.0827,2250000.0
-37.8123,145.0821,1053000.0
-37.8161,145.0772,1800000.0
-37.8106,145.0848,1472000.0
-37.8036,145.0715,2120000.0
-37.8044,145.0853,1910000.0
-37.8134,145.08100000000005,754000.0
-37.8025,145.0665,3000000.0
-37.8039,145.0714,3400000.0
-37.8149,145.0747,2188000.0
-37.8092,145.0789,755000.0
-37.815,145.076,2900000.0
-37.8135,145.0995,3290000.0
-37.8095,145.0782,2665000.0
-37.8027,145.0694,1801000.0
-37.8056,145.071,2410000.0
-37.8147,145.084,650000.0
-37.8054,145.0771,2275000.0
-37.8131,145.1,2810000.0
-37.8164,145.0846,1385000.0
-37.8039,145.0631,2000000.0
-37.8057,145.0825,1900000.0
-37.8161,145.0748,3401000.0
-37.8056,145.0688,1750000.0
-37.8058,145.0882,4000000.0
-37.8161,145.0809,1100000.0
-37.8028,145.0768,3020000.0
-37.8167,145.0797,2950000.0
-37.8058,145.0627,2450000.0
-37.8037,145.0636,1912000.0
-37.812,145.0876,730000.0
-37.8049,145.0748,3900000.0
-37.8075,145.1011,1500000.0
-37.8058,145.0781,1850000.0
-37.8099,145.0792,1700000.0
-37.8092,145.1016,1010000.0
-37.7966,145.1021,1315000.0
-37.7939,145.0789,1500000.0
-37.8014,145.0892,3230000.0
-37.7912,145.085,1080000.0
-37.7923,145.1029,1350000.0
-37.7917,145.0868,1905000.0
-37.7907,145.0907,3300000.0
-37.7988,145.0726,1900000.0
-37.8002,145.0949,2251000.0
-37.7906,145.0788,2205000.0
-37.7947,145.1035,1265000.0
-37.7938,145.0732,2000000.0
-37.7856,145.0918,1750000.0
-37.7862,145.0781,1450000.0
-37.7959,145.0787,2614000.0
-37.7944,145.1028,1825000.0
-37.7954,145.0838,2550000.0
-37.7863,145.0905,1570000.0
-37.804,145.0951,3250000.0
-37.7898,145.079,1750000.0
-37.7893,145.092,1150000.0
-37.7851,145.0957,1575000.0
-37.8021,145.0985,1505000.0
-37.798,145.1007,1572000.0
-37.784,145.0878,1500000.0
-37.7982,145.0688,1400000.0
-37.7851,145.0775,1750000.0
-37.8025,145.0843,1850000.0
-37.7977,145.1037,1480000.0
-37.8007,145.1002,1400000.0
-37.7822,145.0907,2130000.0
-37.7933,145.0672,1050000.0
-37.802,145.0797,3690000.0
-37.7843,145.0891,1740000.0
-37.7981,145.0904,2575000.0
-37.783,145.0926,1388800.0
-37.7943,145.083,1702000.0
-37.7841,145.0953,1800000.0
-37.7975,145.0716,2910000.0
-37.7941,145.1042,1400000.0
-37.8008,145.10399999999996,860000.0
-37.7871,145.0843,1670000.0
-37.8023,145.0976,1500000.0
-37.7868,145.0677,2200000.0
-37.794,145.1019,1350000.0
-37.7928,145.1006,2070000.0
-37.7945,145.0667,1300000.0
-37.7935,145.0865,1700000.0
-37.7971,145.0672,1750000.0
-37.7832,145.0779,980000.0
-37.7949,145.1014,1230000.0
-37.7898,145.0967,2600000.0
-37.7889,145.0904,1950000.0
-37.7907,145.0916,1750000.0
-37.796,145.0984,2000000.0
-37.7951,145.0696,1480000.0
-37.7964,145.086,3000000.0
-37.7956,145.0829,1818000.0
-37.7992,145.0907,2170000.0
-37.7988,145.089,2525000.0
-37.797,145.086,3360000.0
-37.7885,145.0854,1620000.0
-37.7982,145.0816,1903000.0
-37.7879,145.0929,1712000.0
-37.8002,145.0999,1720000.0
-37.7908,145.101,1670000.0
-37.7945,145.067,1350000.0
-37.7835,145.0883,1675000.0
-37.7987,145.0788,1680000.0
-37.7976,145.0684,1800000.0
-37.8005,145.0986,1550000.0
-37.7961,145.0859,4000000.0
-37.7968,145.0873,2900000.0
-37.7982,145.0903,2205000.0
-37.7955,145.0694,1137000.0
-37.796,145.0696,2100000.0
-37.7867,145.0718,1389000.0
-37.7935,145.0679,685000.0
-37.8022,145.0775,1900000.0
-37.7846,145.0935,1335000.0
-37.7867,145.0797,1600000.0
-37.7938,145.0675,1830000.0
-37.7841,145.0953,1900000.0
-37.7832,145.0796,1500000.0
-37.7953,145.0712,735000.0
-37.7996,145.0959,1040000.0
-37.7882,145.0882,1520000.0
-37.7997,145.0993,1250000.0
-37.7842,145.0921,1900000.0
-37.7854,145.0869,1875000.0
-37.7839,145.0954,1530000.0
-37.786,145.0886,1700000.0
-37.8028,145.0828,1238000.0
-37.7982,145.0839,1320000.0
-37.7961,145.0808,560000.0
-37.7895,145.0985,1651000.0
-37.7868,145.0677,1920000.0
-37.7898,145.1021,1560000.0
-37.7923,145.1029,1550000.0
-37.7893,145.092,1038000.0
-37.7975,145.0961,1660000.0
-37.7908,145.0991,1260000.0
-37.8002,145.07,2000000.0
-37.7985,145.0707,2155000.0
-37.7936,145.0697,1225000.0
-37.7993,145.0869,2150000.0
-37.7938,145.0838,1770000.0
-37.7938,145.0666,691500.0
-37.7998,145.0862,1836000.0
-37.9165,145.0259,636000.0
-37.925,145.046,1275000.0
-37.9273,145.0479,875000.0
-37.9336,145.043,895000.0
-37.9207,145.0479,1550000.0
-37.9305,145.0449,1420000.0
-37.9311,145.0428,1425000.0
-37.9204,145.0443,851000.0
-37.9272,145.0406,1222500.0
-37.9232,145.0502,1260000.0
-37.9155,145.0401,2700000.0
-37.9172,145.0421,900000.0
-37.922,145.0302,1100000.0
-37.9269,145.047,1005000.0
-37.9149,145.0254,1317500.0
-37.9332,145.045,360000.0
-37.9278,145.0337,1435000.0
-37.9263,145.04,1110000.0
-37.9166,145.0314,2435000.0
-37.9134,145.0263,1500000.0
-37.9318,145.0474,1300000.0
-37.9247,145.0287,855000.0
-37.9199,145.0477,1125000.0
-37.9321,145.0472,1135000.0
-37.9344,145.0481,867000.0
-37.9291,145.0472,1328000.0
-37.9279,145.031,1340000.0
-37.9252,145.0494,1155000.0
-37.9267,145.043,1275000.0
-37.9193,145.0438,770000.0
-37.9243,145.0376,855000.0
-37.9292,145.0341,1100000.0
-37.9245,145.0336,650000.0
-37.924,145.0504,1815000.0
-37.9132,145.0251,2255000.0
-37.929,145.0464,1470000.0
-37.9158,145.0379,420000.0
-37.9274,145.031,855000.0
-37.9149,145.0252,1450000.0
-37.9256,145.0497,1200000.0
-37.9163,145.0324,1860000.0
-37.9326,145.0387,725000.0
-37.9282,145.0367,1293000.0
-37.9203,145.048,1390000.0
-37.9316,145.0454,1400000.0
-37.9317,145.0469,1328000.0
-37.9326,145.0441,1247000.0
-37.933,145.0466,1311000.0
-37.9187,145.0461,1100000.0
-37.9228,145.0476,1327500.0
-37.9149,145.0469,1560000.0
-37.9256,145.0374,1370000.0
-37.921,145.0411,1100000.0
-37.9152,145.0244,1385000.0
-37.9287,145.0461,1275000.0
-37.9286,145.0495,1095000.0
-37.9257,145.0501,797500.0
-37.9173,145.0359,725000.0
-37.9317,145.0352,825000.0
-37.9289,145.0478,1235000.0
-37.9168,145.04,1600000.0
-37.9315,145.0445,1165000.0
-37.9215,145.0505,1355000.0
-37.9224,145.0462,1910000.0
-37.9246,145.0383,1448000.0
-37.929,145.0375,820000.0
-37.9307,145.0444,895000.0
-37.9148,145.0243,1041000.0
-37.9289,145.0481,1430000.0
-37.9178,145.0413,910000.0
-37.9155,145.0243,2520000.0
-37.9282,145.047,1350000.0
-37.9245,145.0336,635000.0
-37.9217,145.0315,1280000.0
-37.9144,145.0401,1900000.0
-37.9161,145.0284,1230000.0
-37.9155,145.0301,1150000.0
-37.9139,145.0395,1650000.0
-37.9307,145.0379,670000.0
-37.9259,145.0341,680000.0
-37.9294,145.041,1320000.0
-37.9263,145.0422,1380000.0
-37.9181,145.04399999999995,1900000.0
-37.9148,145.0404,1535000.0
-37.9206,145.0383,1281000.0
-37.9273,145.0324,1096000.0
-37.9241,145.048,1385000.0
-37.9178,145.0511,517500.0
-37.9291,145.0491,1245000.0
-37.9159,145.0285,503000.0
-37.9155,145.0243,2620000.0
-37.9193,145.0484,760000.0
-37.9159,145.039,405000.0
-37.9305,145.0547,1410000.0
-37.9261,145.0566,760000.0
-37.9237,145.0763,825000.0
-37.9255,145.0796,746000.0
-37.9181,145.0586,580000.0
-37.9333,145.0602,1275000.0
-37.9155,145.0723,1206000.0
-37.9135,145.0774,1115000.0
-37.9166,145.0719,1190000.0
-37.9174,145.0717,1270000.0
-37.9229,145.0557,1025000.0
-37.9244,145.0547,740000.0
-37.9234,145.0533,1960000.0
-37.91,145.0842,495000.0
-37.9193,145.0659,570000.0
-37.9167,145.0771,1220000.0
-37.9262,145.0808,885000.0
-37.9168,145.069,830000.0
-37.9157,145.0802,1137500.0
-37.9272,145.0644,1100000.0
-37.9132,145.0782,1040000.0
-37.9347,145.0546,1210000.0
-37.914,145.0714,1160000.0
-37.9119,145.0705,1215000.0
-37.9358,145.0688,1200000.0
-37.9284,145.0668,1050000.0
-37.9209,145.0757,950000.0
-37.9212,145.0674,380000.0
-37.9232,145.0537,689000.0
-37.9069,145.0568,1400000.0
-37.9309,145.0685,965000.0
-37.9231,145.066,1338000.0
-37.9262,145.055,800000.0
-37.9223,145.0747,651000.0
-37.9272,145.0804,920000.0
-37.9256,145.0757,1390000.0
-37.9102,145.0709,495000.0
-37.9205,145.0528,370000.0
-37.9186,145.0709,1100000.0
-37.9244,145.0792,1100000.0
-37.9241,145.0539,1355000.0
-37.925,145.0612,1206000.0
-37.9082,145.0681,486500.0
-37.9126,145.0776,1010000.0
-37.9312,145.0795,899000.0
-37.9153,145.0707,1415000.0
-37.9245,145.0507,1185000.0
-37.9164,145.0765,1060000.0
-37.9218,145.0607,716000.0
-37.9177,145.0535,1550000.0
-37.9092,145.0813,840000.0
-37.9159,145.0733,1110000.0
-37.9183,145.071,1106000.0
-37.9239,145.0781,845000.0
-37.9227,145.0558,860000.0
-37.9198,145.0791,1208000.0
-37.9219,145.0733,921000.0
-37.9334,145.0667,1165000.0
-37.9174,145.0779,1270000.0
-37.9099,145.0726,742500.0
-37.9303,145.0805,920000.0
-37.926,145.0551,1307000.0
-37.9343,145.0607,1010000.0
-37.9179,145.071,702000.0
-37.9111,145.072,813000.0
-37.9196,145.0691,805000.0
-37.9173,145.0742,880000.0
-37.9257,145.0735,1100000.0
-37.9348,145.0634,1085000.0
-37.9112,145.0738,920000.0
-37.9117,145.0695,1050000.0
-37.9217,145.056,1560000.0
-37.9278,145.08100000000005,800000.0
-37.9293,145.0657,722000.0
-37.9286,145.069,930000.0
-37.919,145.0829,921000.0
-37.9193,145.0691,1035000.0
-37.9329,145.0617,720000.0
-37.9228,145.0527,1185000.0
-37.9252,145.0562,1352000.0
-37.9197,145.05700000000004,1005000.0
-37.9073,145.0599,761000.0
-37.906,145.0547,1600000.0
-37.9244,145.0665,1200000.0
-37.9168,145.0809,780000.0
-37.9299,145.0598,1250000.0
-37.9115,145.0844,750000.0
-37.9198,145.0787,1300000.0
-37.9191,145.075,1475000.0
-37.9262,145.0624,1110000.0
-37.9149,145.0676,835000.0
-37.9117,145.0534,1690000.0
-37.9149,145.0788,791000.0
-37.9347,145.0507,900000.0
-37.9144,145.0582,1189000.0
-37.9269,145.0787,825000.0
-37.9195,145.0555,1030000.0
-37.9176,145.0566,970000.0
-37.9369,145.0751,930000.0
-37.9198,145.0545,1510000.0
-37.9316,145.0542,1240000.0
-37.9079,145.0707,823000.0
-37.9147,145.0645,1310000.0
-37.9272,145.0786,1475000.0
-37.9133,145.0837,950000.0
-37.9198,145.0789,1045000.0
-37.9193,145.0553,750000.0
-37.9085,145.0683,800000.0
-37.9079,145.0685,655000.0
-37.9066,145.0541,1550000.0
-37.9087,145.0537,835000.0
-37.9178,145.0815,1140000.0
-37.9146,145.0767,1120000.0
-37.9256,145.0533,1465000.0
-37.9241,145.0763,910000.0
-37.9329,145.053,920000.0
-37.9179,145.0592,935000.0
-37.9242,145.0705,977000.0
-37.9113,145.0765,1352000.0
-37.9274,145.0654,1115000.0
-37.9324,145.0577,780000.0
-37.9233,145.0674,1115000.0
-37.9232,145.0563,1197000.0
-37.9292,145.0708,485000.0
-37.9245,145.0773,810000.0
-37.9129,145.0598,1365000.0
-37.9314,145.0808,700000.0
-37.9138,145.0774,1698888.0
-37.9258,145.075,1150000.0
-37.9096,145.0843,340000.0
-37.9362,145.0691,1000000.0
-37.9142,145.08,965000.0
-37.9225,145.0754,870000.0
-37.9143,145.0629,1405000.0
-37.912,145.0752,1161000.0
-37.9307,145.0531,1266000.0
-37.9272,145.0801,700000.0
-37.9116,145.0686,1325000.0
-37.9257,145.0811,770000.0
-37.9272,145.0705,1110000.0
-37.9315,145.0619,380000.0
-37.9281,145.0669,1175000.0
-37.916,145.0776,1200000.0
-37.9147,145.0751,1370000.0
-37.9289,145.0502,1433500.0
-37.9135,145.0557,1630000.0
-37.9233,145.0616,1360000.0
-37.9229,145.0673,900000.0
-37.9075,145.061,860000.0
-37.9218,145.0563,772500.0
-37.9216,145.07299999999995,1001000.0
-37.9107,145.0598,715000.0
-37.9218,145.053,801000.0
-37.9108,145.0794,882000.0
-37.9234,145.0616,1180000.0
-37.9241,145.0668,840000.0
-37.9212,145.0606,710000.0
-37.9295,145.063,1040000.0
-37.9143,145.0699,1550000.0
-37.9162,145.0799,930000.0
-37.9286,145.0737,790000.0
-37.927,145.0645,1040000.0
-37.9251,145.0771,1020000.0
-37.9376,145.0784,670000.0
-37.9163,145.0779,800000.0
-37.9213,145.0565,1120000.0
-37.9181,145.0586,970000.0
-37.9189,145.0584,787500.0
-37.9129,145.0786,950000.0
-37.9159,145.0787,886000.0
-37.9131,145.07,780000.0
-37.9374,145.0726,1015000.0
-37.9364,145.0649,830000.0
-37.9237,145.0527,1241000.0
-37.9207,145.0757,1255000.0
-37.9178,145.067,1320000.0
-37.9236,145.0545,870000.0
-37.9351,145.0572,1472500.0
-37.908,145.0716,640000.0
-37.9325,145.0694,1160000.0
-37.919,145.0558,1306000.0
-37.9291,145.0538,1291000.0
-37.8151,145.135,1620000.0
-37.8271,145.1299,645000.0
-37.826,145.129,790000.0
-37.828,145.1215,880000.0
-37.8233,145.1267,1560000.0
-37.8257,145.1216,1715000.0
-37.8275,145.1298,1200000.0
-37.8258,145.1246,1760000.0
-37.8241,145.1262,288000.0
-37.8167,145.1373,948000.0
-37.8135,145.1218,2770000.0
-37.8274,145.1274,1412000.0
-37.8216,145.127,465000.0
-37.8282,145.1301,975000.0
-37.827,145.1209,1325000.0
-37.8287,145.1319,750000.0
-37.8285,145.1272,1400000.0
-37.8235,145.1276,1500000.0
-37.8247,145.1281,1600000.0
-37.8193,145.1149,616000.0
-37.8143,145.1262,1661000.0
-37.8244,145.1319,1461400.0
-37.8275,145.1232,775000.0
-37.81800000000001,145.1354,1506000.0
-37.8166,145.1354,1670000.0
-37.8215,145.1214,340000.0
-37.8166,145.1215,4000000.0
-37.8247,145.1206,928000.0
-37.8171,145.1343,761000.0
-37.8234,145.1235,636000.0
-37.8279,145.121,1625000.0
-37.8273,145.1289,1430000.0
-37.8261,145.1281,836000.0
-37.8248,145.1215,400000.0
-37.8264,145.1248,1170000.0
-37.8274,145.1242,1670000.0
-37.8246,145.1269,1351000.0
-37.8283,145.1195,857000.0
-37.8154,145.1355,822500.0
-37.8269,145.1305,560000.0
-37.8253,145.1205,420000.0
-37.7824,144.8469,870000.0
-37.7839,144.8524,645000.0
-37.785,144.8561,502000.0
-37.7851,144.8517,495000.0
-37.7804,144.8481,660000.0
-37.7814,144.847,868000.0
-37.7908,144.8485,645000.0
-37.7865,144.8605,652000.0
-37.788,144.862,850000.0
-37.7924,144.8523,570500.0
-37.7923,144.852,575000.0
-37.7763,144.8543,882000.0
-37.7815,144.855,730000.0
-37.7825,144.8545,670000.0
-37.7934,144.8467,585000.0
-37.7799,144.8473,826000.0
-37.7908,144.8485,610000.0
-37.7899,144.8515,696000.0
-37.7908,144.8522,660000.0
-37.7827,144.8625,579000.0
-37.7896,144.8559,856500.0
-37.7843,144.8472,510000.0
-37.7905,144.8485,765000.0
-37.7948,144.85399999999996,475000.0
-37.7775,144.855,550000.0
-37.7761,144.8557,505000.0
-37.7889,144.8465,495000.0
-37.7885,144.859,680000.0
-37.7844,144.8523,565000.0
-37.7929,144.8462,697500.0
-37.9159,145.0068,1550000.0
-37.9038,145.0001,1635000.0
-37.8927,145.0005,1830000.0
-37.9071,144.9898,3695000.0
-37.9081,145.0043,536000.0
-37.914,144.9878,3700000.0
-37.9139,144.9878,3775000.0
-37.9172,144.996,1975000.0
-37.8954,145.0026,1300000.0
-37.9205,145.0007,1390000.0
-37.8966,144.993,4250000.0
-37.8926,144.9991,2905000.0
-37.9172,145.004,1300000.0
-37.918,145.0035,1725000.0
-37.9243,144.9989,2266000.0
-37.9136,144.9886,2910000.0
-37.9082,144.9968,2100000.0
-37.9081,145.0015,2700000.0
-37.9122,145.0038,800000.0
-37.9139,145.0035,1750000.0
-37.8956,145.0026,1761000.0
-37.9287,144.99200000000005,2600000.0
-37.9166,144.9942,1302500.0
-37.9301,144.9935,1900000.0
-37.9118,144.9984,2750000.0
-37.9157,144.9973,892500.0
-37.8954,145.0017,2145000.0
-37.9241,145.0008,3171000.0
-37.9249,144.9903,1910000.0
-37.9045,145.0043,1850000.0
-37.9119,144.9871,1067000.0
-37.9119,145.0037,1865000.0
-37.9042,144.9954,620000.0
-37.9039,145.0009,985000.0
-37.8943,144.9907,1475000.0
-37.9252,145.0004,502000.0
-37.9225,144.9891,700000.0
-37.9225,144.991,2400000.0
-37.9097,144.9914,590000.0
-37.9174,144.9895,1650000.0
-37.9264,145.0044,1562500.0
-37.899,144.9901,2050000.0
-37.9206,145.0051,3180000.0
-37.9275,145.0046,960000.0
-37.8964,144.9972,3320000.0
-37.9059,144.9927,2800000.0
-37.9288,144.9954,1602000.0
-37.9012,144.9878,1300000.0
-37.9131,144.995,1100000.0
-37.8916,145.0017,1650000.0
-37.9011,145.0011,1102000.0
-37.9097,144.9914,575000.0
-37.9154,145.001,1570000.0
-37.9144,145.0004,1411000.0
-37.918,144.9911,4700000.0
-37.9228,144.9996,1785000.0
-37.9104,145.002,1550000.0
-37.9153,144.9924,1875000.0
-37.892,144.9918,2400000.0
-37.9268,144.991,1266000.0
-37.8958,144.9994,826000.0
-37.9204,145.0028,2730000.0
-37.914,144.9914,900000.0
-37.9208,144.9996,1962000.0
-37.8975,144.9991,3295888.0
-37.9181,144.993,375000.0
-37.9112,144.9909,756000.0
-37.9164,145.0002,800000.0
-37.9012,144.997,2100000.0
-37.9158,144.9984,1500000.0
-37.9188,144.9942,905500.0
-37.9271,145.0034,2375000.0
-37.8965,145.0022,2275000.0
-37.9254,145.0045,1385000.0
-37.9166,144.9926,1601000.0
-37.9284,144.9986,2020000.0
-37.9075,145.0064,1762000.0
-37.912,144.9994,2450000.0
-37.8958,144.9982,858000.0
-37.9206,145.0,1427000.0
-37.9148,145.0009,2517500.0
-37.8962,145.0011,2800000.0
-37.9233,144.9944,3700000.0
-37.9175,144.9949,1410000.0
-37.916,145.0064,2475000.0
-37.8987,144.9953,2700000.0
-37.909,145.0005,1005000.0
-37.9227,145.0043,3900000.0
-37.9156,145.0013,610000.0
-37.896,144.9957,880000.0
-37.9159,144.9936,737000.0
-37.9095,145.004,1532000.0
-37.9249,144.9928,1250000.0
-37.909,145.0005,835000.0
-37.9253,145.0034,2320000.0
-37.8956,145.0037,2000000.0
-37.905,144.9959,1230000.0
-37.9152,144.993,2375000.0
-37.9078,145.0051,1037000.0
-37.8989,145.0008,3050000.0
-37.9228,145.0022,1630000.0
-37.9118,145.0041,1701000.0
-37.914,145.003,760000.0
-37.9234,145.0042,2640000.0
-37.9116,144.9978,850000.0
-37.9194,145.0003,671000.0
-37.9237,145.0056,2250000.0
-37.919,144.9953,2900000.0
-37.9121,144.9953,1620000.0
-37.9097,144.9981,3550000.0
-37.904,144.9919,2750000.0
-37.921,144.9966,3751000.0
-37.9049,145.0069,1425000.0
-37.9262,144.9969,2405000.0
-37.91,144.989,1352500.0
-37.9193,144.9898,2030000.0
-37.9205,145.0012,3105000.0
-37.9002,144.9928,1171000.0
-37.9159,144.9933,1400000.0
-37.9241,145.0028,1600000.0
-37.8869,144.9982,1500000.0
-37.9205,145.0122,1940000.0
-37.9187,145.007,1850000.0
-37.9317,145.0218,930000.0
-37.9162,145.0219,1310000.0
-37.9077,145.0229,1250000.0
-37.9022,145.0125,2504000.0
-37.9195,145.0067,700000.0
-37.9318,145.0293,750000.0
-37.9179,145.0091,1302500.0
-37.9153,145.0142,1445000.0
-37.917,145.0137,980000.0
-37.9179,145.019,1495000.0
-37.9029,145.0118,1825000.0
-37.9187,145.0187,1700000.0
-37.9091,145.0245,1400000.0
-37.9179,145.0232,1075000.0
-37.9241,145.0125,1860000.0
-37.9199,145.0174,1500000.0
-37.9271,145.0281,870000.0
-37.9117,145.0093,2000000.0
-37.9177,145.0143,1400000.0
-37.927,145.0267,1300000.0
-37.9084,145.0221,1600000.0
-37.9205,145.0102,1780000.0
-37.932,145.0284,1200000.0
-37.9306,145.0284,775000.0
-37.9269,145.0274,1480000.0
-37.928,145.0095,2900000.0
-37.931,145.0198,1590000.0
-37.9135,145.0189,2840000.0
-37.9085,145.0201,1580000.0
-37.9317,145.0294,1100000.0
-37.9143,145.0238,1000000.0
-37.9126,145.013,2500000.0
-37.9299,145.015,1700000.0
-37.9024,145.0097,1405000.0
-37.9045,145.0082,1290000.0
-37.9102,145.0245,3207000.0
-37.9308,145.0316,880000.0
-37.931,145.0163,1920000.0
-37.9062,145.0173,1301000.0
-37.9176,145.0087,2570000.0
-37.9231,145.0104,2550000.0
-37.9175,145.0116,1915000.0
-37.9075,145.0248,1650000.0
-37.9187,145.0071,1530000.0
-37.9137,145.0164,805000.0
-37.9255,145.0118,2050000.0
-37.9176,145.009,2550000.0
-37.9172,145.0072,905000.0
-37.9057,145.0166,1355000.0
-37.9268,145.0094,1845000.0
-37.919,145.0194,1760000.0
-37.9289,145.0284,2050000.0
-37.9208,145.0126,1620000.0
-37.9089,145.0246,940000.0
-37.91,145.0113,1710000.0
-37.9185,145.0138,1800000.0
-37.9126,145.011,1706000.0
-37.9196,145.0205,1300000.0
-37.911,145.0236,770000.0
-37.9292,145.0236,2200000.0
-37.9213,145.0111,1400000.0
-37.9215,145.0227,900000.0
-37.9186,145.0175,2150000.0
-37.9311,145.0169,1725000.0
-37.9292,145.0252,1755000.0
-37.9111,145.0108,1650000.0
-37.9198,145.0137,1720000.0
-37.9184,145.007,1815000.0
-37.9061,145.0238,1450000.0
-37.9159,145.019,681000.0
-37.9237,145.0075,1511000.0
-37.9182,145.0231,1310000.0
-37.9164,145.0228,340000.0
-37.9034,145.017,1537000.0
-37.9108,145.0121,1100000.0
-37.9013,145.0072,994000.0
-37.9286,145.0274,1447000.0
-37.9207,145.0079,692000.0
-37.9078,145.0222,1367000.0
-37.9125,145.0114,903000.0
-37.9172,145.0214,2820000.0
-37.9179,145.0127,1813000.0
-37.9291,145.0283,1655000.0
-37.9124,145.0132,1230000.0
-37.9027,145.0225,1389000.0
-37.9085,145.0129,750000.0
-37.9191,145.0074,1245000.0
-37.9266,145.0088,2310000.0
-37.9241,145.0108,1420000.0
-37.9164,145.0228,563000.0
-37.9055,145.0173,1014000.0
-37.7593,144.9652,428000.0
-37.7676,144.9665,1026000.0
-37.7713,144.9643,1802500.0
-37.7624,144.9671,1500000.0
-37.7637,144.9662,2230000.0
-37.7611,144.9644,1050000.0
-37.7695,144.9528,410000.0
-37.762,144.9647,272500.0
-37.7575,144.9647,680000.0
-37.7608,144.968,400000.0
-37.7661,144.9691,950000.0
-37.7759,144.9578,1310000.0
-37.7772,144.9653,860000.0
-37.7742,144.9542,845500.0
-37.7742,144.9541,860000.0
-37.7588,144.9646,605000.0
-37.7653,144.9586,1055000.0
-37.7643,144.9638,445000.0
-37.7601,144.9581,659500.0
-37.777,144.9703,600000.0
-37.7634,144.9616,627000.0
-37.7637,144.9565,1450000.0
-37.7604,144.9514,990000.0
-37.7611,144.9677,1115000.0
-37.7701,144.9633,1125000.0
-37.7622,144.9586,855000.0
-37.7642,144.9688,910000.0
-37.7581,144.9514,940000.0
-37.7705,144.9647,1100000.0
-37.7723,144.9643,750000.0
-37.757,144.9697,1056000.0
-37.7609,144.969,620000.0
-37.7697,144.9649,880000.0
-37.7619,144.959,1222500.0
-37.7609,144.9677,810000.0
-37.7702,144.9692,1105000.0
-37.7631,144.9534,1260000.0
-37.7636,144.9559,955000.0
-37.7717,144.9679,895000.0
-37.7672,144.9496,1094000.0
-37.7758,144.9508,1135000.0
-37.7597,144.9528,792000.0
-37.758,144.9667,587000.0
-37.7704,144.9695,1060000.0
-37.7727,144.9707,840000.0
-37.7676,144.9659,890000.0
-37.7769,144.9661,1358000.0
-37.7624,144.9692,840000.0
-37.7617,144.9642,685000.0
-37.7768,144.9512,600000.0
-37.7573,144.97,905000.0
-37.756,144.9587,976000.0
-37.7703,144.9533,641000.0
-37.7611,144.966,770000.0
-37.7597,144.9548,279500.0
-37.7769,144.9691,1800000.0
-37.7728,144.9639,1350000.0
-37.7722,144.9681,1320000.0
-37.7597,144.9545,825000.0
-37.7566,144.9599,860000.0
-37.7572,144.9686,830000.0
-37.7581,144.9678,936000.0
-37.7746,144.9697,1261000.0
-37.7642,144.969,1045000.0
-37.773,144.9624,1044000.0
-37.7776,144.963,1050000.0
-37.7788,144.9688,1691500.0
-37.7572,144.9687,1075000.0
-37.7583,144.9756,620000.0
-37.7634,144.9616,501000.0
-37.7757,144.9505,1260000.0
-37.7702,144.9672,1650000.0
-37.7778,144.9594,601000.0
-37.7577,144.9524,800000.0
-37.762,144.9547,1015000.0
-37.7661,144.9614,625000.0
-37.7763,144.9597,1700000.0
-37.769,144.953,815000.0
-37.7597,144.9655,435000.0
-37.7653,144.9565,890000.0
-37.773,144.952,1815000.0
-37.7767,144.9645,2500000.0
-37.7704,144.9504,860000.0
-37.7598,144.9655,491000.0
-37.7653,144.9567,990000.0
-37.7671,144.9702,350000.0
-37.7722,144.9637,871000.0
-37.7626,144.9535,985000.0
-37.7602,144.9543,1250000.0
-37.7618,144.9662,542000.0
-37.7703,144.9533,641000.0
-37.7587,144.9548,1395000.0
-37.7563,144.96,860000.0
-37.7769,144.9523,440000.0
-37.7657,144.9574,860000.0
-37.758,144.9724,835000.0
-37.7646,144.9586,705000.0
-37.7745,144.9558,800000.0
-37.7603,144.9573,880000.0
-37.7632,144.9572,1000000.0
-37.7625,144.9653,754000.0
-37.773,144.9568,916000.0
-37.7703,144.9533,590000.0
-37.7775,144.9607,575000.0
-37.77,144.9633,1020000.0
-37.7621,144.9595,1510000.0
-37.7744,144.9498,801000.0
-37.7687,144.9649,820000.0
-37.7766,144.9574,370000.0
-37.7634,144.9593,1170000.0
-37.7737,144.965,1790000.0
-37.7776,144.9691,640000.0
-37.76300000000001,144.9598,820000.0
-37.7725,144.964,1875000.0
-37.7589,144.9529,1053000.0
-37.7611,144.9622,705000.0
-37.7776,144.9633,240000.0
-37.7763,144.9549,1175000.0
-37.7621,144.9506,1217000.0
-37.7649,144.9641,1020000.0
-37.7738,144.9585,1180000.0
-37.7741,144.9703,1340000.0
-37.7554,144.9544,1410000.0
-37.7738,144.9695,1550000.0
-37.7687,144.9649,740000.0
-37.7564,144.9527,947000.0
-37.7706,144.9608,592500.0
-37.7639,144.966,1317000.0
-37.7775,144.9607,370000.0
-37.759,144.9597,765000.0
-37.7643,144.9584,772000.0
-37.7719,144.9661,1210000.0
-37.7745,144.9523,1755000.0
-37.7629,144.968,1073000.0
-37.7643,144.9713,1080000.0
-37.775,144.9536,945000.0
-37.7656,144.9562,755000.0
-37.768,144.9408,521500.0
-37.7514,144.9288,320000.0
-37.7564,144.9422,1190000.0
-37.7642,144.9493,942000.0
-37.7665,144.9425,471000.0
-37.7682,144.9422,473000.0
-37.769,144.9478,1200000.0
-37.764,144.9454,930000.0
-37.7586,144.9452,265000.0
-37.7659,144.9494,955000.0
-37.7581,144.9414,1350000.0
-37.7607,144.9393,380000.0
-37.7763,144.947,300000.0
-37.7589,144.9368,810000.0
-37.7594,144.9427,380000.0
-37.76300000000001,144.9439,793000.0
-37.7528,144.9368,400000.0
-37.7582,144.94,400500.0
-37.7519,144.9324,797500.0
-37.7727,144.9497,435000.0
-37.753,144.9421,920000.0
-37.7758,144.9435,1172000.0
-37.7618,144.9497,1300000.0
-37.764,144.9428,1330000.0
-37.7618,144.9455,1245000.0
-37.7613,144.9446,900000.0
-37.7634,144.9403,1205000.0
-37.7676,144.9394,380000.0
-37.7728,144.9478,1095000.0
-37.772,144.9406,680000.0
-37.7619,144.9412,711000.0
-37.7578,144.9439,910000.0
-37.7694,144.9448,1186000.0
-37.7595,144.9436,500000.0
-37.7646,144.9476,1005000.0
-37.7688,144.9421,385000.0
-37.7609,144.9425,656000.0
-37.7524,144.9347,370000.0
-37.7661,144.9422,320000.0
-37.7733,144.9491,988000.0
-37.7752,144.9463,400000.0
-37.7748,144.9483,330000.0
-37.7576,144.9348,1200000.0
-37.7741,144.9449,537000.0
-37.7525,144.9321,910000.0
-37.7675,144.939,285000.0
-37.7575,144.9402,921500.0
-37.757,144.9446,995000.0
-37.762,144.9497,901000.0
-37.7715,144.9426,1315000.0
-37.7606,144.9443,370000.0
-37.7659,144.9487,735000.0
-37.7628,144.9459,1000000.0
-37.7586,144.9433,252000.0
-37.7764,144.9479,1700000.0
-37.7604,144.9488,820000.0
-37.7686,144.9421,370000.0
-37.7543,144.9385,484000.0
-37.7652,144.9454,815000.0
-37.7747,144.9421,1150000.0
-37.7614,144.9393,351000.0
-37.7747,144.9474,1150000.0
-37.766,144.9439,598000.0
-37.7647,144.9412,497000.0
-37.7643,144.9477,403000.0
-37.7577,144.9354,440000.0
-37.7552,144.9458,816000.0
-37.7583,144.9428,1585000.0
-37.7538,144.944,970000.0
-37.7599,145.0849,851000.0
-37.7608,145.0862,1300000.0
-37.7628,145.0994,1110000.0
-37.7657,145.0957,1235000.0
-37.7695,145.082,1505000.0
-37.7695,145.0869,1303000.0
-37.7683,145.0881,1336000.0
-37.7683,145.0959,880000.0
-37.7729,145.09799999999996,980000.0
-37.7813,145.102,975000.0
-37.7778,145.0901,1127000.0
-37.7689,145.099,990000.0
-37.7582,145.0889,1401000.0
-37.779,145.101,1340000.0
-37.7724,145.1033,1225000.0
-37.7697,145.0871,1490000.0
-37.7607,145.0853,1250000.0
-37.778,145.0913,1002000.0
-37.7606,145.0932,1260000.0
-37.7733,145.0901,905000.0
-37.7644,145.0886,1400000.0
-37.7679,145.0958,1085000.0
-37.7621,145.086,1300000.0
-37.7792,145.0903,787000.0
-37.7615,145.0897,1280000.0
-37.7711,145.0928,1075000.0
-37.7739,145.094,890000.0
-37.7698,145.083,1320000.0
-37.765,145.0933,1302000.0
-37.7765,145.1031,1050000.0
-37.7689,145.0895,1000000.0
-37.7791,145.086,1300000.0
-37.7771,145.0855,1250000.0
-37.7786,145.0945,976000.0
-37.7739,145.0962,980000.0
-37.7798,145.1023,812500.0
-37.7674,145.0988,990000.0
-37.7735,145.088,1244000.0
-37.7743,145.0863,1100000.0
-37.7569,145.0913,1475000.0
-37.7624,145.0961,1140000.0
-37.7609,145.0869,833000.0
-37.7679,145.0978,903000.0
-37.7781,145.0901,1351000.0
-37.7762,145.0958,1060000.0
-37.7712,145.097,1063000.0
-37.848,145.09799999999996,1590000.0
-37.851,145.1169,1390000.0
-37.8562,145.1104,1300000.0
-37.8538,145.127,1890000.0
-37.8516,145.1056,1022500.0
-37.8561,145.1054,1250000.0
-37.8551,145.1121,1151000.0
-37.854,145.1195,1755000.0
-37.8473,145.1203,686000.0
-37.8489,145.1093,1300000.0
-37.8525,145.1198,1160000.0
-37.842,145.102,2000000.0
-37.8544,145.1114,790000.0
-37.8494,145.1291,1682000.0
-37.8561,145.0962,625000.0
-37.8525,145.0973,780000.0
-37.8509,145.11700000000005,1342000.0
-37.8516,145.1179,1782800.0
-37.8509,145.1161,1468000.0
-37.8509,145.1119,650000.0
-37.8528,145.1129,1060000.0
-37.8599,145.1101,1255000.0
-37.856,145.1196,900000.0
-37.8454,145.0971,633000.0
-37.856,145.1104,1070500.0
-37.8495,145.1282,1175000.0
-37.8474,145.0988,1521000.0
-37.8444,145.1054,1350000.0
-37.8522,145.1312,752000.0
-37.8542,145.1138,570000.0
-37.8529,145.0962,1460000.0
-37.8521,145.1187,745000.0
-37.8454,145.0974,2150000.0
-37.8505,145.1065,746000.0
-37.8445,145.1011,1540000.0
-37.8484,145.1013,1145000.0
-37.8535,145.1139,1410000.0
-37.8562,145.1075,640000.0
-37.8463,145.102,1800000.0
-37.8597,145.1084,1270000.0
-37.8459,145.1041,900000.0
-37.8593,145.1101,1250000.0
-37.8552,145.1292,1410000.0
-37.8525,145.1154,1100000.0
-37.8601,145.1007,1485000.0
-37.8529,145.1222,2068000.0
-37.855,145.118,1000000.0
-37.8507,145.109,800000.0
-37.8554,145.1089,702000.0
-37.8286,145.0686,2650000.0
-37.8435,145.0695,1615000.0
-37.8496,145.0869,3225000.0
-37.8231,145.0585,1017000.0
-37.8459,145.088,729000.0
-37.8386,145.067,2600000.0
-37.8365,145.0802,1650000.0
-37.842,145.0888,2860000.0
-37.8448,145.0723,950000.0
-37.8347,145.05700000000004,615000.0
-37.8457,145.0611,1987000.0
-37.8357,145.0697,683000.0
-37.8431,145.0962,1690000.0
-37.8493,145.0877,430000.0
-37.8469,145.0589,717000.0
-37.8433,145.0695,1300000.0
-37.8382,145.0904,2950000.0
-37.8237,145.0638,2600000.0
-37.8426,145.0943,2325000.0
-37.8479,145.0958,435000.0
-37.8452,145.0959,892000.0
-37.8314,145.0611,900400.0
-37.8274,145.0688,2090000.0
-37.842,145.0542,1250000.0
-37.8459,145.0644,2000000.0
-37.8367,145.0934,1302000.0
-37.8446,145.06799999999996,1430000.0
-37.8436,145.0581,1622000.0
-37.8255,145.0592,502000.0
-37.8479,145.0958,435000.0
-37.8439,145.0718,620000.0
-37.84,145.0548,2000000.0
-37.8255,145.0592,591000.0
-37.8424,145.0639,2608000.0
-37.8482,145.0949,1780000.0
-37.841,145.0824,2250000.0
-37.8465,145.0743,895000.0
-37.8349,145.0758,1800000.0
-37.836,145.0914,1400000.0
-37.832,145.0599,693000.0
-37.8438,145.066,900000.0
-37.8442,145.0578,2700000.0
-37.8491,145.086,530000.0
-37.8442,145.0668,805000.0
-37.8405,145.0903,2228000.0
-37.8489,145.088,930000.0
-37.847,145.0672,590000.0
-37.8238,145.0624,4760000.0
-37.8448,145.071,1602500.0
-37.8447,145.0916,1515000.0
-37.8233,145.0644,1800000.0
-37.8361,145.0599,530000.0
-37.8316,145.06799999999996,558000.0
-37.8357,145.0786,1185000.0
-37.8454,145.0707,2177000.0
-37.8408,145.0905,2155000.0
-37.8437,145.0623,3400000.0
-37.8393,145.0662,1470000.0
-37.8439,145.0662,820000.0
-37.8379,145.0849,2105000.0
-37.8362,145.064,1625000.0
-37.8328,145.0679,1750000.0
-37.831,145.0621,3300000.0
-37.8355,145.0633,667000.0
-37.8459,145.0721,2800000.0
-37.8336,145.0612,1175000.0
-37.8406,145.0545,775000.0
-37.8456,145.0865,2220000.0
-37.8441,145.0806,2015000.0
-37.8434,145.08100000000005,700000.0
-37.8344,145.0818,1700000.0
-37.8244,145.064,3225000.0
-37.8357,145.0595,810000.0
-37.8422,145.064,3320000.0
-37.8437,145.069,2125000.0
-37.8458,145.0611,2030000.0
-37.8325,145.0649,2750000.0
-37.836,145.056,2000000.0
-37.8399,145.0912,706000.0
-37.8303,145.0668,2250000.0
-37.8421,145.0719,2740000.0
-37.8186,145.0706,2950000.0
-37.8265,145.072,1587500.0
-37.822,145.0864,1550000.0
-37.8295,145.0774,765000.0
-37.8264,145.0824,830000.0
-37.8292,145.0852,2375000.0
-37.8181,145.0668,2900000.0
-37.8264,145.0741,2200000.0
-37.8266,145.0849,2620000.0
-37.8326,145.08100000000005,1305000.0
-37.8215,145.0731,4350000.0
-37.8233,145.0769,928000.0
-37.8317,145.0738,2930000.0
-37.8323,145.0842,2950000.0
-37.8183,145.0667,3800000.0
-37.8205,145.0828,722000.0
-37.8252,145.0721,2350000.0
-37.8227,145.0845,1680000.0
-37.827,145.0737,1640000.0
-37.826,145.0729,1680000.0
-37.832,145.0853,3550000.0
-37.826,145.0734,1385000.0
-37.8184,145.0702,3400000.0
-37.8257,145.0856,690500.0
-37.8206,145.0785,1850000.0
-37.8234,145.0731,736000.0
-37.8207,145.0854,1843000.0
-37.8236,145.0729,685000.0
-37.8213,145.079,1800000.0
-37.8273,145.0786,1800000.0
-37.8266,145.072,3145000.0
-37.8206,145.0678,1742000.0
-37.8273,145.0752,1420000.0
-37.8291,145.0826,1016000.0
-37.7871,144.9766,1330000.0
-37.7821,144.9753,1540000.0
-37.7893,144.9696,1425000.0
-37.7844,144.972,1725000.0
-37.7824,144.9733,1280000.0
-37.7811,144.9715,2950000.0
-37.7808,144.9736,2175000.0
-37.784,144.9715,765000.0
-37.7852,144.9719,800000.0
-37.786,144.9704,1301000.0
-37.7816,144.9714,2718000.0
-37.7851,144.9723,468000.0
-37.7875,144.9759,2400000.0
-37.7847,144.9741,2210000.0
-37.7904,144.9726,1330000.0
-37.7805,144.9721,2520000.0
-37.7885,144.9757,1214000.0
-37.786,144.9751,1955000.0
-37.7907,144.9691,390000.0
-37.7888,144.9698,885000.0
-37.7879,144.9736,2050000.0
-37.7879,144.9759,910000.0
-37.7911,144.9688,880000.0
-37.7804,144.9748,1950000.0
-37.7846,144.9704,1280000.0
-37.7798,144.9707,437000.0
-37.7828,144.9702,1150000.0
-37.7813,144.9773,520000.0
-37.7902,144.97,570000.0
-37.897,145.0623,820000.0
-37.8911,145.0539,795000.0
-37.897,145.0593,600000.0
-37.8876,145.0502,1295000.0
-37.8877,145.0507,1275000.0
-37.8982,145.0461,1620000.0
-37.8912,145.0644,510000.0
-37.8875,145.0599,255000.0
-37.8957,145.0528,890000.0
-37.8965,145.0618,346000.0
-37.8972,145.0642,860000.0
-37.9003,145.0634,586000.0
-37.8863,145.066,772000.0
-37.8934,145.0633,1506000.0
-37.8972,145.0642,675000.0
-37.8893,145.0589,525000.0
-37.8858,145.0632,290000.0
-37.8982,145.0625,363000.0
-37.9032,145.0555,360000.0
-37.8973,145.053,967500.0
-37.8881,145.0537,1350000.0
-37.889,145.0533,516000.0
-37.8888,145.0533,330000.0
-37.8945,145.0648,1600000.0
-37.8988,145.0516,1170000.0
-37.8983,145.0627,260000.0
-37.8974,145.0539,1008000.0
-37.8967,145.0627,625000.0
-37.8881,145.0535,700000.0
-37.8971,145.0597,545000.0
-37.8977,145.0493,1170000.0
-37.8931,145.0479,1830000.0
-37.8982,145.0625,250000.0
-37.8982,145.0488,930000.0
-37.8881,145.0558,465000.0
-37.8909,145.0648,1646000.0
-37.8936,145.056,460000.0
-37.8925,145.0541,1550000.0
-37.892,145.0482,707000.0
-37.9,145.0548,804000.0
-37.8937,145.0648,1200000.0
-37.9037,145.0588,1501000.0
-37.88800000000001,145.0505,950000.0
-37.8933,145.0546,970000.0
-37.8968,145.0609,345000.0
-37.8856,145.0599,817500.0
-37.8955,145.0515,1450000.0
-37.8905,145.0518,1000000.0
-37.8886,145.05200000000005,855000.0
-37.8973,145.0625,675000.0
-37.89,145.0559,588000.0
-37.8897,145.0524,455000.0
-37.8893,145.0589,602500.0
-37.8873,145.0572,662000.0
-37.8934,145.0599,1420000.0
-37.8974,145.0622,920000.0
-37.9031,145.0578,1287000.0
-37.8873,145.0559,656000.0
-37.8864,145.0561,930000.0
-37.8889,145.048,415000.0
-37.8978,145.062,650000.0
-37.8953,145.0567,1360000.0
-37.8957,145.0599,380000.0
-37.8987,145.0557,765000.0
-37.8972,145.0617,1423000.0
-37.8957,145.0487,1900000.0
-37.8854,145.0636,907000.0
-37.8894,145.0508,350000.0
-37.9023,145.0568,1430000.0
-37.8867,145.0653,983500.0
-37.8871,145.05200000000005,1490000.0
-37.8873,145.0572,572000.0
-37.8927,145.0644,990000.0
-37.8978,145.0506,1100000.0
-37.8993,145.0528,1125000.0
-37.8959,145.06,601000.0
-37.9011,145.05100000000004,1410000.0
-37.8843,145.0531,405000.0
-37.8916,145.0543,1655000.0
-37.8922,145.0544,1910000.0
-37.8889,145.0495,808000.0
-37.8896,145.0492,1252000.0
-37.8959,145.0639,370000.0
-37.8975,145.0478,1880000.0
-37.898,145.0528,896000.0
-37.8868,145.0625,1802100.0
-37.8973,145.0596,585000.0
-37.8999,145.0575,450000.0
-37.8927,145.0539,737000.0
-37.8978,145.0624,860000.0
-37.8956,145.0613,605000.0
-37.891,145.0636,1300000.0
-37.8869,145.0628,1518000.0
-37.8946,145.0588,632500.0
-37.8986,145.0567,435000.0
-37.8936,145.056,468250.0
-37.9007,145.047,1716000.0
-37.886,145.0659,270000.0
-37.8887,145.048,365000.0
-37.8894,145.0508,340000.0
-37.8865,145.0302,722500.0
-37.8864,145.0326,1600000.0
-37.8849,145.0341,1665000.0
-37.8866,145.0322,323000.0
-37.8852,145.024,550000.0
-37.8862,145.0175,638000.0
-37.8864,145.0242,131000.0
-37.885,145.0189,1090000.0
-37.8678,145.02700000000004,1365000.0
-37.8629,145.019,1750000.0
-37.8607,145.0116,580000.0
-37.8694,145.0296,2005000.0
-37.8694,145.0246,523000.0
-37.861,145.0136,420000.0
-37.8744,145.0371,290000.0
-37.8607,145.0112,608000.0
-37.8625,145.0103,570000.0
-37.8681,145.0258,520500.0
-37.868,145.0269,1400000.0
-37.8672,145.0225,2830000.0
-37.8607,145.0116,722000.0
-37.8647,145.0232,450000.0
-37.8622,145.0112,1870000.0
-37.8607,145.0116,622000.0
-37.8686,145.0239,536000.0
-37.8696,145.0323,2625000.0
-37.8652,145.0198,570000.0
-37.8609,145.0126,550000.0
-37.8698,145.0325,2170000.0
-37.8896,145.0307,1577500.0
-37.8874,145.019,1460000.0
-37.8961,145.0132,275500.0
-37.895,145.02200000000005,1065000.0
-37.8906,145.0224,1470000.0
-37.9002,145.02700000000004,1012000.0
-37.8997,145.0168,599000.0
-37.8965,145.0269,1160500.0
-37.8912,145.0289,650000.0
-37.8898,145.0196,1170000.0
-37.8906,145.0221,1314000.0
-37.8887,145.0318,1030000.0
-37.8958,145.0215,1225000.0
-37.8893,145.0161,1450000.0
-37.8993,145.0254,1774500.0
-37.8974,145.0294,525500.0
-37.8923,145.0177,1960000.0
-37.8995,145.0241,825000.0
-37.8901,145.0224,1262000.0
-37.8891,145.0294,1110000.0
-37.8957,145.0196,1410000.0
-37.8936,145.0366,1303500.0
-37.8967,145.0313,1115000.0
-37.8928,145.0149,1340000.0
-37.9027,145.0322,1200000.0
-37.8889,145.0151,1570000.0
-37.8887,145.0207,1001000.0
-37.8893,145.0196,1330000.0
-37.8943,145.0145,290000.0
-37.9012,145.035,1570000.0
-37.8894,145.0145,1916000.0
-37.8996,145.0169,500000.0
-37.8786,145.1015,752000.0
-37.8891,145.1002,1507000.0
-37.8801,145.1051,890000.0
-37.8738,145.1054,700000.0
-37.8784,145.0958,1000000.0
-37.8796,145.1044,865000.0
-37.8805,145.105,1042500.0
-37.8792,145.0948,1002000.0
-37.8805,145.0978,992000.0
-37.8859,145.0934,650000.0
-37.8742,145.105,965000.0
-37.8837,145.106,920000.0
-37.8812,145.105,1301000.0
-37.8738,145.1095,1415500.0
-37.8859,145.0979,705000.0
-37.8845,145.1027,1260000.0
-37.8746,145.1071,1460000.0
-37.8838,145.102,1000000.0
-37.8824,145.1042,845000.0
-37.8781,145.0955,881000.0
-37.7902,144.9894,1270000.0
-37.7934,144.9922,780000.0
-37.7899,144.9984,1060000.0
-37.7934,144.9923,930000.0
-37.7898,144.9903,1420000.0
-37.7928,144.9987,1075000.0
-37.7927,144.9981,1105000.0
-37.7919,144.9884,1209000.0
-37.7897,144.9992,3010000.0
-37.7918,144.997,1435000.0
-37.7924,145.0002,1417000.0
-37.7912,144.9967,1290000.0
-37.7917,144.9902,1226000.0
-37.7875,145.0049,495000.0
-37.7873,144.9958,325000.0
-37.7921,144.9898,1370000.0
-37.787,144.9988,1620000.0
-37.7928,145.0021,1180000.0
-37.7882,144.9984,1405000.0
-37.7923,144.9858,880000.0
-37.7892,144.9999,1450000.0
-37.7936,144.995,856000.0
-37.7937,144.9983,885500.0
-37.7884,145.0,1680000.0
-37.7898,144.9957,730000.0
-37.7946,144.9989,825000.0
-37.7931,144.9938,533000.0
-37.7912,144.9963,1430000.0
-37.7885,144.9994,1506000.0
-37.7925,144.9877,1150000.0
-37.7921,144.9858,1360000.0
-37.7873,144.9961,640000.0
-37.735,144.9589,850000.0
-37.7427,144.952,784000.0
-37.7391,144.9812,680000.0
-37.7456,144.9696,1221000.0
-37.7546,144.9713,807000.0
-37.7435,144.9507,790000.0
-37.7374,144.9617,955000.0
-37.7382,144.97299999999996,675000.0
-37.7494,144.9686,1010000.0
-37.7493,144.9559,1202000.0
-37.7549,144.9611,1370000.0
-37.7358,144.9801,550000.0
-37.744,144.9501,1000000.0
-37.7364,144.96,935500.0
-37.7517,144.9699,2250000.0
-37.7555,144.9658,145000.0
-37.7363,144.9507,905000.0
-37.7416,144.9582,860000.0
-37.7508,144.9608,953000.0
-37.7429,144.952,735000.0
-37.7372,144.9764,550000.0
-37.7432,144.9474,1100000.0
-37.735,144.9581,947000.0
-37.7405,144.9644,500000.0
-37.7546,144.9713,865000.0
-37.7527,144.9522,466000.0
-37.7546,144.9713,740000.0
-37.7561,144.9718,812000.0
-37.7561,144.9716,766000.0
-37.7561,144.9715,825000.0
-37.7359,144.9711,1131000.0
-37.7478,144.9583,1064000.0
-37.7466,144.9482,610000.0
-37.7544,144.9764,1210000.0
-37.7405,144.9644,434000.0
-37.7422,144.9606,653000.0
-37.7403,144.9491,640000.0
-37.7402,144.9807,820000.0
-37.7433,144.9762,1250000.0
-37.7376,144.9726,1335000.0
-37.7523,144.9725,1900000.0
-37.753,144.9485,1090000.0
-37.7379,144.9623,1130000.0
-37.7402,144.9607,1145000.0
-37.7427,144.9711,657000.0
-37.7517,144.963,763000.0
-37.7484,144.9521,903000.0
-37.75,144.9695,1000000.0
-37.7529,144.9534,1742000.0
-37.7525,144.94799999999995,865000.0
-37.7367,144.9701,485000.0
-37.7464,144.959,1278000.0
-37.7458,144.9751,590000.0
-37.7337,144.9548,1000000.0
-37.7372,144.9764,590000.0
-37.7504,144.9537,1030000.0
-37.7501,144.96200000000005,1136000.0
-37.7516,144.9623,635000.0
-37.7359,144.9502,1061000.0
-37.7431,144.95600000000005,1155000.0
-37.7362,144.9714,650000.0
-37.7477,144.9483,1286000.0
-37.7493,144.9701,885000.0
-37.7436,144.96200000000005,1160000.0
-37.7432,144.9481,1400000.0
-37.7379,144.9683,470000.0
-37.7471,144.9579,1260000.0
-37.7464,144.9676,920000.0
-37.734,144.9603,841000.0
-37.7435,144.9563,537500.0
-37.7543,144.9717,1130000.0
-37.7379,144.9617,598000.0
-37.7481,144.9663,1120000.0
-37.735,144.9558,870000.0
-37.7448,144.9478,680000.0
-37.7554,144.9648,482500.0
-37.7459,144.9773,825000.0
-37.7539,144.9612,725000.0
-37.7537,144.9766,1250000.0
-37.7505,144.9725,1008000.0
-37.7474,144.9621,599000.0
-37.7509,144.9696,860000.0
-37.7537,144.9532,990000.0
-37.752,144.954,451000.0
-37.7404,144.9559,635000.0
-37.7492,144.969,1020000.0
-37.7494,144.9681,967000.0
-37.7408,144.9558,1025000.0
-37.7406,144.9555,700000.0
-37.7382,144.9563,1130000.0
-37.7376,144.9638,835000.0
-37.7473,144.9528,1075000.0
-37.74800000000001,144.9603,845000.0
-37.736,144.9665,600000.0
-37.7535,144.9779,1461000.0
-37.7456,144.9469,1150000.0
-37.7474,144.9608,515000.0
-37.7366,144.9564,770000.0
-37.747,144.9515,472000.0
-37.7445,144.9471,901000.0
-37.7477,144.9647,642000.0
-37.7519,144.9721,605000.0
-37.7454,144.9487,687000.0
-37.74800000000001,144.9602,975000.0
-37.7434,144.9697,985000.0
-37.7388,144.9529,835000.0
-37.743,144.95600000000005,951000.0
-37.7493,144.97799999999995,1370000.0
-37.74,144.9516,700000.0
-37.7461,144.9584,810000.0
-37.7336,144.9597,445000.0
-37.7369,144.9637,838000.0
-37.7489,144.9598,810000.0
-37.7531,144.9504,1150000.0
-37.7432,144.9768,931000.0
-37.7463,144.9635,241000.0
-37.7534,144.9679,1331000.0
-37.7373,144.9825,1007000.0
-37.7493,144.97,981000.0
-37.7367,144.9701,570000.0
-37.7424,144.961,500000.0
-37.7384,144.9617,830000.0
-37.7443,144.9494,1194500.0
-37.7363,144.9723,425000.0
-37.7517,144.9795,645000.0
-37.7246,144.9828,895000.0
-37.7305,144.9803,655000.0
-37.7297,144.9645,631000.0
-37.7295,144.9641,600000.0
-37.7329,144.9721,820000.0
-37.7308,144.9832,715000.0
-37.7303,144.9773,735000.0
-37.7283,144.969,864000.0
-37.7201,144.9696,700000.0
-37.7271,144.9842,735000.0
-37.721,144.9527,591000.0
-37.7205,144.9659,860000.0
-37.723,144.96,765000.0
-37.7307,144.9826,625000.0
-37.732,144.9832,745000.0
-37.7266,144.9823,1050000.0
-37.7269,144.9654,782000.0
-37.7297,144.9654,935000.0
-37.7197,144.9585,1009000.0
-37.7276,144.9688,820000.0
-37.7215,144.9533,780000.0
-37.7305,144.9605,707000.0
-37.728,144.963,772000.0
-37.7316,144.9789,745000.0
-37.73,144.9629,532500.0
-37.7305,144.9809,750000.0
-37.7295,144.982,815000.0
-37.7323,144.9833,637000.0
-37.7308,144.9836,950000.0
-37.7297,144.9648,780000.0
-37.734,144.9728,860000.0
-37.7302,144.9816,1172000.0
-37.7187,144.9564,530000.0
-37.7263,144.9843,570000.0
-37.7284,144.9843,2000000.0
-37.7351,144.9833,650000.0
-37.7242,144.9612,792000.0
-37.7236,144.9576,720000.0
-37.7307,144.9704,970000.0
-37.7968,144.9891,750000.0
-37.7974,144.9915,890000.0
-37.8042,144.9845,1260000.0
-37.8042,144.9845,855000.0
-37.7962,144.9866,1260000.0
-37.7969,144.9885,1320000.0
-37.7969,144.9905,1430000.0
-37.8083,144.9908,1125000.0
-37.8035,144.985,950000.0
-37.8035,144.985,910000.0
-37.802,144.9848,452000.0
-37.802,144.9854,440000.0
-37.809,144.9911,415000.0
-37.7948,144.9861,1015000.0
-37.809,144.9911,372000.0
-37.8032,144.9842,1326000.0
-37.8006,144.9925,910000.0
-37.8042,144.9845,1230000.0
-37.7953,144.9882,855000.0
-37.796,144.9911,457000.0
-37.7961,144.9873,897500.0
-37.8035,144.985,865000.0
-37.7985,144.9883,1265000.0
-37.8067,144.984,1260000.0
-37.7948,144.9875,1075000.0
-37.8037,144.9846,1470000.0
-37.796,144.9911,366000.0
-37.8035,144.985,461000.0
-37.7964,144.9923,981000.0
-37.8035,144.985,683000.0
-37.7968,144.9924,1470000.0
-37.7976,144.993,670000.0
-37.8019,144.9845,430000.0
-37.802,144.9848,515000.0
-37.7962,144.9887,1000000.0
-37.7961,144.9874,887500.0
-37.7954,144.9868,713500.0
-37.8042,144.9845,1500000.0
-37.8046,144.984,672000.0
-37.8035,144.985,1215000.0
-37.8026,144.9848,800000.0
-37.8046,144.9858,1645000.0
-37.7988,144.9912,450000.0
-37.8035,144.985,860000.0
-37.7779,145.127,1924500.0
-37.7887,145.1438,492500.0
-37.7942,145.1218,1403000.0
-37.7891,145.1073,1408000.0
-37.7915,145.1258,855000.0
-37.7912,145.1248,1450000.0
-37.7791,145.1328,1461800.0
-37.7827,145.1358,1396000.0
-37.7722,145.1309,1535000.0
-37.781,145.1036,1125000.0
-37.7862,145.1235,700000.0
-37.794,145.1178,1152000.0
-37.7869,145.1183,1868000.0
-37.7798,145.1319,920000.0
-37.7815,145.1279,1050000.0
-37.7929,145.1338,910000.0
-37.7772,145.1157,1850000.0
-37.7912,145.1127,1225000.0
-37.778,145.1173,1316000.0
-37.7868,145.1223,400000.0
-37.7752,145.1317,1400000.0
-37.7808,145.1185,2168000.0
-37.782,145.1194,1430000.0
-37.7955,145.139,1250000.0
-37.7776,145.1267,772000.0
-37.7738,145.1308,2000000.0
-37.7946,145.1375,1300000.0
-37.7939,145.1392,1468000.0
-37.79,145.1309,1275000.0
-37.7856,145.1374,1200000.0
-37.7826,145.1274,655000.0
-37.7934,145.1336,1310000.0
-37.7743,145.1093,753000.0
-37.7735,145.1044,1250000.0
-37.7915,145.1224,1140000.0
-37.7807,145.1193,1180000.0
-37.7863,145.106,746000.0
-37.7892,145.131,1485000.0
-37.7816,145.1066,1190000.0
-37.792,145.1077,900000.0
-37.7813,145.1318,1250000.0
-37.7848,145.1029,1030000.0
-37.7888,145.138,985000.0
-37.7827,145.1051,1300000.0
-37.7874,145.1043,522500.0
-37.7903,145.1107,1510000.0
-37.78,145.1145,1460000.0
-37.7814,145.1273,958000.0
-37.7795,145.1294,1462500.0
-37.7927,145.1386,1430000.0
-37.7887,145.1086,1350000.0
-37.7902,145.1344,1250000.0
-37.7856,145.1088,1460800.0
-37.7798,145.1368,1152500.0
-37.7863,145.1105,1650000.0
-37.7753,145.1114,1474000.0
-37.7882,145.1315,800000.0
-37.7934,145.1207,1391000.0
-37.7887,145.1436,452000.0
-37.7932,145.1123,1322000.0
-37.7881,145.1371,1102200.0
-37.7785,145.1212,1401000.0
-37.7739,145.1287,1782000.0
-37.7809,145.1061,735000.0
-37.7954,145.1379,1520000.0
-37.7933,145.1417,990000.0
-37.7945,145.1172,1020000.0
-37.7901,145.1341,878000.0
-37.7932,145.1275,973500.0
-37.7749,145.1138,751800.0
-37.7765,145.11700000000005,1100000.0
-37.7794,145.1224,1202000.0
-37.7894,145.1333,1362000.0
-37.7781,145.1337,1810000.0
-37.7837,145.1027,826000.0
-37.7774,145.1205,900000.0
-37.7942,145.1256,888000.0
-37.7674,145.0518,1901000.0
-37.7594,145.0594,1650000.0
-37.7666,145.0591,1816000.0
-37.7612,145.0663,525000.0
-37.7615,145.0705,2050000.0
-37.7659,145.0585,1930000.0
-37.7676,145.0597,2850000.0
-37.7612,145.0676,2600000.0
-37.7669,145.0521,600000.0
-37.7618,145.0649,1601000.0
-37.7585,145.0568,1100000.0
-37.769,145.0616,2550000.0
-37.7623,145.0569,1190000.0
-37.765,145.0646,2012000.0
-37.7652,145.0687,2309000.0
-37.8845,144.999,900000.0
-37.8912,145.0138,1625000.0
-37.8829,145.0129,906000.0
-37.8852,144.9997,1100000.0
-37.8904,145.013,930000.0
-37.8885,145.0133,1755000.0
-37.8916,145.0123,1400000.0
-37.8922,145.0112,1240000.0
-37.8951,145.0085,700000.0
-37.8857,145.0136,591000.0
-37.8838,145.0095,537000.0
-37.8833,145.0118,1805000.0
-37.8847,144.9992,800000.0
-37.8859,144.9994,965000.0
-37.8887,145.0046,1160000.0
-37.8858,145.0012,820000.0
-37.883,145.0043,2600000.0
-37.8824,145.0133,900000.0
-37.8879,145.0134,1390000.0
-37.8961,145.0125,1071000.0
-37.8789,145.0048,1800000.0
-37.8817,145.0126,2345000.0
-37.8829,145.0033,741000.0
-37.8889,145.0043,626000.0
-37.8807,145.0005,2160000.0
-37.8844,145.0117,3000000.0
-37.8831,145.0127,1500000.0
-37.883,144.999,1650000.0
-37.8861,145.0014,850000.0
-37.8813,145.0063,1750000.0
-37.8832,145.0133,1450000.0
-37.8871,145.0081,2806000.0
-37.8921,145.0106,782000.0
-37.8855,145.001,1007000.0
-37.892,145.00799999999995,1450000.0
-37.8822,144.9994,500000.0
-37.8897,145.00799999999995,2600000.0
-37.8849,144.9993,895000.0
-37.8868,145.0,751000.0
-37.8891,145.0102,2050000.0
-37.8831,145.0153,1605000.0
-37.8863,144.9996,410000.0
-37.8889,145.0043,577000.0
-37.8761,144.9871,520000.0
-37.8831,144.9801,1350000.0
-37.882,144.9785,392500.0
-37.8752,144.9911,507000.0
-37.8802,144.9942,525000.0
-37.8787,144.985,2116000.0
-37.8791,144.9923,750000.0
-37.8857,144.9884,510000.0
-37.8808,144.9847,599999.0
-37.8749,144.9842,300000.0
-37.8829,144.9797,1395000.0
-37.8725,144.9848,855000.0
-37.8831,144.9841,1050000.0
-37.8867,144.9836,955000.0
-37.881,144.9837,680000.0
-37.8846,144.9879,1911000.0
-37.8794,144.9938,790000.0
-37.8839,144.9855,550000.0
-37.8785,144.9885,357000.0
-37.8818,144.9918,685000.0
-37.8778,144.9904,1210000.0
-37.874,144.9819,825000.0
-37.881,144.9841,1050000.0
-37.8831,144.9855,632000.0
-37.885,144.991,582500.0
-37.8831,144.9918,485000.0
-37.8815,144.9903,660000.0
-37.874,144.9835,575000.0
-37.8757,144.9853,590000.0
-37.8789,144.9836,1238000.0
-37.8791,144.9923,640000.0
-37.8831,144.9896,510000.0
-37.8758,144.9874,717000.0
-37.882,144.993,1875000.0
-37.8778,144.9866,1180000.0
-37.8726,144.9846,780000.0
-37.8843,144.9917,878500.0
-37.8839,144.9831,3572000.0
-37.8844,144.9855,1015000.0
-37.8808,144.9893,940000.0
-37.8828,144.9897,630000.0
-37.875,144.9813,1700000.0
-37.8716,144.9869,686000.0
-37.8751,144.987,560000.0
-37.8809,144.9833,765000.0
-37.883,144.9916,670000.0
-37.8861,144.9877,1625000.0
-37.8744,144.9888,1122000.0
-37.8838,144.9853,559000.0
-37.8749,144.9903,369000.0
-37.8749,144.9799,525500.0
-37.8822,144.9913,2400000.0
-37.8902,144.9907,655000.0
-37.875,144.991,684000.0
-37.8895,144.9902,451000.0
-37.8761,144.9821,500000.0
-37.8811,144.9797,680000.0
-37.8715,144.9873,600000.0
-37.8767,144.9849,370000.0
-37.8861,144.9863,612000.0
-37.8758,144.9798,1561000.0
-37.8798,144.994,390000.0
-37.8766,144.991,313000.0
-37.8817,144.984,630000.0
-37.8865,144.9891,1675000.0
-37.8839,144.9848,470000.0
-37.8757,144.987,640000.0
-37.8818,144.9918,932000.0
-37.8842,144.9829,645000.0
-37.8839,144.9903,347000.0
-37.8725,144.9854,875000.0
-37.8895,144.9902,582500.0
-37.8831,144.9855,570000.0
-37.8775,144.9808,1875000.0
-37.8768,144.9905,326000.0
-37.8784,144.9864,340000.0
-37.8748,144.9778,2200000.0
-37.8828,144.9899,687500.0
-37.8753,144.9902,680000.0
-37.874,144.9903,730000.0
-37.8809,144.9947,526000.0
-37.8768,144.9845,920000.0
-37.8747,144.987,1830000.0
-37.8838,144.9853,572500.0
-37.8835,144.9873,1925000.0
-37.7585,144.9317,1425000.0
-37.7418,144.8977,660000.0
-37.7575,144.9298,550000.0
-37.7505,144.8934,980000.0
-37.7578,144.9317,1295000.0
-37.7587,144.91,1900000.0
-37.7553,144.9302,595000.0
-37.7454,144.8987,911000.0
-37.7562,144.9286,900000.0
-37.7495,144.9205,645000.0
-37.7509,144.9219,1965000.0
-37.7491,144.8917,840000.0
-37.758,144.9311,702500.0
-37.7479,144.8931,960000.0
-37.7544,144.9325,1670000.0
-37.7558,144.9073,1100000.0
-37.7493,144.9112,1800000.0
-37.7507,144.8911,1250000.0
-37.7528,144.8967,1365000.0
-37.7502,144.8923,1130000.0
-37.7569,144.9256,370000.0
-37.7532,144.9178,1467000.0
-37.7406,144.894,1315000.0
-37.7534,144.9154,2390000.0
-37.7543,144.9249,1240000.0
-37.7557,144.9222,456000.0
-37.7491,144.9002,2800000.0
-37.7447,144.9184,325000.0
-37.7504,144.9051,521000.0
-37.7531,144.9059,645000.0
-37.7527,144.8957,1160000.0
-37.7502,144.9065,445000.0
-37.7484,144.9025,2620000.0
-37.7462,144.8953,1226000.0
-37.7499,144.9127,825000.0
-37.7508,144.8937,1402000.0
-37.7393,144.8931,897000.0
-37.7456,144.9059,1240000.0
-37.7415,144.8987,1990000.0
-37.7484,144.8907,855000.0
-37.7551,144.9047,1775000.0
-37.7547,144.9107,411000.0
-37.7513,144.8925,1275000.0
-37.7527,144.9237,1800000.0
-37.7418,144.8938,1590000.0
-37.7598,144.9128,606000.0
-37.7543,144.9318,1385000.0
-37.7403,144.8989,650000.0
-37.7545,144.8964,460000.0
-37.7499,144.8927,1000000.0
-37.7545,144.9332,980000.0
-37.7486,144.9072,520000.0
-37.7421,144.8995,585000.0
-37.7465,144.8983,1295000.0
-37.7418,144.8918,720000.0
-37.7515,144.9084,732500.0
-37.7523,144.9052,1635000.0
-37.7504,144.9138,485000.0
-37.7463,144.8934,980000.0
-37.7468,144.9051,840000.0
-37.7543,144.9307,1001000.0
-37.7546,144.9134,891000.0
-37.7498,144.9048,800000.0
-37.7461,144.9173,1575000.0
-37.7475,144.9194,280000.0
-37.7439,144.9195,1467000.0
-37.754,144.92600000000004,770000.0
-37.7534,144.9242,446000.0
-37.7445,144.9133,890000.0
-37.7555,144.9118,870000.0
-37.7442,144.8934,1500000.0
-37.74,144.8941,1266000.0
-37.7571,144.9335,1134000.0
-37.7501,144.9048,1756000.0
-37.7547,144.9107,320500.0
-37.746,144.9153,650000.0
-37.7503,144.911,1065000.0
-37.7426,144.9,667000.0
-37.7434,144.9256,1610000.0
-37.7432,144.8947,1695000.0
-37.7548,144.9113,930000.0
-37.755,144.9233,1870000.0
-37.7461,144.9058,395000.0
-37.7497,144.9089,1726000.0
-37.7441,144.9041,1050000.0
-37.7442,144.9045,1470000.0
-37.7393,144.894,801500.0
-37.7444,144.9116,480000.0
-37.7508,144.9163,1475000.0
-37.7397,144.898,750000.0
-37.7554,144.9127,390000.0
-37.7494,144.921,453000.0
-37.7465,144.91,1170000.0
-37.7517,144.9086,1600000.0
-37.7523,144.9052,1535000.0
-37.7565,144.9241,1400000.0
-37.7461,144.9079,435000.0
-37.7534,144.9242,457000.0
-37.7546,144.9042,1460000.0
-37.7412,144.8974,736000.0
-37.7401,144.8923,405000.0
-37.745,144.915,450000.0
-37.7457,144.9061,740000.0
-37.7454,144.928,691000.0
-37.7558,144.9233,370000.0
-37.7582,144.9128,2355000.0
-37.7488,144.9165,1255000.0
-37.7452,144.8941,1560000.0
-37.7585,144.9316,1330000.0
-37.7417,144.8961,1625000.0
-37.7548,144.9315,1150000.0
-37.7525,144.9232,1085000.0
-37.7517,144.9018,1800000.0
-37.754,144.9209,360000.0
-37.7475,144.8959,645000.0
-37.7523,144.9221,250000.0
-37.7579,144.9114,1630000.0
-37.753,144.891,850000.0
-37.7399,144.8964,872000.0
-37.7462,144.8949,935000.0
-37.7543,144.9066,630000.0
-37.7556,144.9132,440000.0
-37.7548,144.9098,1811000.0
-37.7524,144.9074,1500000.0
-37.7541,144.9265,1290000.0
-37.7453,144.9183,1045000.0
-37.7442,144.9249,1290000.0
-37.7466,144.8941,953000.0
-37.7566,144.9155,1100000.0
-37.752,144.9079,820000.0
-37.757,144.9251,1270000.0
-37.7542,144.9117,1445000.0
-37.7509,144.8922,1113000.0
-37.7482,144.908,370000.0
-37.7489,144.9073,1505000.0
-37.7451,144.9145,590000.0
-37.7428,144.9086,396000.0
-37.7401,144.9013,1580000.0
-37.7396,144.90200000000004,393000.0
-37.7428,144.9086,260000.0
-37.7388,144.9006,1320000.0
-37.7389,144.8998,450000.0
-37.7379,144.9022,1360000.0
-37.7433,144.9074,340000.0
-37.7364,144.8977,765000.0
-37.7371,144.8973,1605000.0
-37.7374,144.9006,712000.0
-37.7376,144.8954,1425000.0
-37.7723,145.0179,1250000.0
-37.7828,145.0154,1350000.0
-37.7788,145.0203,1125000.0
-37.7698,145.0183,1064000.0
-37.7689,145.0177,1220000.0
-37.7735,145.0192,1160000.0
-37.7755,145.0178,505000.0
-37.7845,145.0105,602000.0
-37.7665,145.0175,846000.0
-37.7719,145.0195,400000.0
-37.7722,145.0178,610000.0
-37.7782,145.0162,445000.0
-37.7818,145.0161,730000.0
-37.7749,145.0242,1730000.0
-37.7762,145.0213,438000.0
-37.7728,145.026,1700000.0
-37.7781,145.0157,510000.0
-37.7839,145.0171,300000.0
-37.7674,145.0209,750000.0
-37.7706,145.0225,2350000.0
-37.7728,145.0214,1350000.0
-37.7671,145.0176,2000000.0
-37.774,145.0244,1010000.0
-37.7713,145.0196,1065000.0
-37.7697,145.0203,805000.0
-37.7696,145.0188,1055000.0
-37.7845,145.0105,548000.0
-37.7714,145.0173,1500000.0
-37.7732,145.0193,600000.0
-37.7772,145.0232,1510000.0
-37.7682,145.0209,545000.0
-37.7673,145.02100000000004,1145000.0
-37.7737,145.018,1375000.0
-37.7941,144.9802,1000000.0
-37.8029,144.975,1252000.0
-37.7941,144.9802,810000.0
-37.7988,144.9772,692000.0
-37.8048,144.9806,1780000.0
-37.8019,144.9821,947500.0
-37.8006,144.9814,1460000.0
-37.7951,144.9776,1520000.0
-37.7953,144.9775,880000.0
-37.8052,144.9739,3310000.0
-37.795,144.9806,1481000.0
-37.8003,144.9806,2200000.0
-37.7966,144.9821,1250000.0
-37.8032,144.9825,1440000.0
-37.7946,144.9765,1315000.0
-37.7999,144.9759,1950000.0
-37.7941,144.9802,597000.0
-37.799,144.9756,650000.0
-37.7974,144.9799,465000.0
-37.8004,144.9768,1620000.0
-37.803,144.9806,1600000.0
-37.8005,144.9787,850000.0
-37.7967,144.9836,790000.0
-37.7968,144.9781,1122000.0
-37.8035,144.9826,660000.0
-37.7941,144.98,1300000.0
-37.8055,144.9809,420000.0
-37.7967,144.9836,715000.0
-37.7964,144.9839,458000.0
-37.7956,144.9804,800000.0
-37.7953,144.9775,710000.0
-37.8024,144.9835,630000.0
-37.7999,144.9755,4011000.0
-37.7969,144.9759,677000.0
-37.7846,144.9785,700000.0
-37.7927,144.9796,860000.0
-37.7898,144.9794,870000.0
-37.791,144.9809,1116000.0
-37.7797,144.9861,1450000.0
-37.7903,144.9859,930000.0
-37.7846,144.9785,700000.0
-37.7851,144.9934,2170000.0
-37.7925,144.9786,358500.0
-37.7754,144.9806,1000000.0
-37.7916,144.9784,770000.0
-37.7833,144.9819,1008000.0
-37.7912,144.9825,1015000.0
-37.7835,144.9816,1371000.0
-37.7903,144.9859,1054000.0
-37.7818,144.9863,1055000.0
-37.7846,144.9785,720000.0
-37.7779,144.9862,1286000.0
-37.7892,144.9773,1655000.0
-37.7835,144.9799,1181000.0
-37.7829,144.9788,1600000.0
-37.7749,144.9864,2875000.0
-37.791,144.9779,990000.0
-37.7786,144.9818,1950000.0
-37.786,144.9864,3400000.0
-37.7815,144.9869,1785000.0
-37.7887,144.9888,1315000.0
-37.7829,144.9782,1210000.0
-37.7813,144.9834,1275000.0
-37.7739,144.9819,1141000.0
-37.7841,144.9793,1255000.0
-37.782,144.9834,1700000.0
-37.7819,144.9824,1290000.0
-37.7761,144.9792,750000.0
-37.7899,144.9869,674000.0
-37.7918,144.9824,675000.0
-37.7855,144.9789,1700000.0
-37.7823,144.9864,875000.0
-37.7923,144.9776,1080000.0
-37.7852,144.9868,1851000.0
-37.7737,144.9822,1222500.0
-37.782,144.9896,330000.0
-37.7848,144.9806,1232000.0
-37.7851,144.9784,899000.0
-37.7786,144.9846,2300000.0
-37.788,144.9791,937500.0
-37.7778,144.9824,1710000.0
-37.7794,144.9892,1600000.0
-37.7834,144.9862,1300000.0
-37.7828,144.9832,2300000.0
-37.7846,144.9785,490000.0
-37.7851,144.9809,1300000.0
-37.776,144.9832,1300000.0
-37.7835,144.9867,2150000.0
-37.7918,144.9824,775000.0
-37.7836,144.985,1581000.0
-37.7794,144.989,602000.0
-37.777,144.9838,650000.0
-37.7824,144.9801,1283000.0
-37.7839,144.9807,1450000.0
-37.783,144.9866,1325000.0
-37.7835,144.9339,865500.0
-37.7833,144.9255,365000.0
-37.7852,144.9216,380000.0
-37.7833,144.9255,425000.0
-37.7839,144.9347,280000.0
-37.7869,144.9228,870000.0
-37.7825,144.9239,391000.0
-37.7852,144.9223,715000.0
-37.7856,144.9292,1130000.0
-37.7857,144.931,1110000.0
-37.7861,144.9238,950000.0
-37.7839,144.9343,918000.0
-37.7867,144.9342,730000.0
-37.7826,144.9273,360000.0
-37.7849,144.9197,855000.0
-37.7849,144.9257,860000.0
-37.7818,144.9247,1012000.0
-37.7869,144.9253,885000.0
-37.7853,144.9235,1315000.0
-37.7837,144.9319,1700000.0
-37.7826,144.9261,1205000.0
-37.7833,144.9255,395000.0
-37.783,144.93200000000004,476000.0
-37.7854,144.9326,250000.0
-37.784,144.9356,556000.0
-37.7838,144.9273,845000.0
-37.7826,144.9311,345000.0
-37.7857,144.9305,1100000.0
-37.7847,144.9341,957000.0
-37.7867,144.9249,991000.0
-37.7866,144.9343,850000.0
-37.788,144.9306,395000.0
-37.7857,144.9244,350000.0
-37.7823,144.9278,1115000.0
-37.783,144.93200000000004,420500.0
-37.7955,144.9063,585000.0
-37.7911,144.89,85000.0
-37.7943,144.8875,1225000.0
-37.7963,144.8853,431000.0
-37.797,144.9051,1003000.0
-37.7959,144.8863,840000.0
-37.7958,144.9024,1362000.0
-37.7983,144.8911,977000.0
-37.7907,144.8924,216000.0
-37.8012,144.8921,876000.0
-37.7907,144.8924,227000.0
-37.7959,144.8989,841000.0
-37.8044,144.9064,605000.0
-37.8014,144.8959,305000.0
-37.7919,144.8854,480000.0
-37.7964,144.9027,357000.0
-37.7913,144.8879,910000.0
-37.7978,144.8918,291000.0
-37.7906,144.8856,375000.0
-37.7922,144.891,752000.0
-37.7941,144.8924,1155000.0
-37.7931,144.893,930000.0
-37.8006,144.881,490000.0
-37.7962,144.8851,853000.0
-37.7969,144.9049,1290000.0
-37.7949,144.9007,480000.0
-37.7901,144.8883,775000.0
-37.7969,144.88299999999995,900000.0
-37.7891,144.8912,281000.0
-37.7923,144.8848,1300000.0
-37.7948,144.8868,714000.0
-37.8021,144.8924,775000.0
-37.7909,144.8884,950000.0
-37.8016,144.9082,674000.0
-37.7975,144.8894,760000.0
-37.8042,144.9049,420000.0
-37.7969,144.8852,560000.0
-37.796,144.899,575000.0
-37.802,144.889,1100000.0
-37.8023,144.8915,932000.0
-37.7935,144.8893,780000.0
-37.7903,144.891,295000.0
-37.8017,144.8957,433000.0
-37.7881,144.8838,410000.0
-37.7988,144.90200000000004,1170000.0
-37.8006,144.881,375000.0
-37.7975,144.8855,615000.0
-37.8012,144.8924,747000.0
-37.8053,144.9029,275000.0
-37.7976,144.8976,1045000.0
-37.7956,144.8848,775000.0
-37.8025,144.9073,571000.0
-37.7878,144.8919,310000.0
-37.7903,144.8899,305000.0
-37.7963,144.8862,860500.0
-37.8021,144.8976,820000.0
-37.7878,144.8904,210000.0
-37.8022,144.8924,875000.0
-37.7992,144.8961,370000.0
-37.7968,144.8887,711000.0
-37.8016,144.9082,665000.0
-37.7903,144.8879,690500.0
-37.7964,144.8871,747000.0
-37.7966,144.9016,858000.0
-37.7905,144.8882,699000.0
-37.7962,144.8844,835000.0
-37.7946,144.8903,661000.0
-37.7959,144.8901,757500.0
-37.7949,144.9007,282000.0
-37.7922,144.8831,699000.0
-37.795,144.88299999999995,850000.0
-37.7899,144.893,315000.0
-37.8059,144.901,740000.0
-37.8012,144.8964,360000.0
-37.7987,144.9034,980000.0
-37.7952,144.909,561000.0
-37.789,144.8932,316000.0
-37.7969,144.9042,800000.0
-37.7988,144.9045,760000.0
-37.8001,144.8797,735000.0
-37.7946,144.8944,823000.0
-37.7943,144.8875,1225000.0
-37.789,144.8932,296000.0
-37.7942,144.8933,886500.0
-37.7942,144.8832,767500.0
-37.8006,144.9053,395000.0
-37.7914,144.8957,815000.0
-37.7987,144.8807,757000.0
-37.7958,144.9001,1450000.0
-37.7931,144.8938,745000.0
-37.7939,144.8846,716000.0
-37.854,145.0832,1735000.0
-37.8573,145.077,1699000.0
-37.8628,145.0436,3400000.0
-37.8637,145.0438,3730000.0
-37.8522,145.0893,1800000.0
-37.8513,145.0601,1998000.0
-37.8555,145.0889,671000.0
-37.853,145.0491,3110000.0
-37.8599,145.0898,1780000.0
-37.8639,145.0641,1425000.0
-37.8543,145.0889,1530000.0
-37.8646,145.0673,1900000.0
-37.8536,145.0911,1500000.0
-37.852,145.0942,1360000.0
-37.8554,145.0611,2175000.0
-37.8523,145.0726,2325000.0
-37.856,145.0691,2538000.0
-37.8552,145.082,2300000.0
-37.8567,145.0435,550000.0
-37.852,145.0942,1600000.0
-37.856,145.0705,2100000.0
-37.8501,145.059,2115000.0
-37.8602,145.0925,1700000.0
-37.8625,145.04399999999995,3500000.0
-37.8556,145.06799999999996,1750000.0
-37.8515,145.0938,967500.0
-37.8589,145.0413,2077000.0
-37.8526,145.0848,2850000.0
-37.85,145.0461,411000.0
-37.85,145.05700000000004,1222000.0
-37.8588,145.0832,1550000.0
-37.847,145.0535,1660000.0
-37.8534,145.0785,2250000.0
-37.8579,145.0736,1162000.0
-37.8667,145.0752,2020000.0
-37.863,145.0501,845000.0
-37.8597,145.0883,1510000.0
-37.8509,145.0916,2010000.0
-37.8541,145.0643,2975000.0
-37.8523,145.0936,585000.0
-37.8596,145.0871,1275000.0
-37.8552,145.05,452000.0
-37.8526,145.0853,1625000.0
-37.8566,145.0439,1800000.0
-37.8571,145.0766,1820000.0
-37.8576,145.0452,291000.0
-37.8567,145.0666,710000.0
-37.8479,145.0557,2376000.0
-37.8627,145.0402,1020000.0
-37.8541,145.0544,1456000.0
-37.8534,145.0735,1875000.0
-37.8524,145.0425,1430000.0
-37.8519,145.091,2300000.0
-37.8505,145.0459,345000.0
-37.8563,145.0709,2000000.0
-37.8628,145.0734,1550000.0
-37.8528,145.0487,1625000.0
-37.8559,145.049,480000.0
-37.8517,145.0796,585000.0
-37.8534,145.0785,1960000.0
-37.8581,145.078,1700000.0
-37.8566,145.0454,680000.0
-37.8574,145.0496,1220000.0
-37.8529,145.0605,1375000.0
-37.8577,145.0576,920000.0
-37.8547,145.0457,382000.0
-37.85,145.0465,545000.0
-37.8622,145.0634,1350000.0
-37.8541,145.05100000000004,1280000.0
-37.8552,145.0785,1825000.0
-37.8627,145.0719,2825000.0
-37.8577,145.0421,2825000.0
-37.8503,145.0586,1825000.0
-37.8588,145.0512,328000.0
-37.8561,145.0864,2016000.0
-37.8582,145.0715,3085000.0
-37.8556,145.0499,1710000.0
-37.8503,145.0754,1770000.0
-37.8505,145.0852,1765000.0
-37.8517,145.0459,511000.0
-37.8581,145.0685,2000000.0
-37.858,145.0696,1600000.0
-37.8489,145.0711,1880000.0
-37.859,145.0656,2352500.0
-37.8563,145.072,3860000.0
-37.8538,145.0641,2625000.0
-37.8566,145.0553,856500.0
-37.8572,145.0555,1650000.0
-37.8506,145.0465,600000.0
-37.863,145.0631,690000.0
-37.8628,145.0486,1200000.0
-37.8476,145.0554,3010000.0
-37.8488,145.0573,785000.0
-37.8561,145.0934,1950000.0
-37.8553,145.0711,2200000.0
-37.8542,145.0733,1751000.0
-37.8536,145.0547,1857000.0
-37.8597,145.0571,375000.0
-37.8468,145.0515,720000.0
-37.8471,145.05100000000004,1500000.0
-37.8521,145.0657,2725000.0
-37.8464,145.0511,1723000.0
-37.8572,145.0423,529500.0
-37.8575,145.0554,2800000.0
-37.8538,145.0842,1665000.0
-37.8555,145.0518,600000.0
-37.8578,145.0919,1420000.0
-37.8531,145.086,1550000.0
-37.8592,145.0484,420000.0
-37.8573,145.0904,1920000.0
-37.8478,145.0566,2100000.0
-37.8515,145.0922,2410000.0
-37.8516,145.061,2100000.0
-37.8509,145.0856,2950000.0
-37.8497,145.0466,390000.0
-37.8649,145.0547,3365000.0
-37.8578,145.06799999999996,1390000.0
-37.8523,145.0603,1802000.0
-37.8539,145.0702,1310000.0
-37.8547,145.0771,1931000.0
-37.8583,145.0726,2000000.0
-37.8511,145.0428,1250000.0
-37.8529,145.0806,2400000.0
-37.8578,145.0537,460000.0
-37.6972,144.9431,610000.0
-37.6979,144.9335,610000.0
-37.6969,144.9299,555000.0
-37.7088,144.9356,500000.0
-37.6988,144.9372,806500.0
-37.7095,144.9253,1150000.0
-37.7088,144.92600000000004,850000.0
-37.6964,144.9314,550000.0
-37.6988,144.9438,822000.0
-37.7115,144.9147,980000.0
-37.7062,144.9261,670000.0
-37.7072,144.9252,430000.0
-37.7126,144.9122,852500.0
-37.712,144.9127,1025000.0
-37.7082,144.9178,540000.0
-37.6978,144.9276,530000.0
-37.7102,144.9362,721000.0
-37.6986,144.9243,737000.0
-37.6953,144.9397,575500.0
-37.6999,144.9387,600000.0
-37.702,144.9507,460000.0
-37.6977,144.9149,370000.0
-37.7065,144.9374,691000.0
-37.6993,144.9393,500000.0
-37.7112,144.9142,545000.0
-37.7007,144.9378,670000.0
-37.6974,144.9326,572000.0
-37.7104,144.9088,702000.0
-37.706,144.9245,730000.0
-37.7005,144.9185,711500.0
-37.708,144.9211,820000.0
-37.7028,144.9377,810000.0
-37.711,144.9178,250000.0
-37.7001,144.9291,460000.0
-37.7,144.9427,793000.0
-37.7071,144.9176,340000.0
-37.6967,144.9313,596000.0
-37.6949,144.9122,447500.0
-37.7029,144.9053,588000.0
-37.7025,144.9504,420000.0
-37.7002,144.9428,410000.0
-37.7022,144.924,688000.0
-37.7006,144.9239,612500.0
-37.6966,144.9331,525000.0
-37.7021,144.9136,703000.0
-37.7006,144.9299,608000.0
-37.7022,144.9054,705000.0
-37.7042,144.9214,320500.0
-37.7053,144.9372,577000.0
-37.702,144.9154,230000.0
-37.7102,144.9112,607000.0
-37.6955,144.9389,765500.0
-37.7098,144.9163,470000.0
-37.7083,144.9158,482500.0
-37.7002,144.9408,580000.0
-37.7042,144.9211,434500.0
-37.7117,144.9135,620250.0
-37.6955,144.9253,710000.0
-37.7002,144.9232,630000.0
-37.7117,144.9348,420000.0
-37.7051,144.9069,600000.0
-37.7073,144.9277,550000.0
-37.6997,144.9367,460000.0
-37.6975,144.9065,600000.0
-37.7111,144.9275,1217500.0
-37.7009,144.9291,600000.0
-37.6977,144.9071,570000.0
-37.6985,144.9441,655000.0
-37.695,144.9271,500000.0
-37.7097,144.9351,762700.0
-37.7081,144.912,465000.0
-37.7067,144.9331,741250.0
-37.7072,144.9241,488500.0
-37.7004,144.9411,787500.0
-37.7076,144.9097,442000.0
-37.7063,144.9273,1000000.0
-37.7072,144.938,726335.0
-37.7005,144.9258,630000.0
-37.6967,144.9116,670000.0
-37.7074,144.9086,417000.0
-37.7047,144.9087,600000.0
-37.6952,144.9256,440000.0
-37.7119,144.9111,501000.0
-37.7019,144.9225,660000.0
-37.7048,144.9097,722000.0
-37.6972,144.9239,270000.0
-37.6979,144.9377,825000.0
-37.6969,144.9334,638000.0
-37.709,144.8925,631000.0
-37.7068,144.8963,532000.0
-37.7071,144.8959,500000.0
-37.709,144.8964,504000.0
-37.7087,144.8962,468000.0
-37.705,144.9004,802500.0
-37.7016,144.8974,709000.0
-37.7089,144.8927,700000.0
-37.7076,144.8961,485000.0
-37.704,144.8989,540000.0
-37.7091,144.8958,390000.0
-37.7062,144.8978,800000.0
-37.704,144.8984,525000.0
-37.7016,144.8974,740000.0
-37.711,144.9478,605000.0
-37.7076,144.9481,685500.0
-37.7153,144.9507,610000.0
-37.7124,144.9514,630000.0
-37.7127,144.9489,870000.0
-37.7149,144.9473,810000.0
-37.7114,144.9378,840000.0
-37.711,144.9481,585000.0
-37.7116,144.9468,772500.0
-37.7068,144.9467,465000.0
-37.7084,144.9412,719000.0
-37.7132,144.9488,487000.0
-37.7056,144.9384,700000.0
-37.7062,144.9387,600500.0
-37.7106,144.9491,730000.0
-37.7094,144.9377,800000.0
-37.7123,144.9426,918000.0
-37.715,144.9475,750000.0
-37.7077,144.9438,740000.0
-37.7098,144.9446,721000.0
-37.7157,144.9507,646000.0
-37.7073,144.9486,545000.0
-37.705,144.9469,770000.0
-37.704,144.9399,777000.0
-37.7098,144.9424,722000.0
-37.7128,144.9471,545000.0
-37.707,144.9411,510000.0
-37.7133,144.9436,542500.0
-37.7133,144.947,631500.0
-37.7149,144.9474,750074.0
-37.7079,144.9432,591000.0
-37.7107,144.9419,550000.0
-37.714,144.939,330000.0
-37.7091,144.9491,800000.0
-37.7136,144.9374,725000.0
-37.7083,144.9495,815000.0
-37.7099,144.938,715888.0
-37.7096,144.9404,650000.0
-37.707,144.9413,468000.0
-37.709,144.9434,1102000.0
-37.7128,144.9496,515000.0
-37.709,144.9483,716000.0
-37.7109,144.9389,640000.0
-37.7074,144.9407,460000.0
-37.9355,145.0008,895000.0
-37.9419,145.0019,587000.0
-37.9419,145.0152,2800000.0
-37.9387,145.0063,720000.0
-37.9389,145.0062,3250000.0
-37.9319,145.0173,2140000.0
-37.9324,145.0235,1600000.0
-37.9347,144.9963,2200000.0
-37.9338,145.0226,1003500.0
-37.939,145.0137,802000.0
-37.9386,145.0055,1500000.0
-37.9394,145.0099,1686500.0
-37.9361,145.0243,1400000.0
-37.9399,145.0204,1560000.0
-37.939,145.0219,680000.0
-37.9358,145.018,1715000.0
-37.9389,145.0186,760000.0
-37.9373,145.0027,616000.0
-37.9437,145.0175,1680000.0
-37.9438,145.0184,2520000.0
-37.9433,145.019,890000.0
-37.9395,145.0088,1120000.0
-37.9326,144.9997,3200000.0
-37.9381,145.0161,1250000.0
-37.9333,144.9977,2420000.0
-37.9429,145.0072,2000000.0
-37.9312,144.9997,2880000.0
-37.9419,145.0156,1805000.0
-37.9356,145.0166,1460000.0
-37.9428,145.0092,1403000.0
-37.9365,145.02200000000005,1682000.0
-37.9412,145.0021,1875000.0
-37.944,145.0015,2600000.0
-37.9339,145.0023,685000.0
-37.9323,145.0137,2400000.0
-37.9427,145.0085,3470000.0
-37.9348,145.0162,1615000.0
-37.9341,145.02,1450000.0
-37.9379,145.0061,786000.0
-37.9442,145.0016,742000.0
-37.9449,145.0144,1050000.0
-37.9409,145.0001,1690000.0
-37.9396,145.0156,810000.0
-37.933,144.9975,1460000.0
-37.9359,145.017,1620000.0
-37.9393,145.0226,1420000.0
-37.9379,145.0067,2400000.0
-37.9386,145.006,3075000.0
-37.9416,145.0107,3201000.0
-37.9442,145.0018,875500.0
-37.9427,145.0084,1400000.0
-37.9371,145.0035,1457500.0
-37.9332,145.0226,2600000.0
-37.9323,145.0225,1465000.0
-37.946,145.0181,1705000.0
-37.9419,145.01,1610000.0
-37.9429,145.0049,750000.0
-37.9364,145.02100000000004,1320000.0
-37.9448,145.0186,896000.0
-37.9352,145.0009,1450000.0
-37.9344,145.004,898000.0
-37.9446,145.0201,1515000.0
-37.9372,145.0101,2980000.0
-37.9336,144.9999,2200000.0
-37.9414,145.0016,500000.0
-37.9391,145.012,1100000.0
-37.9444,145.0231,800000.0
-37.9449,145.0068,3325000.0
-37.9392,145.0186,691000.0
-37.9462,145.0212,450000.0
-37.9395,145.0001,738000.0
-37.9336,144.997,1140000.0
-37.9436,145.0027,500000.0
-37.9369,145.0163,1460000.0
-37.9345,145.0,2800000.0
-37.9368,145.0242,820000.0
-37.9431,145.0118,915500.0
-37.9401,145.0083,1740000.0
-37.94,145.0151,2450000.0
-37.9315,145.0109,1800000.0
-37.9382,144.9997,2160000.0
-37.9452,145.0113,1800000.0
-37.9384,145.0002,2439500.0
-37.9407,145.0104,2250000.0
-37.9446,145.0092,2130000.0
-37.9367,145.0322,400000.0
-37.9356,145.0268,952000.0
-37.9346,145.0302,1255000.0
-37.9355,145.0257,1020000.0
-37.9431,145.0267,926000.0
-37.9428,145.0296,1070000.0
-37.9432,145.0348,801000.0
-37.9355,145.0276,1150000.0
-37.933,145.0322,472000.0
-37.9362,145.0339,1471000.0
-37.9426,145.03,830000.0
-37.9386,145.0317,1195000.0
-37.9431,145.0274,1300000.0
-37.9343,145.0303,1416000.0
-37.9405,145.0346,1200000.0
-37.9431,145.0347,865000.0
-37.8344,145.0422,1650000.0
-37.8332,145.0366,5100000.0
-37.8183,145.0371,2670000.0
-37.8157,145.0263,1480000.0
-37.8303,145.0341,348000.0
-37.8235,145.0258,320000.0
-37.8243,145.0328,1189000.0
-37.8154,145.0369,610000.0
-37.8263,145.0257,575000.0
-37.816,145.0272,600000.0
-37.8299,145.0422,492000.0
-37.8186,145.017,891000.0
-37.8249,145.0342,806000.0
-37.8153,145.0231,1155000.0
-37.8155,145.019,2000000.0
-37.8287,145.035,500000.0
-37.8186,145.017,753000.0
-37.8177,145.0424,330000.0
-37.8214,145.0437,1420000.0
-37.8258,145.0446,956000.0
-37.8261,145.0349,418000.0
-37.8216,145.0343,495000.0
-37.8265,145.0257,525000.0
-37.8294,145.0382,292000.0
-37.8248,145.0282,430000.0
-37.8272,145.0444,365000.0
-37.8143,145.0322,580000.0
-37.8236,145.0425,1300000.0
-37.8173,145.0252,1300000.0
-37.8213,145.0291,575000.0
-37.8276,145.0342,335000.0
-37.8192,145.0385,440000.0
-37.8144,145.0153,1000000.0
-37.8187,145.0272,2610000.0
-37.8155,145.0385,1741000.0
-37.8281,145.0391,2325000.0
-37.8258,145.0446,545000.0
-37.8343,145.0364,655000.0
-37.8251,145.0385,2920000.0
-37.8272,145.0343,488000.0
-37.8163,145.0301,1510000.0
-37.8237,145.0242,450000.0
-37.8165,145.02100000000004,2065000.0
-37.8208,145.0456,350000.0
-37.8314,145.0353,645000.0
-37.8299,145.0387,1400000.0
-37.814,145.0212,1712000.0
-37.8185,145.0235,520000.0
-37.8128,145.0171,480000.0
-37.8268,145.0267,630000.0
-37.814,145.0175,3225000.0
-37.8261,145.0254,517000.0
-37.827,145.0444,320000.0
-37.8202,145.0409,1828500.0
-37.8155,145.0161,400000.0
-37.8271,145.0243,1650000.0
-37.8257,145.0321,3950000.0
-37.8271,145.0347,587500.0
-37.8268,145.0344,560000.0
-37.8142,145.0252,1936000.0
-37.8291,145.0308,4250000.0
-37.8298,145.0355,3500000.0
-37.814,145.02100000000004,487500.0
-37.8153,145.02100000000004,630000.0
-37.8169,145.0234,1560000.0
-37.8173,145.0248,2265000.0
-37.8268,145.0344,840000.0
-37.824,145.0427,1780000.0
-37.8268,145.0257,605000.0
-37.8185,145.0236,535000.0
-37.8184,145.0163,815000.0
-37.8235,145.029,1975000.0
-37.8249,145.026,445000.0
-37.8166,145.0163,663000.0
-37.8177,145.0424,657500.0
-37.8168,145.0321,5050000.0
-37.8261,145.0269,445000.0
-37.8287,145.035,750000.0
-37.8176,145.0204,1180000.0
-37.813,145.0207,470000.0
-37.8226,145.0368,485000.0
-37.8308,145.034,290000.0
-37.839,145.0418,1800000.0
-37.8235,145.0294,805000.0
-37.8253,145.0287,1855000.0
-37.8202,145.0404,1377000.0
-37.8183,145.0194,665000.0
-37.8144,145.0328,751000.0
-37.8172,145.0243,1551000.0
-37.8192,145.0221,415000.0
-37.8249,145.0405,743000.0
-37.8198,145.0245,1535000.0
-37.8183,145.0423,612500.0
-37.8169,145.02100000000004,2410000.0
-37.81800000000001,145.0268,690000.0
-37.8305,145.0341,695000.0
-37.8142,145.0308,715000.0
-37.8171,145.0252,2375000.0
-37.8219,145.0241,1980000.0
-37.813,145.0167,1055000.0
-37.8246,145.026,1976000.0
-37.8339,145.0335,382000.0
-37.8158,145.0342,499000.0
-37.8157,145.0273,495000.0
-37.8144,145.0279,3750000.0
-37.8159,145.0219,1400000.0
-37.8222,145.0329,370000.0
-37.8213,145.0224,627500.0
-37.8264,145.02700000000004,710000.0
-37.8264,145.02700000000004,485000.0
-37.8216,145.0343,310000.0
-37.8224,145.0243,3120000.0
-37.8186,145.0423,450000.0
-37.82,145.0421,2160000.0
-37.7501,145.0505,815000.0
-37.7375,145.0555,720000.0
-37.746,145.0511,1370000.0
-37.7494,145.0538,757000.0
-37.7375,145.0586,740600.0
-37.7428,145.0532,580000.0
-37.7426,145.0556,565000.0
-37.7521,145.0505,1587500.0
-37.7427,145.0547,758500.0
-37.7453,145.0559,994000.0
-37.7505,145.0477,725000.0
-37.7368,145.0524,725000.0
-37.7428,145.0494,743000.0
-37.7477,145.0481,785000.0
-37.7424,145.0519,620000.0
-37.7376,145.0488,700000.0
-37.7449,145.0523,706750.0
-37.7418,145.0513,584000.0
-37.7358,145.0546,909000.0
-37.7404,145.0582,1086000.0
-37.7365,145.0545,680000.0
-37.7429,145.0519,440000.0
-37.7377,145.0541,650000.0
-37.7487,145.0522,890000.0
-37.7422,145.05,650000.0
-37.7361,145.0551,659500.0
-37.738,145.0563,725000.0
-37.7416,145.0567,605000.0
-37.7426,145.048,770000.0
-37.7406,145.0483,950000.0
-37.7477,145.0565,856000.0
-37.7358,145.0559,600000.0
-37.7359,145.0563,450000.0
-37.7389,145.053,1060000.0
-37.7483,145.0479,850000.0
-37.7421,145.0491,510000.0
-37.7532,145.0554,1100000.0
-37.7416,145.0481,915000.0
-37.747,145.0575,400000.0
-37.7389,145.0486,526000.0
-37.7355,145.0573,570000.0
-37.7363,145.0506,550000.0
-37.7433,145.0545,510000.0
-37.7435,145.0486,590000.0
-37.7333,145.0588,920000.0
-37.7428,145.0557,460000.0
-37.7379,145.0514,662500.0
-37.7478,145.0477,1000500.0
-37.7432,145.0479,631000.0
-37.7354,145.0381,765000.0
-37.7456,145.0397,691000.0
-37.7369,145.0376,560000.0
-37.7455,145.0452,735000.0
-37.737,145.0364,830000.0
-37.7357,145.0413,330000.0
-37.7359,145.03799999999995,405000.0
-37.7383,145.036,370000.0
-37.7369,145.0422,532000.0
-37.747,145.0402,740000.0
-37.7446,145.0404,686000.0
-37.7405,145.0365,501500.0
-37.7344,145.0404,525500.0
-37.7409,145.0398,525000.0
-37.7385,145.0409,710000.0
-37.7386,145.0441,808000.0
-37.7356,145.0448,652000.0
-37.7441,145.0379,515500.0
-37.746,145.0422,800000.0
-37.7392,145.0425,450000.0
-37.7391,145.0427,605000.0
-37.7389,145.0393,620000.0
-37.7443,145.0454,497500.0
-37.7444,145.047,360000.0
-37.7341,145.0434,440500.0
-37.7466,145.0428,758000.0
-37.7386,145.0447,690500.0
-37.7469,145.0399,752000.0
-37.7443,145.0452,777000.0
-37.7385,145.0387,680000.0
-37.739,145.0481,480000.0
-37.738,145.0374,715000.0
-37.7471,145.0427,520000.0
-37.747,145.0389,646250.0
-37.7344,145.04399999999995,1375000.0
-37.7386,145.0387,722000.0
-37.7415,145.0391,715000.0
-37.7454,145.0397,636000.0
-37.7418,145.0464,590000.0
-37.7437,145.0402,820000.0
-37.7443,145.0462,725000.0
-37.7352,145.0449,705000.0
-37.7411,145.0394,710000.0
-37.7343,145.04399999999995,415000.0
-37.7383,145.0414,392000.0
-37.7411,145.0468,961000.0
-37.7403,145.0365,507000.0
-37.7399,145.0369,465000.0
-37.739,145.0451,675000.0
-37.8931,145.0791,1550000.0
-37.8967,145.0858,516000.0
-37.8994,145.0816,1340000.0
-37.8909,145.0807,855000.0
-37.9072,145.0762,1316000.0
-37.8966,145.0863,828000.0
-37.9022,145.0811,1055000.0
-37.8988,145.0781,623000.0
-37.8927,145.0781,2120000.0
-37.9002,145.0768,1745000.0
-37.9002,145.0773,1700000.0
-37.9008,145.0859,420000.0
-37.8934,145.0853,375500.0
-37.8982,145.0806,1350000.0
-37.9054,145.0857,900000.0
-37.9003,145.0777,1262000.0
-37.8991,145.0804,1337000.0
-37.8942,145.0867,455000.0
-37.8945,145.0876,400000.0
-37.9014,145.0824,648000.0
-37.9034,145.0796,1210000.0
-37.898,145.0815,1167500.0
-37.8937,145.0779,900000.0
-37.8996,145.076,1322000.0
-37.9084,145.0775,677500.0
-37.77,145.0472,480000.0
-37.7662,145.0516,430000.0
-37.7759,145.043,460000.0
-37.7662,145.04,1601000.0
-37.7652,145.041,2265000.0
-37.7714,145.0455,1680000.0
-37.7711,145.047,440000.0
-37.7641,145.0501,2350000.0
-37.7668,145.0434,962000.0
-37.76,145.0326,981000.0
-37.7727,145.0484,2400000.0
-37.766,145.0345,890000.0
-37.7669,145.0505,490000.0
-37.7702,145.0493,739000.0
-37.7614,145.0433,1340000.0
-37.7551,145.05,785000.0
-37.7773,145.0379,1155000.0
-37.7726,145.0396,1300000.0
-37.7568,145.0355,1020000.0
-37.7768,145.0409,1796000.0
-37.7654,145.036,790000.0
-37.7635,145.039,1465000.0
-37.765,145.0422,855000.0
-37.7679,145.0452,705000.0
-37.7712,145.0455,504000.0
-37.7591,145.0501,413000.0
-37.7554,145.0516,1010000.0
-37.7634,145.0361,1220000.0
-37.7702,145.0398,1605000.0
-37.7634,145.0406,587000.0
-37.7707,145.0471,475000.0
-37.7616,145.0322,1075000.0
-37.7744,145.0415,465000.0
-37.7577,145.0358,610000.0
-37.7671,145.0408,690000.0
-37.7674,145.0392,1535000.0
-37.7565,145.0506,1470000.0
-37.7634,145.0439,1486000.0
-37.7772,145.0414,420000.0
-37.765,145.0407,750000.0
-37.7662,145.0516,460000.0
-37.7668,145.03799999999995,1615000.0
-37.7591,145.04,1730000.0
-37.7635,145.0464,779000.0
-37.7659,145.0392,1850000.0
-37.7784,145.0394,1910000.0
-37.7765,145.0427,2600000.0
-37.7634,145.0406,500000.0
-37.7601,145.0363,950000.0
-37.759,145.047,450000.0
-37.7645,145.0314,1102000.0
-37.7587,145.0426,1275000.0
-37.7581,145.0371,1065000.0
-37.7618,145.0287,785000.0
-37.758,145.0408,1223500.0
-37.7679,145.0467,845000.0
-37.7771,145.0448,1720000.0
-37.7709,145.0425,1225000.0
-37.7666,145.0356,630000.0
-37.7707,145.0467,1460000.0
-37.7753,145.0419,421000.0
-37.7705,145.0396,2090000.0
-37.7607,145.0456,1758000.0
-37.7661,145.0354,700000.0
-37.7653,145.0392,1420000.0
-37.757,145.0382,550000.0
-37.7815,145.0403,2595000.0
-37.7582,145.034,710000.0
-37.7694,145.0406,650000.0
-37.7638,145.0458,385000.0
-37.7311,144.8257,740000.0
-37.7359,144.8251,500000.0
-37.7367,144.82399999999996,365000.0
-37.7369,144.8252,570000.0
-37.7392,144.8241,515000.0
-37.7392,144.8299,1095000.0
-37.7375,144.8282,582000.0
-37.7367,144.8246,545000.0
-37.7294,144.8216,461000.0
-37.7382,144.8292,751000.0
-37.7336,144.8226,500000.0
-37.7378,144.8264,560000.0
-37.7328,144.8194,320000.0
-37.7334,144.8254,450000.0
-37.7402,144.8591,703000.0
-37.7441,144.8503,650000.0
-37.7325,144.8621,770000.0
-37.7424,144.8639,480000.0
-37.7455,144.8484,590000.0
-37.7506,144.8689,900000.0
-37.738,144.869,935000.0
-37.7514,144.8731,700000.0
-37.7496,144.8589,675000.0
-37.7482,144.877,816000.0
-37.7425,144.8683,845000.0
-37.7411,144.8638,725000.0
-37.7465,144.876,772000.0
-37.747,144.8663,650000.0
-37.7295,144.8644,757000.0
-37.7469,144.8526,690000.0
-37.7504,144.8645,785000.0
-37.7459,144.8643,583000.0
-37.7323,144.8683,920000.0
-37.7435,144.8798,880000.0
-37.7434,144.881,580000.0
-37.7293,144.8659,886000.0
-37.7467,144.8683,970000.0
-37.7479,144.8805,920000.0
-37.7452,144.8511,625000.0
-37.7338,144.8662,825000.0
-37.7445,144.8511,695000.0
-37.7359,144.868,915000.0
-37.7459,144.8788,976000.0
-37.7384,144.8768,520000.0
-37.7453,144.8721,1420000.0
-37.7301,144.8671,900000.0
-37.7337,144.8617,470000.0
-37.7497,144.8746,1100000.0
-37.74800000000001,144.863,470000.0
-37.74800000000001,144.8696,380000.0
-37.7459,144.8673,560000.0
-37.7502,144.8745,1010000.0
-37.7426,144.8599,740000.0
-37.7504,144.8594,630000.0
-37.7452,144.8652,835000.0
-37.7517,144.8776,705000.0
-37.749,144.8599,680000.0
-37.7361,144.8691,871000.0
-37.74800000000001,144.8552,808000.0
-37.7505,144.8657,891000.0
-37.7311,144.8663,785000.0
-37.734,144.8593,695000.0
-37.7393,144.8648,807000.0
-37.7346,144.8646,502000.0
-37.7428,144.8536,770000.0
-37.7423,144.869,700000.0
-37.7408,144.8553,570000.0
-37.7394,144.8628,830000.0
-37.7498,144.8585,600000.0
-37.7378,144.8705,825000.0
-37.742,144.8523,680000.0
-37.7334,144.8638,720000.0
-37.7381,144.8554,735000.0
-37.7362,144.8643,875000.0
-37.7303,144.8636,601200.0
-37.7483,144.85,695000.0
-37.7305,144.8646,680000.0
-37.7444,144.8763,660000.0
-37.7432,144.8816,650000.0
-37.7312,144.8685,900000.0
-37.7486,144.8778,823000.0
-37.7368,144.8689,847000.0
-37.7449,144.8533,705000.0
-37.7415,144.8668,710000.0
-37.7479,144.8763,732000.0
-37.7487,144.8526,715000.0
-37.7906,144.924,785000.0
-37.7929,144.9197,852000.0
-37.7953,144.9275,1037000.0
-37.7963,144.935,775000.0
-37.7957,144.93200000000004,1470000.0
-37.7886,144.9328,630000.0
-37.7907,144.9247,845000.0
-37.7974,144.9261,492500.0
-37.794,144.923,420000.0
-37.7914,144.9344,650000.0
-37.7984,144.929,1050000.0
-37.7946,144.924,1291000.0
-37.7899,144.9231,420000.0
-37.7925,144.9323,961000.0
-37.7938,144.9228,1271000.0
-37.7923,144.9332,1010000.0
-37.7976,144.9213,750000.0
-37.797,144.9303,1675000.0
-37.799,144.9276,905000.0
-37.7959,144.9343,960000.0
-37.7929,144.9287,1031000.0
-37.7938,144.9186,918000.0
-37.7891,144.92600000000004,870000.0
-37.7923,144.9324,1165000.0
-37.7893,144.933,1710000.0
-37.7966,144.9254,360000.0
-37.7954,144.9274,1455000.0
-37.7961,144.9261,365000.0
-37.7898,144.9233,551000.0
-37.7976,144.9285,442000.0
-37.7902,144.9319,765000.0
-37.7974,144.9261,515000.0
-37.7897,144.9239,570000.0
-37.7961,144.9261,370000.0
-37.7931,144.9247,1005000.0
-37.7922,144.9316,1234500.0
-37.7896,144.9321,666000.0
-37.7925,144.9264,825000.0
-37.7937,144.9169,770000.0
-37.7957,144.93200000000004,1135000.0
-37.7941,144.91899999999995,975000.0
-37.7989,144.9275,812000.0
-37.7893,144.933,1900000.0
-37.7913,144.9323,445000.0
-37.7934,144.9166,732000.0
-37.792,144.9324,1260000.0
-37.7926,144.9197,1000000.0
-37.7918,144.9264,1155000.0
-37.7917,144.9231,700000.0
-37.7907,144.9303,813500.0
-37.7919,144.9253,526000.0
-37.7982,144.9202,790000.0
-37.7913,144.9275,1365000.0
-37.7903,144.9345,700000.0
-37.7896,144.9321,370000.0
-37.793,144.934,1230000.0
-37.7948,144.9314,460000.0
-37.7899,144.9231,395000.0
-37.7896,144.9307,1001000.0
-37.7925,144.9315,850000.0
-37.7917,144.9251,1335000.0
-37.7921,144.9234,868000.0
-37.7963,144.9327,960000.0
-37.7937,144.9295,773000.0
-37.7956,144.935,631090.0
-37.7897,144.9228,410000.0
-37.7966,144.9254,425000.0
-37.7959,144.9342,1211000.0
-37.7952,144.9262,506000.0
-37.7959,144.9341,806000.0
-37.7935,144.9187,829000.0
-37.7908,144.9309,786000.0
-37.7966,144.9254,458000.0
-37.8102,145.0451,1635000.0
-37.812,145.0547,4800000.0
-37.8099,145.0606,562500.0
-37.804,145.0347,520000.0
-37.8151,145.0555,4350000.0
-37.8015,145.0505,1528500.0
-37.8003,145.0375,630000.0
-37.8034,145.0283,1690000.0
-37.8024,145.0346,610000.0
-37.8093,145.0299,1490000.0
-37.8034,145.0369,588000.0
-37.8064,145.0182,882000.0
-37.8117,145.0222,831000.0
-37.802,145.036,2130000.0
-37.8083,145.0382,650000.0
-37.8046,145.0375,599000.0
-37.8066,145.0211,820000.0
-37.8028,145.0534,2200000.0
-37.8046,145.0603,3550000.0
-37.8012,145.0361,1326000.0
-37.8092,145.0366,610000.0
-37.8147,145.0438,1950000.0
-37.8012,145.0514,1875000.0
-37.8118,145.035,2850000.0
-37.8095,145.0391,2550000.0
-37.8081,145.0263,1878000.0
-37.8007,145.0374,1910000.0
-37.8023,145.0404,1410000.0
-37.8017,145.0445,515000.0
-37.8107,145.0219,2310000.0
-37.8128,145.0588,890000.0
-37.8048,145.0303,1668000.0
-37.8125,145.043,2315000.0
-37.796,145.0324,800000.0
-37.8146,145.0419,1950000.0
-37.8112,145.05700000000004,4850000.0
-37.8168,145.056,2770000.0
-37.8029,145.0267,6500000.0
-37.8071,145.0243,580000.0
-37.8054,145.0373,525000.0
-37.812,145.0268,1905000.0
-37.7997,145.0304,478000.0
-37.8108,145.0545,672000.0
-37.8034,145.0527,2286000.0
-37.8013,145.0335,1575000.0
-37.805,145.0294,590000.0
-37.8066,145.0211,765000.0
-37.8007,145.0327,1507000.0
-37.7925,145.0389,972500.0
-37.8094,145.0446,672000.0
-37.8047,145.0534,2350000.0
-37.8096,145.0529,1312000.0
-37.8148,145.0571,890000.0
-37.8082,145.0323,2117000.0
-37.7995,145.0418,1331000.0
-37.7933,145.0343,1800000.0
-37.8036,145.0545,2513000.0
-37.7997,145.046,1476000.0
-37.8124,145.0361,2590000.0
-37.8083,145.0418,2625000.0
-37.8098,145.02200000000005,2265000.0
-37.813,145.0411,1975000.0
-37.8046,145.0595,2075000.0
-37.7937,145.0353,2550000.0
-37.804,145.0553,2240000.0
-37.8033,145.036,1275000.0
-37.7993,145.0267,1330000.0
-37.8135,145.0355,720000.0
-37.8053,145.0327,1450000.0
-37.8006,145.0218,3650000.0
-37.7925,145.0263,551000.0
-37.8012,145.0297,2800000.0
-37.8034,145.0369,557000.0
-37.796,145.0377,1410000.0
-37.794,145.032,1000000.0
-37.8067,145.0277,2450000.0
-37.8042,145.0291,2460000.0
-37.8037,145.0308,2850000.0
-37.8044,145.0386,2425000.0
-37.8024,145.0346,610000.0
-37.8063,145.0179,955000.0
-37.7938,145.0321,707500.0
-37.8046,145.0382,1410000.0
-37.801,145.0297,732000.0
-37.7944,145.0339,2875000.0
-37.8027,145.0404,1565000.0
-37.8162,145.0592,480000.0
-37.8065,145.0287,1725000.0
-37.7981,145.0423,1500000.0
-37.7982,145.0281,1750000.0
-37.8087,145.0452,1100000.0
-37.8116,145.0285,1290000.0
-37.8021,145.0391,1440000.0
-37.8042,145.0279,2560000.0
-37.8064,145.0608,2600000.0
-37.7915,145.0348,2245000.0
-37.8117,145.0449,3280000.0
-37.7941,145.0238,730000.0
-37.8022,145.0565,4005000.0
-37.7916,145.0352,1211000.0
-37.8126,145.0534,891000.0
-37.7978,145.0333,620000.0
-37.8033,145.0526,2600000.0
-37.8017,145.0419,2800000.0
-37.8052,145.0489,1420000.0
-37.8074,145.0318,1800000.0
-37.8107,145.05100000000004,3065000.0
-37.7999,145.0544,395000.0
-37.8043,145.0291,2250000.0
-37.7936,145.0566,2490000.0
-37.7971,145.0514,620000.0
-37.7955,145.0473,1750000.0
-37.7923,145.0528,1950000.0
-37.7969,145.0511,605000.0
-37.789,145.0616,1920000.0
-37.7916,145.0529,1610000.0
-37.7894,145.0462,1850000.0
-37.7922,145.0518,1615000.0
-37.799,145.0578,1830000.0
-37.7956,145.0525,1300000.0
-37.7951,145.053,1880000.0
-37.7881,145.0631,2081000.0
-37.7981,145.0472,1315000.0
-37.7997,145.058,1750000.0
-37.7974,145.0491,3028000.0
-37.7904,145.0548,2100000.0
-37.7927,145.0597,1110000.0
-37.793,145.0592,2175000.0
-37.7917,145.0509,1300000.0
-37.7938,145.0545,1350000.0
-37.7917,145.0585,1963000.0
-37.7981,145.0472,1315000.0
-37.7923,145.0595,1620000.0
-37.7902,145.061,1770000.0
-37.7966,145.048,1260000.0
-37.8407,145.0343,1290000.0
-37.7832,144.8745,670000.0
-37.7773,144.8725,615000.0
-37.7808,144.8678,715000.0
-37.7833,144.8817,826000.0
-37.7863,144.8769,275000.0
-37.789,144.8813,711000.0
-37.7806,144.8714,640000.0
-37.7863,144.881,1200000.0
-37.779,144.8832,927000.0
-37.7898,144.8722,695000.0
-37.786,144.871,880000.0
-37.7844,144.8791,485000.0
-37.7838,144.8724,490000.0
-37.7858,144.8834,725000.0
-37.7905,144.8762,676500.0
-37.7895,144.8667,502000.0
-37.7882,144.8784,721000.0
-37.79,144.8815,1048000.0
-37.7868,144.8772,520000.0
-37.7861,144.8791,1000000.0
-37.7817,144.8685,580000.0
-37.7885,144.8771,840000.0
-37.7776,144.8723,335000.0
-37.779,144.8829,893000.0
-37.7896,144.8752,832000.0
-37.7871,144.8791,646000.0
-37.7813,144.8678,673000.0
-37.7895,144.8723,728000.0
-37.7859,144.8787,600000.0
-37.7798,144.8661,695000.0
-37.7905,144.8812,935000.0
-37.7795,144.8729,349000.0
-37.7869,144.8749,555000.0
-37.781,144.8813,815000.0
-37.7784,144.8708,915000.0
-37.7795,144.8729,352500.0
-37.787,144.8654,600000.0
-37.7798,144.8659,690000.0
-37.7746,144.8727,1350000.0
-37.7909,144.8777,930000.0
-37.787,144.8748,510000.0
-37.7831,144.8825,725500.0
-37.7877,144.8772,746000.0
-37.7829,144.8684,750000.0
-37.7776,144.8723,360000.0
-37.7824,144.8704,765000.0
-37.7905,144.8739,1060000.0
-37.7889,144.8787,740000.0
-37.7887,144.8788,770000.0
-37.7844,144.8665,490000.0
-37.7846,144.87,657000.0
-37.7898,144.8817,830000.0
-37.7817,144.868,675000.0
-37.7874,144.8763,865000.0
-37.7801,144.869,600000.0
-37.7893,144.8818,773000.0
-37.782,144.8828,905000.0
-37.8597,145.0318,570500.0
-37.8638,145.0379,1350000.0
-37.8607,145.0373,2050000.0
-37.8493,145.0395,2300000.0
-37.8515,145.0324,3460000.0
-37.866,145.039,2400000.0
-37.854,145.041,569000.0
-37.8562,145.0373,2025000.0
-37.8636,145.0301,1950000.0
-37.8644,145.0302,1895000.0
-37.8537,145.041,635000.0
-37.8515,145.0372,611000.0
-37.8586,145.0375,1611000.0
-37.8613,145.0393,3800000.0
-37.8577,145.0406,1390000.0
-37.8502,145.0418,780000.0
-37.8527,145.0301,4700000.0
-37.8462,145.0386,2415000.0
-37.8633,145.0338,566000.0
-37.8511,145.0317,1437000.0
-37.8693,145.0348,500000.0
-37.851,145.03,1155000.0
-37.858,145.0351,3010000.0
-37.8514,145.0361,650000.0
-37.8684,145.035,3400000.0
-37.851,145.0316,2355000.0
-37.8653,145.0304,4240000.0
-37.8549,145.0298,927000.0
-37.8674,145.0355,1326000.0
-37.8469,145.0377,4525000.0
-37.852,145.0343,660000.0
-37.8575,145.0392,1617000.0
-37.8638,145.0298,1965000.0
-37.8602,145.0399,2325000.0
-37.868,145.03799999999995,3470000.0
-37.8597,145.0322,740000.0
-37.8631,145.0353,2325000.0
-37.871,145.0364,1970000.0
-37.8637,145.0373,405000.0
-37.8686,145.03799999999995,1475000.0
-37.8514,145.0361,640000.0
-37.8597,145.0318,700000.0
-37.8563,145.0369,1000000.0
-37.854,145.041,584000.0
-37.8633,145.0336,420000.0
-37.8603,145.0322,2300000.0
-37.8726,145.0396,1490000.0
-37.8833,145.0697,1210000.0
-37.8747,145.0836,1300000.0
-37.8779,145.0651,1675000.0
-37.8832,145.0779,980000.0
-37.8757,145.0518,2400000.0
-37.8755,145.0523,2355000.0
-37.8717,145.0399,1036000.0
-37.8724,145.0628,1301000.0
-37.8727,145.0458,2273000.0
-37.8786,145.0495,2350000.0
-37.8845,145.072,1215000.0
-37.8769,145.0471,447000.0
-37.8717,145.0403,2200000.0
-37.8742,145.0614,2200000.0
-37.8796,145.0876,790000.0
-37.8753,145.0532,2250000.0
-37.8783,145.0869,1185000.0
-37.8799,145.0552,1837000.0
-37.877,145.067,1105000.0
-37.866,145.0549,1253000.0
-37.8822,145.0677,1505000.0
-37.884,145.0713,1500000.0
-37.8708,145.0616,1400000.0
-37.8706,145.0578,720000.0
-37.8747,145.05200000000005,2210000.0
-37.8826,145.0868,940000.0
-37.8775,145.0622,1810000.0
-37.8782,145.0649,922000.0
-37.8756,145.0561,4802500.0
-37.8769,145.0471,350000.0
-37.8734,145.0887,1555000.0
-37.8707,145.0482,2123000.0
-37.8664,145.0452,2800000.0
-37.8691,145.0435,2305000.0
-37.8818,145.0548,1700000.0
-37.8733,145.0507,2500000.0
-37.8801,145.0874,370000.0
-37.8835,145.0886,1150000.0
-37.8915,145.0844,1600000.0
-37.8771,145.0505,2001000.0
-37.8807,145.0547,1915000.0
-37.8743,145.0588,1690000.0
-37.8812,145.05700000000004,1135000.0
-37.8822,145.0837,1240000.0
-37.8823,145.0839,1120000.0
-37.8769,145.05200000000005,1625000.0
-37.8799,145.0738,1500000.0
-37.8654,145.0412,1400000.0
-37.8689,145.0504,707500.0
-37.865,145.0506,835000.0
-37.8718,145.0404,1870000.0
-37.8834,145.0635,1580000.0
-37.8823,145.0729,820000.0
-37.8811,145.0524,480000.0
-37.8672,145.0432,1420000.0
-37.8704,145.0411,1370000.0
-37.8695,145.05,1680000.0
-37.8719,145.0511,2960000.0
-37.8805,145.0668,2110000.0
-37.8709,145.0565,1300000.0
-37.8657,145.0536,1750000.0
-37.8764,145.0463,300000.0
-37.875,145.0861,1100000.0
-37.8728,145.0417,373000.0
-37.8787,145.0807,1230000.0
-37.8713,145.0515,536000.0
-37.8846,145.08700000000005,2412000.0
-37.8704,145.0503,2560000.0
-37.8733,145.0883,960000.0
-37.8704,145.0495,315000.0
-37.8722,145.067,1297000.0
-37.8689,145.06,1015000.0
-37.8801,145.0874,523000.0
-37.8831,145.0879,1335000.0
-37.866,145.0402,1055000.0
-37.8804,145.0501,425000.0
-37.8777,145.0608,1670000.0
-37.878,145.0666,1350000.0
-37.8814,145.0583,1650000.0
-37.8847,145.076,1550000.0
-37.8752,145.0817,950000.0
-37.8846,145.0861,1782500.0
-37.8738,145.0415,2490000.0
-37.8767,145.0469,500000.0
-37.8828,145.0528,650000.0
-37.774,144.8744,870000.0
-37.7865,144.9008,635000.0
-37.76300000000001,144.8877,975000.0
-37.7746,144.8798,560000.0
-37.7719,144.8815,560000.0
-37.7716,144.882,355000.0
-37.7743,144.8797,550000.0
-37.773,144.8806,420000.0
-37.7679,144.8935,399000.0
-37.7839,144.8853,940000.0
-37.7707,144.8924,1105000.0
-37.7861,144.8897,730000.0
-37.7818,144.8859,425000.0
-37.768,144.8894,662500.0
-37.7798,144.8872,986500.0
-37.7736,144.8798,410000.0
-37.7859,144.8898,930000.0
-37.7823,144.887,920000.0
-37.7662,144.8971,1320000.0
-37.7712,144.8763,1150000.0
-37.7699,144.8791,680000.0
-37.7742,144.8755,990000.0
-37.7665,144.9004,330000.0
-37.7867,144.8906,1011000.0
-37.7697,144.878,847000.0
-37.7706,144.8805,400000.0
-37.7648,144.8881,1100000.0
-37.7833,144.888,1072000.0
-37.7691,144.8905,479000.0
-37.7692,144.8905,470000.0
-37.7693,144.8905,510000.0
-37.7855,144.8958,865000.0
-37.7752,144.8925,488000.0
-37.7822,144.892,940000.0
-37.7677,144.8925,570000.0
-37.7681,144.8979,335000.0
-37.7682,144.8971,1900000.0
-37.7732,144.8927,429000.0
-37.7752,144.8925,495000.0
-37.7719,144.8767,820000.0
-37.7737,144.8816,456000.0
-37.7853,144.8944,566000.0
-37.7732,144.8927,408000.0
-37.7858,144.8937,1040000.0
-37.7853,144.8999,470000.0
-37.769,144.8909,1460000.0
-37.773,144.8947,780000.0
-37.7732,144.879,675000.0
-37.774,144.8797,440000.0
-37.774,144.877,1048700.0
-37.774,144.8797,400000.0
-37.7799,144.8879,1215000.0
-37.7713,144.8937,1180000.0
-37.7822,144.8922,1117000.0
-37.7678,144.8899,420000.0
-37.7843,144.8939,1000000.0
-37.7817,144.8916,770000.0
-37.7832,144.8864,905000.0
-37.7819,144.8901,1151000.0
-37.769,144.8935,907000.0
-37.7853,144.8944,570000.0
-37.7853,144.8972,820000.0
-37.7825,144.886,940000.0
-37.7844,144.8876,1030000.0
-37.7676,144.9009,1350000.0
-37.7847,144.8962,1230000.0
-37.772,144.8801,460000.0
-37.7848,144.8969,884500.0
-37.7804,144.8878,1010000.0
-37.7837,144.8888,820000.0
-37.7837,144.8887,820000.0
-37.7689,144.8981,330000.0
-37.8111,144.9715,427000.0
-37.8157,144.9727,1160500.0
-37.8095,144.9691,780000.0
-37.808,144.9617,535000.0
-37.8091,144.9609,450000.0
-37.8138,144.9548,360000.0
-37.8106,144.9646,665000.0
-37.8127,144.9627,386000.0
-37.8157,144.9727,659000.0
-37.8089,144.967,671000.0
-37.8188,144.9544,545000.0
-37.8178,144.9607,450000.0
-37.8111,144.9715,432000.0
-37.8106,144.9646,400000.0
-37.8078,144.961,210000.0
-37.8095,144.9691,750000.0
-37.8161,144.9712,375000.0
-37.8132,144.9545,680000.0
-37.816,144.9535,470000.0
-37.8138,144.952,650000.0
-37.8106,144.9646,483000.0
-37.8114,144.961,610000.0
-37.8157,144.9727,700000.0
-37.8072,144.9623,520000.0
-37.8168,144.9691,440000.0
-37.8159,144.972,436000.0
-37.8166,144.9635,733000.0
-37.8161,144.9712,675000.0
-37.8092,144.967,1630000.0
-37.8095,144.9691,760000.0
-37.8211,144.9559,360000.0
-37.8077,144.9668,390000.0
-37.8499,144.957,2600000.0
-37.8516,144.9624,2350000.0
-37.8477,144.9607,2956000.0
-37.8474,144.9625,535000.0
-37.8522,144.9678,400000.0
-37.852,144.9654,1690000.0
-37.8468,144.9612,1020000.0
-37.8541,144.9665,1515000.0
-37.8556,144.9669,700000.0
-37.8507,144.9591,2360000.0
-37.8508,144.9589,2005000.0
-37.8549,144.9662,702000.0
-37.8518,144.9663,3120000.0
-37.8551,144.968,1025000.0
-37.8498,144.9628,1920000.0
-37.8536,144.9625,2623000.0
-37.847,144.9594,1500000.0
-37.8513,144.9586,1630000.0
-37.8474,144.9582,1910000.0
-37.8238,145.1135,1320000.0
-37.82,145.1118,2850000.0
-37.8161,145.1098,750000.0
-37.812,145.1095,2588000.0
-37.8145,145.1131,1955000.0
-37.812,145.1074,1400000.0
-37.8167,145.1118,665000.0
-37.8117,145.1061,2714000.0
-37.8176,145.1117,2350000.0
-37.8226,145.1103,2200000.0
-37.8157,145.1101,660000.0
-37.8167,145.107,1310000.0
-37.8172,145.1114,540000.0
-37.8118,145.1065,2335000.0
-37.8197,145.1106,2000000.0
-37.8195,145.1134,1815000.0
-37.8161,145.1098,725000.0
-37.8186,145.1134,3900000.0
-37.8147,145.1032,666000.0
-37.8192,145.111,1200000.0
-37.8173,145.1123,1564000.0
-37.8161,145.1098,520000.0
-37.7672,144.9209,670000.0
-37.7633,144.908,1715000.0
-37.7688,144.9054,1055000.0
-37.7677,144.9221,348000.0
-37.7617,144.9052,1780000.0
-37.77,144.9189,2150000.0
-37.7696,144.9229,1730000.0
-37.7698,144.9214,1440000.0
-37.7692,144.9057,1225000.0
-37.7617,144.9272,1445000.0
-37.7658,144.9077,990000.0
-37.761,144.9296,1400000.0
-37.7661,144.9076,1550000.0
-37.7585,144.928,1170000.0
-37.7659,144.9116,1120000.0
-37.7694,144.9059,675000.0
-37.769,144.9057,880000.0
-37.7702,144.9268,1530000.0
-37.7704,144.9199,1350000.0
-37.7709,144.9334,832000.0
-37.7701,144.9079,420000.0
-37.7629,144.9157,2400000.0
-37.7672,144.9209,565000.0
-37.7617,144.9367,550000.0
-37.7632,144.9292,1211000.0
-37.7696,144.9227,2405000.0
-37.7692,144.917,1395000.0
-37.77,144.91299999999995,1630000.0
-37.7674,144.9084,1160000.0
-37.7593,144.9276,1065000.0
-37.7698,144.9336,1361500.0
-37.7639,144.9093,945000.0
-37.7652,144.9116,360000.0
-37.7695,144.9092,860000.0
-37.7708,144.9234,1260000.0
-37.7701,144.9287,1637000.0
-37.7609,144.9296,1505000.0
-37.7677,144.9221,515000.0
-37.7683,144.9325,1100000.0
-37.7715,144.916,330000.0
-37.7615,144.9076,1145000.0
-37.7696,144.929,1322000.0
-37.7685,144.9183,1015000.0
-37.7686,144.9068,750000.0
-37.769,144.91899999999995,1013000.0
-37.7704,144.9083,840000.0
-37.7709,144.9151,1150000.0
-37.7625,144.9074,1900000.0
-37.7631,144.9073,890500.0
-37.7691,144.9321,2340000.0
-37.7702,144.9266,1370000.0
-37.7699,144.9149,1400000.0
-37.7609,144.9285,1310000.0
-37.7682,144.9151,1833000.0
-37.7641,144.9112,855000.0
-37.7711,144.9122,930000.0
-37.7601,144.9228,1640000.0
-37.7704,144.9292,1480000.0
-37.7595,144.9317,672000.0
-37.7597,144.9188,410000.0
-37.7615,144.9333,980000.0
-37.7642,144.9195,1055000.0
-37.7715,144.9155,440000.0
-37.7608,144.9322,1435000.0
-37.7649,144.9091,1275000.0
-37.7607,144.9314,842500.0
-37.7709,144.9288,1345000.0
-37.758,144.9237,265000.0
-37.773,144.9335,849000.0
-37.7701,144.9172,1425000.0
-37.7639,144.9126,1345000.0
-37.7654,144.9094,330000.0
-37.761,144.9262,726000.0
-37.7638,144.9175,1250000.0
-37.7631,144.9357,870000.0
-37.7712,144.9254,801000.0
-37.7609,144.905,1725000.0
-37.7623,144.9211,415000.0
-37.7606,144.9236,650000.0
-37.7624,144.9365,600000.0
-37.7627,144.9278,1505000.0
-37.7682,144.9058,850000.0
-37.758,144.9237,292000.0
-37.7692,144.9042,956000.0
-37.7613,144.9177,1740000.0
-37.7688,144.9291,1683000.0
-37.7666,144.9184,574000.0
-37.7677,144.92,470000.0
-37.7704,144.9162,1130000.0
-37.7609,144.9308,730000.0
-37.7685,144.9186,831000.0
-37.7702,144.9091,930000.0
-37.7687,144.9203,800000.0
-37.7693,144.9299,1111000.0
-37.7651,144.9078,900000.0
-37.7627,144.9141,822500.0
-37.7641,144.9265,1400000.0
-37.7652,144.9116,336000.0
-37.7708,144.9093,800000.0
-37.9376,145.0474,1224000.0
-37.9375,145.0474,1020000.0
-37.9428,145.04399999999995,1000000.0
-37.9374,145.0388,380500.0
-37.9371,145.0578,930000.0
-37.9368,145.0568,1090000.0
-37.9416,145.058,947500.0
-37.9364,145.0559,836000.0
-37.9418,145.0549,1417250.0
-37.9404,145.046,980000.0
-37.9386,145.0585,1110000.0
-37.9424,145.0464,950000.0
-37.9443,145.0448,1140000.0
-37.9378,145.0385,750000.0
-37.9449,145.0459,931000.0
-37.9382,145.0577,1000000.0
-37.9412,145.0465,655000.0
-37.9398,145.0554,1200000.0
-37.9404,145.0464,987000.0
-37.9426,145.0568,937000.0
-37.9394,145.0408,1426000.0
-37.9443,145.0444,1016000.0
-37.9412,145.0491,910000.0
-37.9431,145.0407,1385000.0
-37.9385,145.0397,785000.0
-37.9435,145.0522,901000.0
-37.9362,145.0442,1300000.0
-37.9363,145.0495,975000.0
-37.9381,145.0534,1070000.0
-37.9355,145.0485,639000.0
-37.9363,145.0564,605000.0
-37.9431,145.0484,960000.0
-37.939,145.0533,725000.0
-37.9361,145.0456,981000.0
-37.9378,145.0546,975000.0
-37.9429,145.0474,800000.0
-37.9407,145.0482,921000.0
-37.9387,145.0461,917000.0
-37.9369,145.0578,890000.0
-37.9354,145.0464,1008000.0
-37.94,145.0449,1191000.0
-37.9378,145.05700000000004,1130000.0
-37.9389,145.0467,776000.0
-37.9411,145.043,1035000.0
-37.9392,145.0481,920000.0
-37.9395,145.0477,1160000.0
-37.9454,145.0507,825000.0
-37.9374,145.0542,800000.0
-37.9428,145.0584,240000.0
-37.9387,145.0398,1105000.0
-37.842,144.8902,1025000.0
-37.8457,144.8651,826000.0
-37.8395,144.8787,900000.0
-37.8477,144.8753,962000.0
-37.846,144.8729,800000.0
-37.8447,144.8654,785000.0
-37.847,144.8788,710000.0
-37.8395,144.8825,920000.0
-37.8408,144.8893,940000.0
-37.8416,144.8651,655800.0
-37.841,144.8874,1082000.0
-37.8414,144.892,1210000.0
-37.834,144.8668,880000.0
-37.8413,144.8741,335000.0
-37.8411,144.889,1260000.0
-37.8462,144.8944,1400000.0
-37.849,144.8907,995000.0
-37.839,144.8765,1380000.0
-37.85,144.8914,1220000.0
-37.8447,144.8734,785000.0
-37.8446,144.8796,962000.0
-37.8344,144.8764,860000.0
-37.8426,144.8731,1220000.0
-37.8389,144.8779,930000.0
-37.8432,144.8764,930000.0
-37.8352,144.8661,800000.0
-37.8459,144.8877,1305000.0
-37.8472,144.8707,1060000.0
-37.8421,144.8821,485000.0
-37.8364,144.8769,950000.0
-37.8469,144.8872,910000.0
-37.847,144.8734,810000.0
-37.8476,144.8673,776000.0
-37.8356,144.8785,1002500.0
-37.8481,144.8666,807500.0
-37.8414,144.8922,1120000.0
-37.8431,144.8845,950000.0
-37.8456,144.8741,1620000.0
-37.8415,144.8852,923000.0
-37.8471,144.8769,1030000.0
-37.8446,144.8861,1046000.0
-37.8472,144.8754,716000.0
-37.8441,144.8805,740000.0
-37.839,144.8854,970000.0
-37.8436,144.8691,735000.0
-37.8349,144.8714,762000.0
-37.8413,144.8741,485000.0
-37.8414,144.8707,950000.0
-37.8427,144.879,1280000.0
-37.8477,144.8706,1040000.0
-37.8472,144.8907,922000.0
-37.8463,144.8935,2415000.0
-37.8423,144.8795,1115000.0
-37.8468,144.8912,1675000.0
-37.8466,144.8636,1176000.0
-37.8366,144.8758,1265000.0
-37.8414,144.8752,801000.0
-37.8439,144.8715,1185000.0
-37.8424,144.8653,770000.0
-37.8426,144.89,1200000.0
-37.8435,144.8788,993000.0
-37.8378,144.8657,901000.0
-37.8491,144.8903,650000.0
-37.8424,144.8754,891500.0
-37.849,144.8947,3420000.0
-37.8422,144.8784,805000.0
-37.8368,144.8768,680000.0
-37.8424,144.8653,827500.0
-37.845,144.8873,793000.0
-37.84,144.887,988000.0
-37.8413,144.8741,747000.0
-37.8409,144.8663,910000.0
-37.8501,144.8931,896000.0
-37.8475,144.8897,890000.0
-37.841,144.8878,1199000.0
-37.8446,144.8859,1100000.0
-37.8366,144.8769,2015000.0
-37.8468,144.874,930000.0
-37.8417,144.8896,1151000.0
-37.8413,144.8741,820000.0
-37.8433,144.8725,670000.0
-37.8394,144.8669,1040000.0
-37.8366,144.8773,1316000.0
-37.8465,144.8714,816000.0
-37.8438,144.8806,945000.0
-37.8491,144.8903,643700.0
-37.8469,144.8766,760000.0
-37.8385,144.8824,881000.0
-37.835,144.8814,900000.0
-37.742,144.8885,830000.0
-37.7353,144.8907,780000.0
-37.7423,144.8905,1020000.0
-37.7467,144.8872,1330000.0
-37.7429,144.888,1126000.0
-37.7473,144.8897,1235000.0
-37.7467,144.8906,457000.0
-37.7465,144.8868,660000.0
-37.7335,144.8788,770000.0
-37.7413,144.8871,895500.0
-37.7387,144.8827,1350000.0
-37.7462,144.8873,820000.0
-37.74,144.8851,617500.0
-37.7415,144.8914,490000.0
-37.7452,144.8895,800000.0
-37.7368,144.8856,991000.0
-37.7377,144.888,970000.0
-37.7343,144.8783,657000.0
-37.7449,144.8869,710000.0
-37.7484,144.8892,840000.0
-37.7379,144.8854,975000.0
-37.7479,144.8868,600000.0
-37.7424,144.8851,875000.0
-37.7321,144.8771,785000.0
-37.7445,144.8834,840000.0
-37.7412,144.8888,1076000.0
-37.7317,144.8751,850000.0
-37.7391,144.8875,1400000.0
-37.7444,144.8847,1080000.0
-37.734,144.8785,1065000.0
-37.7324,144.8765,773000.0
-37.7389,144.887,700000.0
-37.7357,144.8908,760000.0
-37.7378,144.8893,1190000.0
-37.736,144.8839,1015000.0
-37.738,144.8816,875000.0
-37.7352,144.8845,1020000.0
-37.7383,144.8898,773000.0
-37.7328,144.8764,522500.0
-37.7459,144.8906,1100000.0
-37.7433,144.891,1007000.0
-37.7386,144.8902,1245000.0
-37.7396,144.8887,1155000.0
-37.741,144.8901,746000.0
-37.74800000000001,144.8873,1160000.0
-37.7449,144.8899,1105000.0
-37.74,144.8851,591000.0
-37.736,144.8809,960000.0
-37.7465,144.8867,815000.0
-37.7958,144.944,2920000.0
-37.7967,144.9472,1635000.0
-37.8044,144.9566,491000.0
-37.7994,144.9464,540000.0
-37.7916,144.9443,340000.0
-37.7936,144.9426,726000.0
-37.7987,144.9497,1340000.0
-37.8018,144.9429,1105000.0
-37.7953,144.9437,841000.0
-37.7988,144.9475,528500.0
-37.802,144.951,585000.0
-37.8055,144.9547,645000.0
-37.802,144.9516,410000.0
-37.7955,144.9492,550000.0
-37.7988,144.9478,470000.0
-37.8044,144.9566,470000.0
-37.7988,144.9475,475000.0
-37.802,144.9459,640000.0
-37.7914,144.9439,1330000.0
-37.8015,144.9526,720000.0
-37.8016,144.9486,888000.0
-37.8014,144.94899999999996,1325000.0
-37.8,144.9542,368000.0
-37.804,144.9441,1300000.0
-37.7988,144.9478,450000.0
-37.7976,144.944,1385000.0
-37.8016,144.9508,990000.0
-37.8004,144.9465,440000.0
-37.8022,144.9439,606000.0
-37.802,144.9516,450000.0
-37.7977,144.9512,1470000.0
-37.8004,144.9465,591500.0
-37.8029,144.9452,1300000.0
-37.795,144.942,1010000.0
-37.8043,144.9437,1266000.0
-37.8004,144.9544,620000.0
-37.7981,144.9461,540000.0
-37.7959,144.9464,1200000.0
-37.8055,144.9547,630000.0
-37.7997,144.9472,560000.0
-37.8014,144.9488,800000.0
-37.8009,144.9471,665500.0
-37.7926,144.9441,550055.0
-37.7971,144.9448,358000.0
-37.7955,144.9492,320000.0
-37.8039,144.9424,1000000.0
-37.8044,144.9566,598000.0
-37.802,144.951,950000.0
-37.7994,144.9521,1065000.0
-37.8044,144.9481,885000.0
-37.7976,144.9454,587134.0
-37.7662,145.0096,1286000.0
-37.7759,144.9909,1200000.0
-37.7708,145.0054,1382500.0
-37.7679,144.9994,630000.0
-37.7805,145.004,1600000.0
-37.7744,145.0033,1310000.0
-37.7709,144.9964,1035000.0
-37.7664,145.0121,1980000.0
-37.7828,145.0096,592000.0
-37.7683,145.0156,1335000.0
-37.7798,144.9952,1710000.0
-37.7672,145.0095,1590000.0
-37.7813,145.0065,2000000.0
-37.7793,144.9972,583000.0
-37.768,144.9895,418000.0
-37.766,145.0039,860000.0
-37.7627,144.9898,650000.0
-37.7807,144.9948,1700000.0
-37.7668,145.0149,1575000.0
-37.7715,144.9951,950000.0
-37.7765,145.0027,1655000.0
-37.7731,144.9967,1950000.0
-37.76300000000001,144.9978,905000.0
-37.7687,144.9922,1255000.0
-37.7765,144.996,601000.0
-37.76300000000001,144.9886,1020000.0
-37.7842,144.9991,435000.0
-37.7651,145.0027,790000.0
-37.7739,145.0114,990000.0
-37.7828,145.0096,605000.0
-37.7852,144.9975,2270000.0
-37.7827,144.9999,385000.0
-37.7704,145.0067,900000.0
-37.76300000000001,144.9966,1340000.0
-37.7741,145.0109,1300000.0
-37.7709,145.0057,1310000.0
-37.7732,144.9957,1112000.0
-37.7681,144.9877,910000.0
-37.7626,144.9898,830000.0
-37.7736,145.0004,2100000.0
-37.7652,145.0123,1190000.0
-37.7825,145.0104,865000.0
-37.7707,144.9924,2175000.0
-37.7704,145.0066,1085000.0
-37.7783,144.9954,312000.0
-37.7827,144.9999,320000.0
-37.7663,145.0009,890000.0
-37.7726,145.0048,2700000.0
-37.7784,145.0042,1101000.0
-37.7709,145.0105,926000.0
-37.7756,144.9891,1050000.0
-37.771,144.9974,1010000.0
-37.7784,145.0035,2155000.0
-37.7813,145.0062,430000.0
-37.7752,145.0032,1900000.0
-37.7667,144.9909,888000.0
-37.7638,144.9933,1020000.0
-37.7684,145.0099,1160000.0
-37.7642,144.9963,844000.0
-37.7792,144.9951,1860000.0
-37.7801,144.9954,1676000.0
-37.7763,144.9967,900000.0
-37.7745,145.0045,1300000.0
-37.7648,145.0098,810000.0
-37.7711,145.013,701000.0
-37.7793,144.9972,410000.0
-37.7762,145.003,1255000.0
-37.7715,145.0075,665000.0
-37.7661,145.0001,1085000.0
-37.7822,144.9935,2315000.0
-37.7666,145.0132,1170000.0
-37.7736,145.0074,875000.0
-37.7799,144.9937,1715000.0
-37.7636,144.9864,1396500.0
-37.7827,144.9999,422000.0
-37.7642,145.001,1474000.0
-37.7814,145.0039,1340000.0
-37.77,145.0049,980000.0
-37.7653,145.0014,1035000.0
-37.7641,144.9958,460000.0
-37.7673,145.0081,1760000.0
-37.7815,145.0096,975000.0
-37.7644,145.004,1095000.0
-37.7821,144.9995,1121000.0
-37.7635,144.9934,370000.0
-37.764,144.9976,1225000.0
-37.772,145.0039,2004000.0
-37.777,144.9922,1211000.0
-37.7763,144.9964,4300000.0
-37.7816,145.0141,1400000.0
-37.7668,145.0063,770000.0
-37.7733,145.0078,1090000.0
-37.7756,145.0082,1830000.0
-37.7663,145.0118,1000000.0
-37.7833,145.0135,600000.0
-37.7765,144.9984,692000.0
-37.7678,144.9853,980000.0
-37.7636,144.9872,1310000.0
-37.774,145.0081,1050000.0
-37.7701,144.9886,1700000.0
-37.7757,145.0119,2160000.0
-37.7771,145.0116,1610000.0
-37.7831,145.0124,400000.0
-37.7662,144.9889,1420000.0
-37.7762,145.0027,1950000.0
-37.7677,145.0085,1820000.0
-37.7763,145.0117,1900000.0
-37.7799,145.011,1080000.0
-37.7766,144.9988,570000.0
-37.7756,145.0002,1450000.0
-37.7651,145.0062,1400000.0
-37.7627,144.9986,1340000.0
-37.7839,144.9991,340000.0
-37.7642,145.0025,1300000.0
-37.7803,145.0063,2340000.0
-37.7789,144.9952,1634000.0
-37.7665,144.9955,910000.0
-37.7784,144.9959,1650000.0
-37.7671,145.0153,1130000.0
-37.7767,144.9996,3850000.0
-37.7741,144.9971,1510000.0
-37.7825,145.0072,1500000.0
-37.7825,145.0073,2315000.0
-37.718,144.9174,892000.0
-37.7137,144.9167,592000.0
-37.7232,144.9148,647000.0
-37.7209,144.9158,865000.0
-37.7151,144.9194,1350000.0
-37.7151,144.9191,476000.0
-37.7134,144.9096,830000.0
-37.7143,144.9092,706000.0
-37.7168,144.9171,920000.0
-37.7204,144.9131,522000.0
-37.7233,144.9168,358500.0
-37.7161,144.9165,690000.0
-37.7151,144.9157,800000.0
-37.7182,144.9244,770000.0
-37.7207,144.9263,1100000.0
-37.7152,144.9074,727500.0
-37.7151,144.9062,925000.0
-37.7232,144.9154,475000.0
-37.722,144.9169,651000.0
-37.722,144.9192,770000.0
-37.7187,144.914,900000.0
-37.718,144.9124,815500.0
-37.7152,144.9165,770000.0
-37.7218,144.9188,585500.0
-37.7143,144.9096,840000.0
-37.7182,144.9246,1005000.0
-37.7209,144.9179,470000.0
-37.7178,144.9121,810000.0
-37.7216,144.9157,550000.0
-37.718,144.9138,855333.0
-37.7129,144.9253,900000.0
-37.7157,144.9165,480000.0
-37.9122,145.0853,680000.0
-37.9167,145.0855,981000.0
-37.9384,145.0878,876000.0
-37.9156,145.0879,875000.0
-37.9244,145.0883,651000.0
-37.9348,145.0836,802000.0
-37.9248,145.1067,995000.0
-37.9355,145.0979,881500.0
-37.9366,145.0954,900000.0
-37.9244,145.0885,782000.0
-37.9249,145.0943,580000.0
-37.9245,145.0937,937500.0
-37.9261,145.083,1080000.0
-37.9215,145.0925,1000000.0
-37.9129,145.094,1235000.0
-37.9361,145.0816,801347.0
-37.9377,145.0856,921000.0
-37.9099,145.0875,1900000.0
-37.9191,145.0855,752500.0
-37.9393,145.0962,800000.0
-37.9167,145.0879,800000.0
-37.9196,145.0876,1067000.0
-37.9239,145.0943,1310000.0
-37.918,145.1064,800000.0
-37.9178,145.0872,1260500.0
-37.9303,145.082,850500.0
-37.9107,145.0891,625000.0
-37.9187,145.1098,980500.0
-37.9213,145.0854,1068000.0
-37.9413,145.0957,937500.0
-37.935,145.083,1126000.0
-37.9112,145.0873,778000.0
-37.7767,144.9403,1230000.0
-37.7818,144.9576,1360000.0
-37.7939,144.9572,1805000.0
-37.7864,144.9409,352500.0
-37.7827,144.9575,395000.0
-37.7864,144.9409,307000.0
-37.7928,144.9575,2200000.0
-37.7823,144.9593,485000.0
-37.7933,144.9556,1717500.0
-37.7931,144.9565,1265000.0
-37.7852,144.9589,401000.0
-37.7965,144.9544,2375000.0
-37.7948,144.9571,1851000.0
-37.7896,144.9584,734600.0
-37.7944,144.9542,1928000.0
-37.7829,144.9574,526000.0
-37.7934,144.9562,2236000.0
-37.7821,144.9576,500000.0
-37.7818,144.9576,1403000.0
-37.7795,144.9413,965000.0
-37.7818,144.9576,1040000.0
-37.7829,144.9574,526000.0
-37.7813,144.9578,750000.0
-37.734,144.9416,1120000.0
-37.7156,144.9429,770000.0
-37.7312,144.9399,915000.0
-37.7194,144.9307,975000.0
-37.7301,144.9487,770000.0
-37.7181,144.9422,780000.0
-37.7234,144.9497,600000.0
-37.7308,144.9397,1465000.0
-37.731,144.9486,955000.0
-37.7187,144.9432,767000.0
-37.7236,144.9347,1196000.0
-37.7178,144.9422,731000.0
-37.7323,144.9288,555000.0
-37.718,144.94,585000.0
-37.7269,144.9274,480000.0
-37.7247,144.9257,605000.0
-37.7317,144.9313,495000.0
-37.7153,144.9418,738000.0
-37.7152,144.9349,386000.0
-37.7291,144.9446,452000.0
-37.7177,144.9321,522500.0
-37.7286,144.9249,601500.0
-37.7282,144.9304,1305000.0
-37.7204,144.9446,741000.0
-37.7283,144.9417,495000.0
-37.7296,144.9362,1345000.0
-37.7311,144.9395,530000.0
-37.7338,144.9441,815000.0
-37.7161,144.931,930000.0
-37.7262,144.9273,521500.0
-37.7251,144.9394,730000.0
-37.7269,144.9447,775000.0
-37.7166,144.9393,990000.0
-37.7328,144.9281,950000.0
-37.7312,144.9399,915000.0
-37.7273,144.9274,900000.0
-37.7315,144.9399,810000.0
-37.7238,144.9384,920000.0
-37.7337,144.9458,835000.0
-37.7271,144.9261,790000.0
-37.7207,144.9511,810000.0
-37.7228,144.928,667500.0
-37.7209,144.93,500000.0
-37.7315,144.9301,485000.0
-37.7283,144.9331,488000.0
-37.7182,144.9405,900000.0
-37.717,144.9509,680000.0
-37.717,144.9507,683500.0
-37.7223,144.9315,590000.0
-37.7184,144.9488,770000.0
-37.7295,144.9316,815000.0
-37.7231,144.9252,975000.0
-37.7282,144.9462,970000.0
-37.7305,144.9397,515000.0
-37.7282,144.9312,940000.0
-37.7212,144.9326,600000.0
-37.7282,144.928,510000.0
-37.7174,144.941,750000.0
-37.7319,144.9461,822000.0
-37.7304,144.9463,983000.0
-37.7195,144.9513,600000.0
-37.7214,144.9246,640000.0
-37.7152,144.9346,430000.0
-37.7256,144.9383,1350000.0
-37.7289,144.9412,780000.0
-37.7153,144.9434,474000.0
-37.7196,144.9485,810000.0
-37.7239,144.9395,723000.0
-37.7242,144.9411,550500.0
-37.7186,144.9306,610000.0
-37.7273,144.9254,1000000.0
-37.7266,144.9496,533000.0
-37.724,144.9501,630000.0
-37.7233,144.9507,410000.0
-37.7156,144.94299999999996,600000.0
-37.7211,144.9508,616000.0
-37.724,144.9333,792000.0
-37.7253,144.938,960000.0
-37.7268,144.9401,985000.0
-37.7326,144.9475,820000.0
-37.721,144.9514,670000.0
-37.7286,144.9317,855000.0
-37.7231,144.9482,665000.0
-37.7253,144.9324,690000.0
-37.7283,144.9356,880000.0
-37.7286,144.9456,700000.0
-37.7231,144.9373,600000.0
-37.7189,144.9367,721000.0
-37.7333,144.9384,720000.0
-37.7232,144.923,910000.0
-37.7304,144.9496,1570000.0
-37.7261,144.9336,525500.0
-37.7187,144.9514,612500.0
-37.7152,144.9402,248500.0
-37.7258,144.9347,960000.0
-37.7182,144.9384,1085000.0
-37.7271,144.9485,650000.0
-37.7346,144.9456,650000.0
-37.7257,144.9418,937000.0
-37.7161,144.9348,360000.0
-37.7168,144.9329,500000.0
-37.7304,144.9261,775000.0
-37.7215,144.951,599000.0
-37.8405,144.9319,1100000.0
-37.836,144.9419,1240000.0
-37.8384,144.923,1800000.0
-37.8359,144.9342,1150000.0
-37.8385,144.9409,985000.0
-37.841,144.9379,1200000.0
-37.8424,144.9449,1340000.0
-37.8381,144.9391,2200000.0
-37.8349,144.9266,2105000.0
-37.8408,144.94,550000.0
-37.8399,144.9287,1250000.0
-37.8415,144.9412,575000.0
-37.8371,144.921,1915000.0
-37.8395,144.9343,1630000.0
-37.8327,144.9474,1000000.0
-37.8382,144.9469,1470000.0
-37.8431,144.9403,725000.0
-37.8329,144.9375,1234500.0
-37.8424,144.9449,600000.0
-37.8375,144.941,1342000.0
-37.8416,144.939,500000.0
-37.8416,144.9381,795000.0
-37.8404,144.9391,590000.0
-37.8343,144.9452,1502000.0
-37.8392,144.9257,1100000.0
-37.8393,144.9336,1421000.0
-37.8415,144.9412,845000.0
-37.8434,144.9435,720000.0
-37.8351,144.9441,1275000.0
-37.8357,144.9376,1000000.0
-37.8331,144.9412,1820000.0
-37.841,144.9379,420000.0
-37.8407,144.9383,600000.0
-37.8393,144.947,1916000.0
-37.8424,144.9449,577000.0
-37.8392,144.9421,655000.0
-37.8352,144.9458,1016500.0
-37.8395,144.9462,1350000.0
-37.8346,144.9448,1560000.0
-37.8435,144.9415,1035000.0
-37.8435,144.9415,1070000.0
-37.8346,144.9373,1060000.0
-37.8392,144.9257,1610000.0
-37.8393,144.9386,1101000.0
-37.8359,144.9358,880000.0
-37.8431,144.9403,730000.0
-37.8338,144.9474,1080000.0
-37.8322,144.947,1115000.0
-37.8407,144.9389,516000.0
-37.8381,144.9329,1753000.0
-37.835,144.9373,825000.0
-37.8415,144.9412,820000.0
-37.8356,144.9439,900000.0
-37.8407,144.9424,2350000.0
-37.8371,144.9478,1565000.0
-37.8353,144.9442,1670000.0
-37.8332,144.945,1402000.0
-37.8382,144.9272,1570000.0
-37.8347,144.9368,1515000.0
-37.8329,144.9455,1155000.0
-37.8361,144.9403,1150000.0
-37.8381,144.9465,875000.0
-37.8415,144.9412,625000.0
-37.8348,144.9443,1384000.0
-37.84,144.9275,1405000.0
-37.8416,144.939,655000.0
-37.8405,144.9385,456000.0
-37.842,144.9364,2260000.0
-37.8404,144.9422,1130000.0
-37.8369,144.9183,1305000.0
-37.84,144.939,720000.0
-37.8356,144.9436,1130000.0
-37.8407,144.9389,520000.0
-37.8435,144.9415,1250000.0
-37.8436,144.944,470000.0
-37.8398,144.9404,600000.0
-37.8424,144.9449,670000.0
-37.8342,144.9456,1100000.0
-37.8399,144.9287,1252000.0
-37.8342,144.9393,1010000.0
-37.8396,144.9391,779000.0
-37.8329,144.9463,790000.0
-37.8405,144.9385,455500.0
-37.8346,144.9453,1400000.0
-37.8363,144.9336,1520000.0
-37.8329,144.942,1655000.0
-37.8443,144.9437,600000.0
-37.835,144.9444,1014000.0
-37.8343,144.9362,1351000.0
-37.8405,144.9319,2460000.0
-37.8429,144.9449,540000.0
-37.8341,144.9458,3705000.0
-37.8366,144.9225,1180000.0
-37.8317,144.9446,950000.0
-37.8371,144.939,1350000.0
-37.835,144.94299999999996,2100000.0
-37.8424,144.9449,735000.0
-37.8392,144.9421,400000.0
-37.8426,144.9398,900000.0
-37.8431,144.9403,470000.0
-37.8392,144.9378,2160000.0
-37.8373,144.9397,1380000.0
-37.8401,144.94299999999996,1080000.0
-37.835,144.9442,1405000.0
-37.85,145.0085,650000.0
-37.8486,144.9872,342000.0
-37.8503,144.9913,950000.0
-37.8511,145.0029,781000.0
-37.8519,144.9948,549800.0
-37.851,144.988,492000.0
-37.857,145.0027,500500.0
-37.8527,145.0088,1240000.0
-37.847,144.9936,1400000.0
-37.8496,144.9905,685000.0
-37.8516,144.9943,710000.0
-37.8595,145.0076,330000.0
-37.8495,144.9885,1430000.0
-37.8486,144.9872,325000.0
-37.8526,145.0071,1245000.0
-37.8503,144.9855,830000.0
-37.852,145.0061,1182500.0
-37.8512,145.0053,1303000.0
-37.8561,145.0042,1210000.0
-37.8493,145.0006,482500.0
-37.851,145.0051,1730000.0
-37.8531,145.0063,1090000.0
-37.8561,145.0056,1358000.0
-37.8581,145.0017,585000.0
-37.8526,145.0033,1106000.0
-37.8467,144.9897,1650000.0
-37.8492,145.0019,1590000.0
-37.8509,144.9954,590000.0
-37.8557,145.0053,1055000.0
-37.8493,144.9908,1350000.0
-37.851,144.988,700000.0
-37.8559,145.006,473000.0
-37.8525,145.0071,1100000.0
-37.853,145.0069,1200000.0
-37.851,144.988,530000.0
-37.8558,145.0072,1651000.0
-37.8529,145.0098,615000.0
-37.8501,144.9995,1500000.0
-37.8543,145.003,1460000.0
-37.847,144.9936,841000.0
-37.8588,145.0024,570000.0
-37.8592,145.0054,480000.0
-37.8528,145.0017,1310000.0
-37.8498,145.0039,1530000.0
-37.8506,144.9919,560000.0
-37.8518,145.0061,1300000.0
-37.8501,144.9953,815000.0
-37.8501,144.9953,765000.0
-37.8543,145.0024,910000.0
-37.8526,145.0106,1450000.0
-37.8481,144.9869,1540000.0
-37.8544,145.0038,1811000.0
-37.8577,145.0053,1180000.0
-37.8513,144.9943,510000.0
-37.8514,144.9957,1015000.0
-37.8562,145.0042,1720000.0
-37.85,144.9876,1050000.0
-37.8572,145.0066,1582000.0
-37.8523,145.0064,2385000.0
-37.8598,145.0097,681000.0
-37.8493,144.9873,1820000.0
-37.8479,144.9988,1305000.0
-37.8467,144.9894,1255000.0
-37.8476,144.9892,2180000.0
-37.8493,144.9908,712500.0
-37.8553,145.007,1720000.0
-37.857,145.0058,1021000.0
-37.8517,145.0056,1220000.0
-37.8584,145.0017,240000.0
-37.8478,144.9892,1500000.0
-37.8519,145.0055,1612000.0
-37.8494,145.005,1442000.0
-37.7419,145.0049,1250000.0
-37.7332,145.0252,855000.0
-37.7369,144.9905,930000.0
-37.7416,145.016,900000.0
-37.7346,145.0226,1004000.0
-37.7418,145.0095,930000.0
-37.7471,144.9877,1200000.0
-37.7399,145.0228,721000.0
-37.7428,145.0081,751000.0
-37.7311,144.9863,835000.0
-37.7423,145.0194,637000.0
-37.7471,144.9877,1265000.0
-37.7413,145.0203,1100000.0
-37.7339,145.0189,1082000.0
-37.7343,145.0025,715000.0
-37.7309,145.0151,630000.0
-37.7508,145.0209,837000.0
-37.7318,145.0192,950000.0
-37.7331,144.988,840000.0
-37.7322,145.0318,496000.0
-37.733,144.9988,931000.0
-37.7484,144.9949,942000.0
-37.7485,145.0025,650000.0
-37.7384,145.0058,850000.0
-37.7333,145.0353,560000.0
-37.7373,145.0237,540000.0
-37.7418,144.9934,1150000.0
-37.7411,145.0115,965000.0
-37.7339,145.0247,700000.0
-37.7441,145.0221,615000.0
-37.7441,145.0183,775000.0
-37.7359,144.985,735000.0
-37.7335,145.0374,550000.0
-37.7339,144.9897,1000000.0
-37.7351,145.0066,780000.0
-37.7379,144.9851,810000.0
-37.737,145.0227,843000.0
-37.7442,145.0168,600000.0
-37.7315,144.988,925000.0
-37.7367,144.9899,305000.0
-37.7389,144.9821,1080000.0
-37.7413,144.9939,656000.0
-37.7397,145.0209,799900.0
-37.7314,145.0017,916000.0
-37.7381,145.0116,1000000.0
-37.7485,144.998,914000.0
-37.7307,145.0094,1650000.0
-37.7344,145.00799999999995,990000.0
-37.7293,144.9931,512000.0
-37.739,145.0238,600000.0
-37.7355,145.0178,910000.0
-37.7444,145.0202,485000.0
-37.7396,145.0174,900000.0
-37.7353,144.989,1000000.0
-37.7352,144.9852,722000.0
-37.7395,144.9966,910000.0
-37.7365,145.0173,1260000.0
-37.7484,145.0048,635000.0
-37.7396,145.0175,550000.0
-37.7514,145.0118,485000.0
-37.7512,145.017,690000.0
-37.7437,144.9995,1065000.0
-37.7279,144.9849,1200000.0
-37.7359,145.0147,798000.0
-37.7363,144.9849,850000.0
-37.7361,144.9883,1355000.0
-37.7333,144.9844,815000.0
-37.751,145.0197,971000.0
-37.7306,144.9993,530000.0
-37.745,145.0139,900000.0
-37.7462,145.0044,700000.0
-37.7386,144.9828,930000.0
-37.7497,145.011,920000.0
-37.7372,145.01,842000.0
-37.7366,145.0115,830000.0
-37.7425,145.014,980000.0
-37.7414,144.9932,800000.0
-37.7314,145.0113,930000.0
-37.7468,144.9846,930000.0
-37.7345,144.9977,886000.0
-37.7511,144.9907,1080000.0
-37.7491,144.985,1040000.0
-37.7347,144.9966,1400000.0
-37.7479,145.0153,660000.0
-37.7377,144.9899,436000.0
-37.733,144.9961,876000.0
-37.7495,145.0092,910000.0
-37.7445,144.9917,1000000.0
-37.7321,145.0248,800000.0
-37.7307,145.0097,928000.0
-37.7358,144.9889,1070000.0
-37.7351,145.0271,565000.0
-37.7287,144.9869,714000.0
-37.7443,145.0015,770000.0
-37.7413,144.9885,1226000.0
-37.738,145.0064,810000.0
-37.7336,144.9958,1127000.0
-37.7486,144.9992,750000.0
-37.7525,145.0106,980000.0
-37.7353,145.0172,670000.0
-37.7379,144.9903,1315000.0
-37.7455,144.9954,780000.0
-37.7484,144.9886,986000.0
-37.7427,145.0176,771000.0
-37.7367,144.9895,760000.0
-37.7451,144.9888,850000.0
-37.7346,144.9956,890000.0
-37.7354,145.015,1088000.0
-37.7476,144.9842,1123000.0
-37.7456,145.0025,600000.0
-37.7441,144.9999,300000.0
-37.74,144.9821,890000.0
-37.7531,145.01,1040000.0
-37.7388,144.9844,1050000.0
-37.7427,144.9868,900000.0
-37.7476,145.0026,425000.0
-37.7351,145.0323,515000.0
-37.7366,145.0063,1040000.0
-37.7331,145.0341,520000.0
-37.7277,144.9851,605000.0
-37.7521,145.0114,890000.0
-37.7423,145.0105,790000.0
-37.7415,145.0084,1000000.0
-37.7481,145.0017,860000.0
-37.7348,144.9852,630000.0
-37.7337,144.9854,660000.0
-37.7362,145.0232,810000.0
-37.7371,145.0111,875000.0
-37.7423,145.0097,923000.0
-37.7361,145.0093,920000.0
-37.7392,144.9937,1150000.0
-37.7369,145.0201,871000.0
-37.7344,144.9865,910000.0
-37.7406,145.0155,1330000.0
-37.7506,144.9847,950000.0
-37.7385,145.0103,821000.0
-37.7441,145.0154,888500.0
-37.7346,145.0164,870000.0
-37.7436,145.0191,1186000.0
-37.7418,145.0089,900000.0
-37.7486,145.0039,800000.0
-37.749,145.0051,1030000.0
-37.7345,144.9891,1615000.0
-37.7444,145.014,715000.0
-37.7523,145.0091,610000.0
-37.7507,144.9921,1162500.0
-37.743,144.9914,1142500.0
-37.7392,145.0163,930000.0
-37.7302,144.998,875000.0
-37.7395,144.9843,840000.0
-37.7479,144.9941,805000.0
-37.75,144.9846,750000.0
-37.732,145.0209,750000.0
-37.7019,145.0256,475000.0
-37.708,145.0181,415000.0
-37.7292,145.0214,731000.0
-37.7101,145.0223,352000.0
-37.7299,145.0242,723000.0
-37.7166,144.9911,336000.0
-37.7139,145.0215,685000.0
-37.7086,145.0251,620000.0
-37.7021,144.9985,620000.0
-37.7262,145.0177,1025000.0
-37.713,145.0108,490000.0
-37.7286,145.0059,805000.0
-37.6997,145.0043,770000.0
-37.7183,145.0164,645000.0
-37.7266,145.0004,1005000.0
-37.7279,145.0136,931000.0
-37.702,145.0071,810000.0
-37.7182,145.0161,535000.0
-37.7276,145.0165,920000.0
-37.7093,145.0012,800000.0
-37.6946,144.9962,510000.0
-37.705,145.0216,651000.0
-37.7152,144.9823,502500.0
-37.7273,145.0254,365000.0
-37.711,145.0027,405000.0
-37.7293,145.0216,620500.0
-37.721,144.9967,730000.0
-37.7025,144.9887,260000.0
-37.7226,144.9953,665000.0
-37.7132,145.0075,625000.0
-37.7099,145.0131,357500.0
-37.719,145.0014,427500.0
-37.6926,144.9861,851000.0
-37.7271,144.9968,998000.0
-37.721,144.9952,1030000.0
-37.7288,145.0224,498000.0
-37.7283,145.0207,410000.0
-37.7283,144.9991,450000.0
-37.711,145.0052,341000.0
-37.7304,145.0158,270000.0
-37.7262,144.997,900000.0
-37.7248,145.023,500000.0
-37.726,145.0044,1015000.0
-37.7154,144.9962,915000.0
-37.6998,145.0248,380000.0
-37.7172,145.016,468000.0
-37.718,144.9999,800000.0
-37.7177,144.9917,380000.0
-37.719,144.9971,600000.0
-37.7036,145.0145,530000.0
-37.702,145.0148,592000.0
-37.7108,145.0048,611000.0
-37.709,145.0219,440000.0
-37.7099,144.9938,650000.0
-37.7059,145.0115,416000.0
-37.7205,144.9872,610000.0
-37.7199,144.9965,890000.0
-37.7272,145.0057,301000.0
-37.721,144.9885,865000.0
-37.7285,145.0242,436000.0
-37.7126,145.015,650000.0
-37.7241,145.0114,432000.0
-37.7125,145.02200000000005,650000.0
-37.7093,145.0006,836000.0
-37.7043,145.0277,401000.0
-37.7293,145.0224,635000.0
-37.7167,145.0001,491000.0
-37.7145,144.9962,420000.0
-37.7196,144.9899,810000.0
-37.7199,145.0155,780000.0
-37.7181,144.9985,520000.0
-37.7009,144.999,660000.0
-37.71,145.0082,555000.0
-37.7091,145.0255,350000.0
-37.7257,145.0243,540000.0
-37.7077,145.0211,678000.0
-37.7223,145.0126,812000.0
-37.7107,145.0317,682000.0
-37.7171,145.0019,380000.0
-37.7175,145.0081,350000.0
-37.6945,144.99200000000005,750000.0
-37.7139,145.0198,495000.0
-37.7246,144.9995,644000.0
-37.7034,144.9886,895500.0
-37.6957,145.0161,500000.0
-37.7249,144.9854,940000.0
-37.7231,145.0168,755000.0
-37.7239,145.0083,568000.0
-37.7064,145.0264,350000.0
-37.703,145.0201,452000.0
-37.7112,144.9989,335000.0
-37.7293,145.032,585000.0
-37.7327,145.0347,360000.0
-37.7327,145.0347,380000.0
-37.728,145.0352,546000.0
-37.7092,145.0274,400000.0
-37.7176,145.0058,1700000.0
-37.7094,145.0204,592500.0
-37.7261,144.9983,830000.0
-37.708,145.0223,360000.0
-37.713,145.0137,655000.0
-37.6974,145.0213,410000.0
-37.7033,145.0169,836000.0
-37.7134,145.0235,635000.0
-37.7029,145.0324,811000.0
-37.7092,144.9933,650000.0
-37.7214,145.0241,765000.0
-37.709,145.0219,440000.0
-37.7255,145.0088,715000.0
-37.7064,145.0321,670000.0
-37.7104,145.0076,376000.0
-37.7093,145.0084,323000.0
-37.6983,144.9941,680000.0
-37.7141,145.0047,530000.0
-37.7283,145.0072,786000.0
-37.7261,144.9961,390000.0
-37.7184,144.9962,650000.0
-37.7156,144.9825,540000.0
-37.7096,145.0036,685000.0
-37.722,144.9922,800000.0
-37.7187,145.0127,830000.0
-37.7295,145.0243,330000.0
-37.7086,144.9919,539000.0
-37.7038,145.0281,622500.0
-37.704,145.0299,767500.0
-37.7245,145.004,780000.0
-37.6989,145.0212,668000.0
-37.7247,145.0096,1215000.0
-37.7285,144.9961,1120000.0
-37.7277,145.0248,470000.0
-37.7075,145.0136,800000.0
-37.7152,144.997,1700000.0
-37.7061,145.0308,655000.0
-37.7303,145.0171,885000.0
-37.7113,145.0224,510000.0
-37.7078,145.033,440000.0
-37.7066,145.0203,703000.0
-37.7149,145.0009,424000.0
-37.7054,145.0137,750000.0
-37.7007,144.9815,613000.0
-37.7027,145.0001,779000.0
-37.7284,145.0361,425000.0
-37.7024,144.984,791000.0
-37.692,144.9781,475000.0
-37.7196,144.997,950000.0
-37.703,145.014,352000.0
-37.6981,144.9989,730000.0
-37.7076,145.017,791000.0
-37.7022,145.0078,905000.0
-37.7053,145.0173,480000.0
-37.7098,145.0031,767000.0
-37.7276,144.989,871000.0
-37.7108,145.0289,450000.0
-37.7238,144.9964,921500.0
-37.7186,145.0166,490000.0
-37.7258,145.0129,787000.0
-37.7112,144.9989,300000.0
-37.7112,144.9989,335000.0
-37.7229,145.0225,670500.0
-37.7061,145.0147,1050000.0
-37.7097,144.9912,475000.0
-37.7098,145.0211,440000.0
-37.7217,144.9954,851500.0
-37.7271,145.0009,623500.0
-37.7001,144.9936,830000.0
-37.7104,145.0257,572000.0
-37.7208,145.0148,600000.0
-37.7211,145.0147,450000.0
-37.705,145.0152,525000.0
-37.7086,145.0313,692500.0
-37.7243,145.0014,790000.0
-37.709,145.0015,785000.0
-37.726,144.9858,840000.0
-37.6961,144.9865,925000.0
-37.7195,145.0074,700000.0
-37.705,145.0035,801000.0
-37.7111,144.9919,216000.0
-37.7111,144.9919,220000.0
-37.7313,145.0224,866000.0
-37.7126,144.99,340000.0
-37.7047,145.0252,500250.0
-37.7186,145.011,395000.0
-37.7164,145.0048,810000.0
-37.719,144.9972,790000.0
-37.7128,145.0075,465000.0
-37.6917,144.9755,601000.0
-37.7106,145.0138,772000.0
-37.7211,145.0195,968000.0
-37.7218,145.015,928000.0
-37.7174,145.0016,300000.0
-37.702,145.0324,420000.0
-37.7021,145.0178,885000.0
-37.6983,145.0104,240000.0
-37.7208,144.9887,815000.0
-37.7217,145.0163,882500.0
-37.7195,144.9982,793000.0
-37.7106,145.0225,550000.0
-37.7156,144.9977,477000.0
-37.6984,144.9997,433000.0
-37.7328,145.0348,672000.0
-37.7089,145.0192,680000.0
-37.723,145.0024,751000.0
-37.7013,145.0244,851000.0
-37.7265,144.9918,777000.0
-37.7264,145.0198,1162000.0
-37.7108,145.0156,620000.0
-37.7242,145.0154,1025000.0
-37.7101,144.9999,762500.0
-37.7263,145.0003,832000.0
-37.7306,145.0242,820000.0
-37.7115,145.0009,784000.0
-37.7285,144.9964,1186000.0
-37.7219,144.9892,665000.0
-37.7146,145.001,405000.0
-37.7175,145.0,431000.0
-37.7129,145.0047,885000.0
-37.704,144.9864,718500.0
-37.7099,145.0333,762500.0
-37.7012,145.0069,737000.0
-37.7192,144.9971,810000.0
-37.7103,145.0037,610000.0
-37.7173,144.9976,430000.0
-37.7207,145.0196,730000.0
-37.697,144.9989,680000.0
-37.7291,145.02100000000004,705000.0
-37.7243,144.9883,705000.0
-37.6983,144.9998,390000.0
-37.8106,144.994,937000.0
-37.8166,144.9945,1260000.0
-37.8206,145.0003,1236000.0
-37.8195,145.0103,540000.0
-37.8164,145.0136,795250.0
-37.824,144.9918,582000.0
-37.8226,145.013,500000.0
-37.8163,144.9984,1600000.0
-37.8159,144.994,2180000.0
-37.8214,144.9997,370000.0
-37.8244,145.0044,3335000.0
-37.8159,145.0033,935000.0
-37.8265,145.0022,1102000.0
-37.8177,144.9972,437500.0
-37.8127,145.0094,421000.0
-37.8123,145.0081,479000.0
-37.8157,145.0073,3200000.0
-37.8258,145.0057,479000.0
-37.8126,145.004,1042500.0
-37.8174,144.9949,655000.0
-37.8212,145.005,1130000.0
-37.8198,145.005,561000.0
-37.8231,144.9906,635000.0
-37.8193,144.9993,1010000.0
-37.8235,145.0035,1025000.0
-37.8255,145.0013,1102000.0
-37.815,145.0089,550000.0
-37.8154,145.0061,1152500.0
-37.817,145.0135,1375000.0
-37.8215,145.0102,1422000.0
-37.8284,144.9989,1506000.0
-37.8131,145.005,1350000.0
-37.8127,145.0073,1090000.0
-37.822,145.0104,405000.0
-37.8127,145.0094,327000.0
-37.8167,144.9977,1474000.0
-37.8167,144.9978,1555000.0
-37.8198,145.005,500000.0
-37.8187,145.0079,815000.0
-37.8211,144.9955,345000.0
-37.8127,145.0094,345000.0
-37.8285,145.0022,1275000.0
-37.8116,145.0042,1150000.0
-37.8201,144.9898,950000.0
-37.8231,144.9906,270000.0
-37.8183,144.9979,439000.0
-37.8333,144.998,695000.0
-37.8198,144.996,512000.0
-37.815,145.00799999999995,855000.0
-37.8198,145.005,1040000.0
-37.8214,144.9896,342000.0
-37.8231,144.9906,681000.0
-37.8193,144.9976,900000.0
-37.8243,145.0034,1250000.0
-37.812,144.9939,990000.0
-37.8232,145.0002,1189000.0
-37.8245,144.9933,1220000.0
-37.8213,145.005,1220000.0
-37.8241,145.0015,1100000.0
-37.8169,144.996,1346000.0
-37.8173,144.9965,450000.0
-37.8289,144.9992,1340000.0
-37.8254,145.0,1421000.0
-37.8138,144.9921,1074000.0
-37.8198,144.9979,1205000.0
-37.8209,145.0055,1430000.0
-37.8122,144.9937,1465000.0
-37.812,145.0029,391000.0
-37.8251,144.9959,1035000.0
-37.8236,145.009,530000.0
-37.814,145.002,930000.0
-37.8139,145.0039,1182000.0
-37.8171,145.009,777500.0
-37.824,145.0052,1115000.0
-37.8331,144.9975,760000.0
-37.8173,144.9965,640000.0
-37.8241,144.9934,1710000.0
-37.8225,145.0007,1420000.0
-37.8195,145.0103,390000.0
-37.8214,144.9951,3020000.0
-37.8215,145.0132,1346000.0
-37.8127,145.0094,380000.0
-37.823,144.9982,680000.0
-37.814,145.006,1081000.0
-37.8207,145.0053,860000.0
-37.8292,145.0029,1820000.0
-37.8118,144.9937,905000.0
-37.8231,144.9906,691000.0
-37.8126,145.0064,1088000.0
-37.8238,145.0072,911000.0
-37.8152,144.9922,3001000.0
-37.822,145.0104,638000.0
-37.8259,145.0089,951000.0
-37.821,145.0082,912000.0
-37.8234,144.9985,415000.0
-37.8246,145.0012,1285000.0
-37.8203,145.01,1220000.0
-37.8139,145.0012,900000.0
-37.8247,145.0001,1695000.0
-37.8134,145.0055,1365000.0
-37.8239,145.0045,1088000.0
-37.8232,145.0014,1765000.0
-37.8294,145.0029,1045000.0
-37.8261,145.0127,1591000.0
-37.813,144.993,402000.0
-37.822,145.0041,1275000.0
-37.8139,145.0042,1035000.0
-37.8246,144.9967,2000000.0
-37.8128,145.0139,931000.0
-37.82,145.0054,2640000.0
-37.8145,145.0014,842000.0
-37.8206,145.0099,1510000.0
-37.8132,144.9929,1550000.0
-37.8225,145.0029,1456000.0
-37.8226,145.0064,1145000.0
-37.8201,144.9927,810000.0
-37.8181,145.007,1100000.0
-37.8244,145.0046,1220000.0
-37.8209,145.0014,895000.0
-37.8218,145.0089,1430000.0
-37.8218,145.0132,1045000.0
-37.8158,144.9931,2000000.0
-37.8333,144.998,646000.0
-37.8166,145.0036,660000.0
-37.8215,145.0054,1145000.0
-37.8331,144.9975,380000.0
-37.8267,145.0122,1285000.0
-37.8201,144.9898,905000.0
-37.8128,145.0133,750000.0
-37.8189,145.0131,604000.0
-37.8147,145.0084,1645000.0
-37.833,144.997,945000.0
-37.8242,145.0026,306000.0
-37.8203,145.0092,1270000.0
-37.8248,144.9976,975000.0
-37.8159,145.0033,1105000.0
-37.8201,145.007,965000.0
-37.8195,145.0103,620000.0
-37.8208,145.0013,1100000.0
-37.8231,144.9906,450000.0
-37.8214,145.0132,1850000.0
-37.8217,145.007,1650000.0
-37.8166,144.9987,1320000.0
-37.8212,144.9985,1651000.0
-37.8198,145.0026,1032000.0
-37.8148,144.9912,915000.0
-37.8194,145.0024,1075000.0
-37.8268,145.0129,1800000.0
-37.8189,145.0131,791500.0
-37.8233,144.9947,1600000.0
-37.8229,144.9931,1200000.0
-37.82,144.9987,1555000.0
-37.8249,144.9976,1361000.0
-37.8214,145.0119,1540000.0
-37.8278,144.9984,1582000.0
-37.823,144.9982,712000.0
-37.8263,145.0085,2055000.0
-37.8155,145.0061,1012000.0
-37.8198,144.9899,1570000.0
-37.8206,144.9913,1345000.0
-37.822,145.0104,410000.0
-37.822,145.0104,696000.0
-37.8183,145.0079,1350000.0
-37.8302,144.9993,1405000.0
-37.8127,145.0094,362000.0
-37.833,144.997,760000.0
-37.8128,145.0139,807000.0
-37.8195,144.9974,1495000.0
-37.8199,145.0017,1410000.0
-37.8331,144.9975,385000.0
-37.8209,145.0052,1150000.0
-37.8211,145.0114,1400000.0
-37.8185,145.0061,1775000.0
-37.8181,144.9901,360000.0
-37.8219,145.0096,1270000.0
-37.8251,145.0063,827500.0
-37.8252,145.0013,1500000.0
-37.8189,145.0131,560000.0
-37.8167,145.0098,1165000.0
-37.8198,145.005,790000.0
-37.8136,144.9927,870000.0
-37.8202,145.0013,1185000.0
-37.8129,145.0013,1212500.0
-37.8199,144.9911,1125000.0
-37.8185,144.9935,1520000.0
-37.7395,145.0773,1101500.0
-37.7407,145.0612,971000.0
-37.7348,145.0656,1020000.0
-37.7386,145.0733,560000.0
-37.7299,145.0656,1050000.0
-37.7439,145.0688,1155000.0
-37.747,145.07,531000.0
-37.7449,145.072,620000.0
-37.7367,145.0797,780000.0
-37.7338,145.0703,1051000.0
-37.7465,145.0612,2530000.0
-37.7377,145.0737,720000.0
-37.7417,145.0613,633000.0
-37.7381,145.07299999999995,725000.0
-37.7437,145.0633,821000.0
-37.7449,145.0596,915000.0
-37.7415,145.0726,600000.0
-37.733,145.0694,890000.0
-37.7312,145.0635,1245000.0
-37.7362,145.079,430000.0
-37.7346,145.0715,860000.0
-37.7359,145.0614,1012000.0
-37.7342,145.0658,1020000.0
-37.7432,145.0631,635000.0
-37.7472,145.0702,515000.0
-37.7324,145.0606,1610000.0
-37.7428,145.07,1200000.0
-37.7435,145.0686,1270000.0
-37.7347,145.0783,515000.0
-37.7417,145.061,780000.0
-37.7352,145.0714,1000000.0
-37.7352,145.0713,867000.0
-37.7412,145.0642,945000.0
-37.7458,145.0609,618000.0
-37.7387,145.0729,1720000.0
-37.7388,145.0742,601000.0
-37.7393,145.0685,852000.0
-37.7458,145.0659,452000.0
-37.7433,145.0716,1021000.0
-37.7404,145.0648,710000.0
-37.7336,145.0615,990000.0
-37.7345,145.0753,908000.0
-37.8094,144.8869,1145000.0
-37.8078,144.8972,970000.0
-37.8033,144.8897,1325000.0
-37.8087,144.8978,450000.0
-37.8066,144.887,1330000.0
-37.8038,144.8896,1075000.0
-37.8097,144.8987,937500.0
-37.8033,144.8897,1350000.0
-37.8087,144.8952,1201000.0
-37.8066,144.8853,990000.0
-37.8045,144.8898,720000.0
-37.8052,144.8883,780000.0
-37.8052,144.8941,880000.0
-37.8057,144.8857,920000.0
-37.8093,144.8941,1395000.0
-37.8037,144.8874,965000.0
-37.807,144.898,920000.0
-37.8086,144.8927,1001000.0
-37.8044,144.8941,755000.0
-37.8065,144.8866,875000.0
-37.8034,144.8855,822500.0
-37.8037,144.8893,990000.0
-37.8051,144.8858,1080000.0
-37.8103,144.8962,1126000.0
-37.8083,144.8896,1025000.0
-37.8078,144.8846,1275000.0
-37.8075,144.8909,881000.0
-37.8084,144.8907,955000.0
-37.809,144.8865,1455000.0
-37.8087,144.8978,215000.0
-37.8042,144.892,533000.0
-37.8057,144.8882,1200000.0
-37.8047,144.8948,970000.0
-37.8066,144.8971,355000.0
-37.8067,144.8934,1032000.0
-37.8082,144.8928,887000.0
-37.8064,144.8944,965000.0
-37.8039,144.8929,920000.0
-37.8059,144.8899,1270000.0
-37.8032,144.8892,1310000.0
-37.81,144.8896,815000.0
-37.8078,144.8979,701000.0
-37.8341,144.9713,593000.0
-37.8363,144.9628,1600000.0
-37.8344,144.9686,920500.0
-37.8355,144.951,1620000.0
-37.8332,144.9548,1002000.0
-37.8359,144.9644,1355000.0
-37.8374,144.9495,1270000.0
-37.838,144.9489,2633000.0
-37.8365,144.9631,1405000.0
-37.8311,144.9679,575000.0
-37.8353,144.96,760500.0
-37.8377,144.9653,2260000.0
-37.8373,144.9493,1150000.0
-37.8391,144.9501,1595000.0
-37.8369,144.968,595000.0
-37.8341,144.9713,490000.0
-37.8329,144.9529,1250000.0
-37.8311,144.9679,862000.0
-37.836,144.965,2180000.0
-37.8345,144.9685,930000.0
-37.834,144.9665,600000.0
-37.8346,144.9688,1200000.0
-37.8346,144.9673,612000.0
-37.8342,144.9679,380000.0
-37.8383,144.9499,2000000.0
-37.8369,144.968,1500000.0
-37.8389,144.9612,2000000.0
-37.8372,144.9672,1050000.0
-37.8337,144.9507,1100000.0
-37.8363,144.9509,1250000.0
-37.8357,144.9531,1650000.0
-37.8346,144.9673,770000.0
-37.8308,144.9694,561000.0
-37.8383,144.9632,1825000.0
-37.839,144.94799999999995,1200000.0
-37.8337,144.966,1550000.0
-37.8341,144.9661,891000.0
-37.8331,144.9665,1450000.0
-37.8335,144.9611,1360000.0
-37.8351,144.9675,1390000.0
-37.8357,144.9502,1615000.0
-37.8369,144.968,480000.0
-37.8341,144.9541,1185000.0
-37.8352,144.952,2300000.0
-37.8398,144.9493,1720000.0
-37.8341,144.9713,320000.0
-37.8319,144.9682,742000.0
-37.8333,144.9576,2075000.0
-37.8355,144.9663,2525000.0
-37.8331,144.9683,560000.0
-37.8361,144.9682,690000.0
-37.8351,144.9909,430000.0
-37.8393,144.9886,722000.0
-37.8361,144.9966,930000.0
-37.8363,145.0003,467500.0
-37.8391,144.9984,475000.0
-37.8411,144.9944,850000.0
-37.8453,144.9849,1230000.0
-37.8393,144.9886,965000.0
-37.8372,144.9963,315000.0
-37.8407,144.9962,1510000.0
-37.8392,144.9947,402000.0
-37.8399,145.0003,1880000.0
-37.837,144.9881,422000.0
-37.8374,144.9918,535000.0
-37.8379,144.9913,990000.0
-37.8361,144.9842,695000.0
-37.8361,144.9966,978500.0
-37.8357,144.9867,863000.0
-37.8338,144.9858,680000.0
-37.8439,144.9974,840000.0
-37.8421,144.9978,450000.0
-37.8453,144.9849,750000.0
-37.8344,144.9916,650000.0
-37.8394,144.9886,775000.0
-37.8368,144.9857,572000.0
-37.8361,144.9966,510000.0
-37.8334,144.9867,1460000.0
-37.8456,145.0005,465000.0
-37.8361,144.9966,801000.0
-37.8426,144.993,623500.0
-37.8414,144.991,409000.0
-37.8423,144.997,370000.0
-37.8416,144.9923,1250000.0
-37.8361,144.9966,480000.0
-37.8392,144.9883,2325000.0
-37.8314,144.9877,659000.0
-37.8343,144.9899,780000.0
-37.8361,144.9966,865000.0
-37.8421,144.9876,1455000.0
-37.8377,145.0021,1365000.0
-37.8405,145.0025,411000.0
-37.8404,145.0045,360500.0
-37.8376,144.9847,1300000.0
-37.8376,144.9847,1300000.0
-37.8359,144.9839,1630000.0
-37.8359,144.9921,625000.0
-37.842,144.9873,2430000.0
-37.8425,145.0009,490000.0
-37.8357,144.991,955000.0
-37.8415,144.991,380000.0
-37.8406,145.0033,601000.0
-37.8332,144.9901,450000.0
-37.8408,144.9977,1500000.0
-37.8407,145.0043,1030000.0
-37.8356,144.9773,555000.0
-37.8377,144.9894,5700000.0
-37.8422,144.9884,2300000.0
-37.8375,145.0012,515000.0
-37.8361,144.9831,2695000.0
-37.8451,145.0019,2870000.0
-37.8359,144.9801,805000.0
-37.8374,144.9871,370000.0
-37.8339,144.9872,360000.0
-37.8444,145.0037,310000.0
-37.8403,144.9893,1036500.0
-37.8407,145.004,627500.0
-37.8407,145.0043,1072000.0
-37.837,144.9931,425000.0
-37.8437,144.9904,330000.0
-37.8374,144.9871,450000.0
-37.8406,145.0035,550000.0
-37.8402,145.0029,400000.0
-37.844,144.9867,1700000.0
-37.845,145.0012,613000.0
-37.8343,144.9888,1240000.0
-37.8342,144.9842,832000.0
-37.8383,145.0014,693000.0
-37.8383,145.0011,551000.0
-37.8376,145.0012,740000.0
-37.8416,144.9959,2285000.0
-37.836,144.9824,3000000.0
-37.8384,144.9886,450000.0
-37.8433,144.9962,515000.0
-37.8453,144.9849,805000.0
-37.8361,144.9921,630000.0
-37.8336,144.9882,600000.0
-37.8472,145.0026,1780000.0
-37.8428,144.991,2115000.0
-37.8458,145.0034,523000.0
-37.8344,144.9857,2050000.0
-37.8366,144.9827,2600000.0
-37.8437,144.9904,320000.0
-37.8432,144.9906,2395000.0
-37.84,144.9988,920000.0
-37.8355,144.9884,400000.0
-37.8442,144.9928,1810000.0
-37.8328,144.9866,612000.0
-37.8368,144.9848,567500.0
-37.8356,144.9767,540000.0
-37.8374,144.9903,803000.0
-37.8425,144.9877,2010000.0
-37.8395,144.9898,1945000.0
-37.8395,144.9868,906000.0
-37.8406,145.0035,367000.0
-37.8446,144.9896,1130000.0
-37.835,145.0002,500000.0
-37.8319,144.9876,310000.0
-37.8436,144.9925,1100000.0
-37.8427,145.0006,410000.0
-37.8454,144.9888,1125000.0
-37.8361,144.9966,840000.0
-37.8433,145.0001,1400000.0
-37.8336,144.9882,635000.0
-37.837,144.9907,680500.0
-37.8418,144.986,1800000.0
-37.8423,144.997,280000.0
-37.838,145.0011,613000.0
-37.8323,144.9876,520000.0
-37.8361,144.9966,827000.0
-37.8361,144.9966,510000.0
-37.8436,144.9925,1200000.0
-37.8337,144.9886,480000.0
-37.8414,145.0043,660000.0
-37.845,145.0001,470000.0
-37.835,144.9905,621500.0
-37.8454,144.9989,2667000.0
-37.8425,145.0031,2200000.0
-37.8404,145.0022,1700000.0
-37.8406,144.9864,1056800.0
-37.8422,144.9884,2400000.0
-37.8337,144.9886,410000.0
-37.8437,144.9852,260800.0
-37.8446,144.9879,1200000.0
-37.8448,144.9882,1540000.0
-37.8342,144.9842,826000.0
-37.8357,144.9859,910000.0
-37.8374,144.9852,1715000.0
-37.8334,144.9867,1700000.0
-37.8453,145.0012,505000.0
-37.8421,144.9978,330000.0
-37.8352,144.9922,687000.0
-37.8235,144.9655,720000.0
-37.8301,144.9697,385500.0
-37.8267,144.9687,868000.0
-37.8235,144.9655,590000.0
-37.8246,144.9632,530000.0
-37.8273,144.9556,650000.0
-37.8267,144.9687,990000.0
-37.828,144.9683,623000.0
-37.8227,144.9664,592500.0
-37.828,144.9683,600000.0
-37.8295,144.9692,485000.0
-37.8228,144.9661,455000.0
-37.8255,144.9665,569000.0
-37.8288,144.9679,1220000.0
-37.8267,144.9687,1250000.0
-37.8256,144.9622,430000.0
-37.8255,144.9665,480000.0
-37.8245,144.9622,425000.0
-37.8297,144.9499,815000.0
-37.828,144.9683,740000.0
-37.8226,144.9667,580000.0
-37.8299,144.9496,700000.0
-37.8288,144.9679,660000.0
-37.8299,144.9679,622500.0
-37.8295,144.9692,690000.0
-37.8229,144.9612,800000.0
-37.822,144.9637,540000.0
-37.8274,144.9587,370000.0
-37.8273,144.9685,720000.0
-37.8272,144.8789,1040000.0
-37.831,144.8884,855000.0
-37.8333,144.8868,832500.0
-37.8263,144.8775,850000.0
-37.8302,144.8885,1080000.0
-37.8279,144.874,1170000.0
-37.8282,144.8856,927000.0
-37.8284,144.8861,850000.0
-37.8309,144.889,831000.0
-37.8255,144.8709,835000.0
-37.8261,144.8718,840000.0
-37.829,144.8807,1315000.0
-37.8261,144.872,1035000.0
-37.8248,144.8707,1161000.0
-37.8279,144.873,775000.0
-37.8277,144.8841,1016000.0
-37.8248,144.8717,690000.0
-37.8267,144.8779,1070000.0
-37.8284,144.8861,871500.0
-37.8679,144.9813,509000.0
-37.8656,144.9782,380000.0
-37.8675,144.9851,430000.0
-37.8715,144.9827,640000.0
-37.8707,144.9765,602000.0
-37.8573,144.9825,575000.0
-37.8616,144.9907,495000.0
-37.8618,144.982,2000000.0
-37.859,144.9767,500000.0
-37.8656,144.9782,530000.0
-37.8645,144.9805,1891000.0
-37.8667,144.9832,2000000.0
-37.861,144.9819,2220000.0
-37.8646,144.9786,1500000.0
-37.8725,144.97899999999996,2455000.0
-37.8641,144.9739,2000000.0
-37.8571,144.987,500000.0
-37.8568,144.9873,685000.0
-37.863,144.9747,380000.0
-37.8676,144.9834,465000.0
-37.8573,144.9825,616000.0
-37.867,144.991,875000.0
-37.861,144.9915,610000.0
-37.8605,144.9769,400000.0
-37.8571,144.987,450000.0
-37.8731,144.9799,451000.0
-37.8624,144.9768,1400000.0
-37.8619,144.9802,455000.0
-37.8585,144.9852,487500.0
-37.8568,144.9873,459000.0
-37.8621,144.9823,395000.0
-37.8585,144.9852,560000.0
-37.8717,144.9829,520000.0
-37.8658,144.9766,2720000.0
-37.8568,144.9873,542500.0
-37.8722,144.9805,370500.0
-37.8589,144.9883,5046000.0
-37.8614,144.9741,385000.0
-37.8726,144.9782,1900000.0
-37.8605,144.9834,475000.0
-37.859,144.9767,390000.0
-37.8668,144.9801,500000.0
-37.8591,144.97899999999996,571000.0
-37.8579,144.981,690000.0
-37.8661,144.9772,430000.0
-37.8612,144.9804,420000.0
-37.8599,144.9766,392000.0
-37.8616,144.9807,1900000.0
-37.8681,144.9844,570000.0
-37.8653,144.9824,540000.0
-37.8604,144.9817,475000.0
-37.8682,144.9782,335000.0
-37.8709,144.9807,570000.0
-37.8653,144.9824,561000.0
-37.8619,144.976,400000.0
-37.8659,144.9887,1220000.0
-37.8656,144.9851,920000.0
-37.8642,144.9814,330000.0
-37.8594,144.9828,503500.0
-37.8617,144.9796,580000.0
-37.8627,144.9912,360000.0
-37.8587,144.9797,320000.0
-37.8584,144.9802,1295000.0
-37.8596,144.9889,481000.0
-37.8638,144.982,1120000.0
-37.8676,144.9901,400000.0
-37.8619,144.9771,582000.0
-37.8716,144.9828,1210000.0
-37.8706,144.9821,366000.0
-37.8562,144.9848,808000.0
-37.869,144.9826,1316000.0
-37.8635,144.9857,640000.0
-37.8647,144.9819,785000.0
-37.8731,144.9799,450000.0
-37.8641,144.9866,875000.0
-37.8585,144.9854,650000.0
-37.8665,144.9833,431000.0
-37.8648,144.9783,385000.0
-37.8562,144.9844,575000.0
-37.865,144.9761,757500.0
-37.861,144.9891,535000.0
-37.8722,144.98,610000.0
-37.8582,144.9913,4400000.0
-37.8644,144.9741,610000.0
-37.8674,144.9839,420000.0
-37.865,144.9804,1250000.0
-37.859,144.9792,360000.0
-37.8612,144.985,450000.0
-37.8614,144.9793,535000.0
-37.8654,144.9809,1200500.0
-37.8562,144.9844,565000.0
-37.8631,144.9749,452000.0
-37.8645,144.9749,520000.0
-37.8735,144.9798,482300.0
-37.8681,144.9894,902000.0
-37.8584,144.9802,1600000.0
-37.8625,144.9888,1435000.0
-37.8686,144.9812,750000.0
-37.8646,144.98,1365000.0
-37.8629,144.9887,1950000.0
-37.8562,144.9844,470000.0
-37.8663,144.9882,1678000.0
-37.8642,144.9793,400000.0
-37.859,144.9767,500000.0
-37.8724,144.9767,4750000.0
-37.8718,144.9776,760000.0
-37.8612,144.985,720000.0
-37.8571,144.987,461000.0
-37.8568,144.9873,580000.0
-37.8626,144.9818,700000.0
-37.859,144.9767,430000.0
-37.8677,144.984,1030000.0
-37.8695,144.9763,1100000.0
-37.8714,144.9802,1225000.0
-37.8591,144.97899999999996,400000.0
-37.8573,144.9825,435000.0
-37.861,144.9891,648000.0
-37.8699,144.9764,354000.0
-37.8601,144.9898,550000.0
-37.8569,144.9885,475000.0
-37.7356,144.9242,905000.0
-37.7207,144.9073,1052000.0
-37.7196,144.9062,1015000.0
-37.7367,144.9204,1265000.0
-37.7369,144.9251,1025000.0
-37.7411,144.9262,1430000.0
-37.7378,144.9168,1330000.0
-37.7439,144.9331,1200000.0
-37.7346,144.9204,1321000.0
-37.7354,144.9128,1635000.0
-37.7436,144.9308,1194000.0
-37.7386,144.917,1440000.0
-37.7337,144.9184,1300000.0
-37.7189,144.9036,850000.0
-37.7261,144.9171,1150000.0
-37.7217,144.9074,910000.0
-37.7376,144.9154,1430000.0
-37.7298,144.9162,915000.0
-37.7302,144.9167,622500.0
-37.7427,144.9226,1500000.0
-37.7319,144.9195,995000.0
-37.7345,144.9196,1280000.0
-37.7317,144.9177,1485000.0
-37.734,144.9145,1080000.0
-37.7363,144.9208,1715000.0
-37.7417,144.9133,2650000.0
-37.7245,144.9097,630000.0
-37.736,144.9202,1205000.0
-37.7296,144.9234,535000.0
-37.7303,144.9198,1075000.0
-37.7273,144.917,1000000.0
-37.7373,144.9217,1400000.0
-37.7413,144.9163,920000.0
-37.7225,144.9055,960000.0
-37.7416,144.9204,1160000.0
-37.735,144.9203,1370000.0
-37.7234,144.9077,600000.0
-37.7225,144.9055,880000.0
-37.7373,144.9155,1285000.0
-37.7952,144.8262,260000.0
-37.7809,144.8424,800000.0
-37.7933,144.8411,950000.0
-37.7853,144.843,625000.0
-37.7878,144.8369,710000.0
-37.7877,144.8398,735000.0
-37.7796,144.8426,1001000.0
-37.7886,144.8438,780000.0
-37.7794,144.8395,710000.0
-37.7864,144.8353,1350500.0
-37.7802,144.8374,745000.0
-37.7876,144.8342,490000.0
-37.7966,144.8252,700000.0
-37.7933,144.8408,895000.0
-37.7796,144.8372,657500.0
-37.7932,144.8434,1030000.0
-37.7939,144.8261,460000.0
-37.7801,144.8412,725000.0
-37.7831,144.842,620000.0
-37.7807,144.842,460000.0
-37.7895,144.8385,470000.0
-37.7918,144.8419,910000.0
-37.7949,144.8303,702000.0
-37.7923,144.8289,580000.0
-37.7793,144.8427,490000.0
-37.7796,144.845,890000.0
-37.7821,144.8456,675000.0
-37.7795,144.8432,425000.0
-37.7807,144.8341,715000.0
-37.7906,144.8387,816000.0
-37.7818,144.8393,825000.0
-37.7933,144.8409,950000.0
-37.7912,144.8439,425500.0
-37.7877,144.838,735000.0
-37.7851,144.8434,595000.0
-37.7892,144.8432,735000.0
-37.8005,144.822,610000.0
-37.7796,144.8455,600000.0
-37.7892,144.827,595999.0
-37.7938,144.8322,591000.0
-37.7804,144.8425,590000.0
-37.7953,144.8332,691000.0
-37.7952,144.8302,701000.0
-37.7824,144.8414,688000.0
-37.7938,144.8321,611000.0
-37.7809,144.8467,655000.0
-37.7918,144.8268,551000.0
-37.7866,144.841,750000.0
-37.7945,144.8267,670000.0
-37.7919,144.8394,888000.0
-37.7883,144.8439,607500.0
-37.7798,144.8352,850000.0
-37.7893,144.8437,590000.0
-37.7881,144.8354,555000.0
-37.7969,144.8276,605000.0
-37.7952,144.8325,930000.0
-37.7922,144.8283,550000.0
-37.7905,144.8359,880000.0
-37.7956,144.8292,570000.0
-37.7817,144.8448,700000.0
-37.7856,144.8177,571000.0
-37.7905,144.836,835000.0
-37.7813,144.8394,625000.0
-37.7842,144.843,695000.0
-37.793,144.8283,794000.0
-37.7943,144.8319,890000.0
-37.7815,144.8423,910000.0
-37.7956,144.826,607000.0
-37.7843,144.8392,679500.0
-37.7863,144.8401,500000.0
-37.7939,144.8283,895000.0
-37.7903,144.8387,762500.0
-37.783,144.8405,702000.0
-37.7982,144.82299999999995,410000.0
-37.7889,144.8362,720000.0
-37.7896,144.8369,590000.0
-37.7836,144.8408,635000.0
-37.7794,144.8347,711000.0
-37.7867,144.8437,700000.0
-37.7796,144.8384,435000.0
-37.7905,144.8414,1001000.0
-37.7925,144.8282,591500.0
-37.7694,144.8321,716000.0
-37.7692,144.8348,701000.0
-37.7781,144.8451,555000.0
-37.7669,144.8308,490000.0
-37.7754,144.846,620500.0
-37.7555,144.8295,480000.0
-37.7689,144.8402,435000.0
-37.7748,144.833,607000.0
-37.7667,144.8445,600000.0
-37.7683,144.8316,560000.0
-37.7712,144.8336,626800.0
-37.7749,144.8313,670000.0
-37.758,144.8256,571500.0
-37.7756,144.8345,315000.0
-37.7695,144.8347,630000.0
-37.7751,144.8342,685000.0
-37.774,144.8443,690000.0
-37.7651,144.8241,605000.0
-37.771,144.8428,808000.0
-37.7727,144.8417,790000.0
-37.7692,144.8246,600000.0
-37.7705,144.8307,650000.0
-37.7661,144.8396,640000.0
-37.7675,144.8414,736000.0
-37.7683,144.8314,605000.0
-37.7724,144.8413,650000.0
-37.7661,144.84,725000.0
-37.7674,144.8362,715000.0
-37.7693,144.8351,735000.0
-37.7696,144.84,635800.0
-37.7602,144.8316,432500.0
-37.7665,144.8358,621000.0
-37.7652,144.8376,580000.0
-37.7706,144.8422,680000.0
-37.7704,144.8384,700000.0
-37.769,144.8441,650000.0
-37.7698,144.8362,1190000.0
-37.7623,144.8272,591000.0
-37.7676,144.8339,665000.0
-37.7719,144.8414,710000.0
-37.7749,144.8329,705000.0
-37.757,144.8313,520000.0
-37.7708,144.8401,620000.0
-37.7682,144.8335,503000.0
-37.7743,144.8425,1000000.0
-37.7699,144.8422,650000.0
-37.7741,144.8354,871000.0
-37.8004,144.8105,496000.0
-37.7952,144.8126,488000.0
-37.7906,144.7929,560000.0
-37.7969,144.8086,615000.0
-37.7967,144.8083,450000.0
-37.7939,144.8091,581000.0
-37.7917,144.8196,625000.0
-37.786,144.815,645400.0
-37.7905,144.8073,680000.0
-37.7905,144.8033,620000.0
-37.7891,144.8152,545000.0
-37.7981,144.7936,621000.0
-37.7968,144.8142,515000.0
-37.7942,144.8112,601000.0
-37.7853,144.8114,687000.0
-37.7897,144.7964,668000.0
-37.7904,144.8133,485000.0
-37.7871,144.8083,510000.0
-37.7872,144.7975,665000.0
-37.7928,144.804,500000.0
-37.7913,144.80200000000005,825000.0
-37.7836,144.7988,480000.0
-37.7841,144.8052,544500.0
-37.7902,144.8102,621000.0
-37.7901,144.8068,575000.0
-37.7916,144.82,650000.0
-37.796,144.8108,593000.0
-37.789,144.8195,690000.0
-37.7968,144.8086,625000.0
-37.7845,144.8131,660000.0
-37.791,144.7925,472500.0
-37.7891,144.82299999999995,547500.0
-37.7896,144.8018,590000.0
-37.7913,144.7889,280000.0
-37.8003,144.8097,555000.0
-37.7892,144.8137,587000.0
-37.7968,144.7991,600000.0
-37.7887,144.8231,622500.0
-37.7847,144.8146,350000.0
-37.7914,144.7918,657000.0
-37.7921,144.8234,795000.0
-37.7894,144.8027,682000.0
-37.7886,144.8138,520000.0
-37.7987,144.8196,470000.0
-37.7843,144.8052,586000.0
-37.8018,144.8246,305000.0
-37.7951,144.8213,705000.0
-37.7963,144.8046,486000.0
-37.7904,144.7999,645000.0
-37.8004,144.8138,530000.0
-37.8023,144.8227,500000.0
-37.7912,144.8215,510000.0
-37.7907,144.821,715000.0
-37.7913,144.8122,545000.0
-37.7966,144.7928,750500.0
-37.8022,144.8235,451000.0
-37.8154,145.0927,2440000.0
-37.8332,145.1105,1110000.0
-37.8239,145.0969,2128000.0
-37.822,145.0897,2009000.0
-37.8175,145.0987,2200000.0
-37.8275,145.0958,1330500.0
-37.8289,145.1005,1325000.0
-37.8344,145.1114,930000.0
-37.8356,145.1029,640000.0
-37.8327,145.106,745000.0
-37.8322,145.1056,2100000.0
-37.8148,145.0965,1700000.0
-37.8181,145.0913,2500000.0
-37.8203,145.088,1910000.0
-37.8364,145.1099,1018000.0
-37.8286,145.092,2200000.0
-37.8287,145.1022,736000.0
-37.8275,145.0919,770000.0
-37.8223,145.0954,2345000.0
-37.8185,145.0878,2860000.0
-37.8258,145.1116,1530000.0
-37.8346,145.1059,1930000.0
-37.8325,145.1114,1812500.0
-37.8159,145.091,760000.0
-37.8337,145.1118,1300000.0
-37.8203,145.0881,1864000.0
-37.8304,145.0934,2200000.0
-37.8167,145.0924,1960000.0
-37.8269,145.1039,680000.0
-37.8317,145.0901,1455000.0
-37.8287,145.1054,2630000.0
-37.8287,145.1014,880000.0
-37.8339,145.0937,1650000.0
-37.832,145.11,1755000.0
-37.8224,145.0959,1700000.0
-37.8255,145.092,805000.0
-37.8354,145.1001,1975000.0
-37.8288,145.1048,610000.0
-37.8234,145.0923,2003000.0
-37.8203,145.0955,831000.0
-37.8316,145.1049,1350000.0
-37.8291,145.1015,550000.0
-37.8345,145.1009,1850000.0
-37.8188,145.0984,2050000.0
-37.8286,145.1094,2100000.0
-37.836,145.1046,1150000.0
-37.822,145.0989,823000.0
-37.8323,145.0904,2100000.0
-37.819,145.0888,770500.0
-37.8361,145.1078,1250000.0
-37.8263,145.0962,600000.0
-37.8299,145.1088,2060000.0
-37.8312,145.0928,1750000.0
-37.8308,145.0916,1725000.0
-37.8305,145.0961,620000.0
-37.8138,145.0879,562500.0
-37.8173,145.1003,1850000.0
-37.8345,145.095,2125000.0
-37.8261,145.0902,656000.0
-37.8285,145.1079,1650000.0
-37.8352,145.1023,1518000.0
-37.8165,145.0981,1560000.0
-37.8302,145.1046,1185000.0
-37.8275,145.1032,865000.0
-37.8365,145.11,1135000.0
-37.8324,145.1018,2160000.0
-37.8327,145.1019,899000.0
-37.8264,145.1029,2000000.0
-37.8182,145.096,2300000.0
-37.8138,145.0879,520000.0
-37.8141,145.0936,2450000.0
-37.8159,145.0902,600000.0
-37.8204,145.0887,2180000.0
-37.8168,145.1011,2760000.0
-37.8276,145.1023,813000.0
-37.8361,145.1006,1205000.0
-37.8309,145.0946,1251000.0
-37.8328,145.10399999999996,1650000.0
-37.8294,145.0913,600000.0
-37.8171,145.0934,1835000.0
-37.8186,145.0892,778500.0
-37.8176,145.0941,1751000.0
-37.8174,145.0893,694000.0
-37.7642,145.1157,1150000.0
-37.7624,145.1175,1201000.0
-37.7647,145.1246,1165000.0
-37.7615,145.1154,1098000.0
-37.7556,145.0946,742500.0
-37.7601,145.1229,1050000.0
-37.7597,145.1058,1257000.0
-37.7602,145.1166,1101000.0
-37.7694,145.1082,641000.0
-37.7733,145.1198,1150000.0
-37.76,145.1054,1200000.0
-37.7573,145.0994,990000.0
-37.767,145.119,1500000.0
-37.764,145.1097,1290000.0
-37.7631,145.1108,790000.0
-37.7658,145.124,950000.0
-37.7694,145.1222,1421000.0
-37.7644,145.112,1051000.0
-37.7637,145.1117,1065000.0
-37.773,145.1074,1120000.0
-37.7692,145.1253,1710000.0
-37.7646,145.1167,1280000.0
-37.7696,145.1078,750000.0
-37.768,145.1027,1000000.0
-37.7564,145.1195,678000.0
-37.77,145.1025,1010000.0
-37.7728,145.1271,1325000.0
-37.7569,145.1179,1210000.0
-37.7567,145.1209,766000.0
-37.7629,145.1157,982000.0
-37.764,145.1145,945000.0
-37.7549,145.1185,725000.0
-37.7625,145.1256,975000.0
-37.767,145.1097,1211000.0
-37.7639,145.1145,1100000.0
-37.77,145.1089,1155000.0
-37.7613,145.1047,920000.0
-37.7611,145.1168,940000.0
-37.7656,145.1017,1053000.0
-37.7698,145.1028,1002000.0
-37.7705,145.1152,755000.0
-37.7617,145.1065,1209000.0
-37.7625,145.1043,2080000.0
-37.7647,145.1051,1050000.0
-37.7595,145.1176,1118000.0
-37.7683,145.1188,1070000.0
-37.7564,145.1043,903000.0
-37.7668,145.1086,1220000.0
-37.7704,145.1247,1222000.0
-37.7726,145.1149,2025000.0
-37.7647,145.1186,1650000.0
-37.7764,145.1216,1182500.0
-37.7557,145.0957,1020000.0
-37.7699,145.1081,838000.0
-37.7709,145.1104,650000.0
-37.7629,145.112,870000.0
-37.7714,145.1141,1509000.0
-37.7701,145.1131,1358500.0
-37.7591,145.0211,510000.0
-37.7561,145.0067,470000.0
-37.7622,144.9953,435000.0
-37.762,144.996,517500.0
-37.7634,145.02100000000004,370000.0
-37.7536,144.9825,805000.0
-37.7601,145.0122,1428888.0
-37.7631,145.0091,940000.0
-37.7581,144.9944,270000.0
-37.7586,145.0056,865000.0
-37.7536,144.9921,700000.0
-37.7551,145.0108,910000.0
-37.7585,145.0042,1135000.0
-37.7574,144.9907,260000.0
-37.7608,145.0059,505000.0
-37.7544,145.0092,365000.0
-37.7611,145.0142,1430000.0
-37.7564,145.0026,525500.0
-37.76300000000001,145.0198,1210000.0
-37.76300000000001,145.0025,944000.0
-37.7633,145.0169,970000.0
-37.7554,145.0211,887000.0
-37.7542,145.0098,277500.0
-37.7583,145.0174,701000.0
-37.7606,145.0241,740000.0
-37.7564,144.9971,1110000.0
-37.7584,145.0214,795000.0
-37.7603,145.0165,332000.0
-37.7515,144.9857,1265000.0
-37.7569,144.9914,1085000.0
-37.7551,144.9993,898000.0
-37.7583,145.0025,1235000.0
-37.759,144.988,910500.0
-37.7574,144.9854,995000.0
-37.7595,145.0061,760000.0
-37.7591,145.0211,505000.0
-37.7595,145.0017,1400000.0
-37.752,144.9852,1200000.0
-37.7604,144.9877,920000.0
-37.7602,144.9878,1110000.0
-37.7582,145.0094,1200000.0
-37.7591,145.0208,560000.0
-37.7526,145.0023,450000.0
-37.7539,144.989,1190000.0
-37.7524,144.9912,1020000.0
-37.7633,145.0087,1245000.0
-37.7542,145.01,350000.0
-37.7588,145.0179,571750.0
-37.7642,145.0192,874000.0
-37.7592,145.0105,1427000.0
-37.7557,144.9993,295000.0
-37.7539,145.0075,383000.0
-37.7576,145.0032,1164000.0
-37.7566,144.9893,315000.0
-37.7581,144.9944,245000.0
-37.7607,145.0105,1290000.0
-37.7641,145.0104,605000.0
-37.7516,144.9871,450000.0
-37.7585,145.0226,900000.0
-37.7612,145.0045,1620000.0
-37.7541,145.0088,438000.0
-37.7598,145.0088,1143000.0
-37.7584,144.9971,925000.0
-37.7617,145.0117,1250000.0
-37.7588,144.9881,1070000.0
-37.7542,145.01,371000.0
-37.7578,145.0076,1570000.0
-37.761,145.0055,486000.0
-37.7614,145.0118,1100000.0
-37.7549,145.0035,1211000.0
-37.7633,145.0103,466000.0
-37.7566,144.9965,1280000.0
-37.7569,145.0041,1478000.0
-37.7584,145.0115,1280000.0
-37.7575,144.9968,1913000.0
-37.7609,145.0016,1272000.0
-37.7611,145.0009,972000.0
-37.7595,145.0241,928500.0
-37.7587,145.0064,432500.0
-37.7544,145.0092,330000.0
-37.7584,145.0115,1200000.0
-37.7634,145.02100000000004,510000.0
-37.7602,145.0084,1370000.0
-37.7542,145.01,303500.0
-37.7604,145.02100000000004,1160000.0
-37.7556,145.0062,601000.0
-37.7529,144.9902,1430000.0
-37.7565,144.9906,1380000.0
-37.7569,144.9861,1200000.0
-37.8328,145.0065,1435000.0
-37.8431,145.02100000000004,5500000.0
-37.8384,145.0178,546000.0
-37.8435,145.0043,1635000.0
-37.8486,145.00799999999995,876000.0
-37.8498,145.0173,620000.0
-37.8447,145.0134,5500000.0
-37.8475,145.0086,1300000.0
-37.8448,145.0055,1689000.0
-37.8424,145.0184,517500.0
-37.8429,145.0227,1100000.0
-37.8473,145.0053,430000.0
-37.8384,145.0178,701500.0
-37.8371,145.0066,925000.0
-37.8474,145.0078,450000.0
-37.8369,145.0077,349000.0
-37.8366,145.0114,838000.0
-37.8501,145.0199,380000.0
-37.8392,145.00799999999995,462800.0
-37.8414,145.0137,1450000.0
-37.8338,145.0086,4000000.0
-37.8438,145.0303,1635000.0
-37.8492,145.0163,2400000.0
-37.8501,145.0199,345000.0
-37.8428,145.0171,2650000.0
-37.8332,145.0117,2820000.0
-37.842,145.0046,810000.0
-37.838,145.0054,2840000.0
-37.8503,145.0292,2700000.0
-37.8373,145.0116,515501.0
-37.8428,145.0081,611000.0
-37.8439,145.0093,4000000.0
-37.844,145.005,405000.0
-37.8486,145.0244,6250000.0
-37.8349,145.01,4500000.0
-37.8507,145.0298,2025000.0
-37.8373,145.0116,541000.0
-37.8343,145.0112,1550000.0
-37.8512,145.0282,2205000.0
-37.8414,145.0137,1100000.0
-37.8474,145.0078,490000.0
-37.8493,145.0134,1300000.0
-37.8425,145.0252,2050000.0
-37.8474,145.0063,2170000.0
-37.8371,145.012,950000.0
-37.8424,145.0184,531000.0
-37.8498,145.0173,575000.0
-37.8464,145.0074,366000.0
-37.8398,145.0305,2620000.0
-37.8369,145.0072,1900000.0
-37.8367,145.0076,1210000.0
-37.8485,145.0169,4000000.0
-37.8432,145.0206,540000.0
-37.8458,145.0221,857000.0
-37.8448,145.0123,4200000.0
-37.8361,145.023,3260000.0
-37.847,145.0064,1900000.0
-37.8416,145.0313,690000.0
-37.8464,145.0142,2100000.0
-37.8373,145.0116,460000.0
-37.8414,145.0137,1400000.0
-37.8424,145.0184,511000.0
-37.8428,145.0216,645000.0
-37.842,145.0046,910000.0
-37.8375,145.0092,2250000.0
-37.8424,145.0184,525000.0
-37.8445,145.0182,3270000.0
-37.8458,145.0221,866000.0
-37.8475,145.00799999999995,1170000.0
-37.8427,145.0242,920000.0
-37.735,145.0921,910000.0
-37.7322,145.0995,960000.0
-37.7405,145.0876,556000.0
-37.7419,145.083,1010000.0
-37.7327,145.0913,880000.0
-37.7328,145.0916,920250.0
-37.7389,145.0861,1080000.0
-37.7376,145.0895,770000.0
-37.7297,145.0946,730000.0
-37.7324,145.0862,820000.0
-37.7373,145.0847,1102500.0
-37.7395,145.0875,1005000.0
-37.7393,145.0806,555000.0
-37.7388,145.08100000000005,546000.0
-37.7396,145.0885,765000.0
-37.7396,145.0884,920000.0
-37.7346,145.093,895000.0
-37.7405,145.0886,775000.0
-37.7321,145.0828,440000.0
-37.7363,145.0851,1042500.0
-37.7378,145.0955,1025000.0
-37.7319,145.0907,940000.0
-37.7326,145.0881,895000.0
-37.7314,145.0941,820000.0
-37.7343,145.0837,870000.0
-37.7397,145.0934,1085000.0
-37.7298,145.0947,915000.0
-37.7375,145.0917,1050000.0
-37.7137,145.0778,660000.0
-37.7148,145.0851,581000.0
-37.7104,145.0817,1000000.0
-37.7114,145.0885,785000.0
-37.7166,145.0837,600000.0
-37.7078,145.0807,690000.0
-37.7163,145.0768,582000.0
-37.7135,145.0783,740000.0
-37.7153,145.0854,671000.0
-37.7072,145.0855,741000.0
-37.7094,145.0877,706000.0
-37.7088,145.0893,725000.0
-37.7101,145.0785,808000.0
-37.7147,145.0752,711000.0
-37.7125,145.0768,537000.0
-37.7085,145.0824,1040000.0
-37.7122,145.0765,1171000.0
-37.7118,145.088,662000.0
-37.7023,145.0775,800000.0
-37.7112,145.0869,922000.0
-37.7143,145.0781,485000.0
-37.7084,145.0788,860500.0
-37.7115,145.088,702000.0
-37.7165,145.0759,627500.0
-37.711,145.0854,632000.0
-37.7163,145.08700000000005,601000.0
-37.7141,145.0754,549000.0
-37.7167,145.0807,342500.0
-37.7112,145.0861,701000.0
-37.7065,145.0825,645000.0
-37.7161,145.0804,838000.0
-37.8048,144.9424,1010000.0
-37.8117,144.9518,650000.0
-37.805,144.9448,1260000.0
-37.8076,144.9456,460000.0
-37.8073,144.9481,2370000.0
-37.8094,144.9479,800000.0
-37.8076,144.9456,550000.0
-37.8118,144.9526,660000.0
-37.8094,144.9452,1055000.0
-37.8076,144.9474,995000.0
-37.8102,144.9515,1130000.0
-37.806,144.942,443000.0
-37.8067,144.9435,1120000.0
-37.8076,144.9456,482000.0
-37.8091,144.952,620000.0
-37.8056,144.9463,2100000.0
-37.8118,144.9526,601000.0
-37.855,144.8905,1325000.0
-37.8613,144.8988,1400000.0
-37.8681,144.8994,1535000.0
-37.8663,144.8883,890000.0
-37.8517,144.8923,1400000.0
-37.8652,144.9019,1800000.0
-37.8615,144.8827,1050000.0
-37.857,144.8906,850000.0
-37.8633,144.8963,2910000.0
-37.8609,144.8947,2910000.0
-37.8671,144.8875,2640000.0
-37.8595,144.8868,1200000.0
-37.8679,144.899,3130000.0
-37.8661,144.8973,1460000.0
-37.8588,144.8919,310000.0
-37.8578,144.8799,1200000.0
-37.8644,144.9039,1560000.0
-37.8613,144.8939,1575000.0
-37.8581,144.9015,830000.0
-37.8581,144.9011,830000.0
-37.8571,144.8915,1085000.0
-37.8623,144.8884,1815000.0
-37.8513,144.8961,1470000.0
-37.8647,144.8867,2230000.0
-37.8658,144.8857,1460000.0
-37.8643,144.8935,1410000.0
-37.8695,144.9009,940000.0
-37.8623,144.8884,1900000.0
-37.8634,144.8796,1330000.0
-37.8667,144.903,1010000.0
-37.8571,144.8767,1010000.0
-37.8536,144.899,450000.0
-37.8536,144.8981,513500.0
-37.8544,144.8922,1000000.0
-37.857,144.891,415000.0
-37.8608,144.8803,906000.0
-37.8621,144.8872,1805000.0
-37.8525,144.8945,1126000.0
-37.8573,144.8911,935000.0
-37.858,144.9005,895000.0
-37.8504,144.8924,375000.0
-37.8643,144.9043,1000000.0
-37.853,144.8928,769000.0
-37.8587,144.8871,1270000.0
-37.8617,144.8799,1172000.0
-37.8516,144.8949,1360000.0
-37.8601,144.8879,2050000.0
-37.8593,144.8881,975000.0
-37.8664,144.9072,1310000.0
-37.8519,144.8968,830000.0
-37.8563,144.8995,491500.0
-37.8612,144.8971,547500.0
-37.8666,144.9058,965000.0
-37.8551,144.8959,1262000.0
-37.86,144.895,1210000.0
-37.8586,144.8937,412000.0
-37.8645,144.8977,1337500.0
-37.8555,144.8952,811000.0
-37.8656,144.9039,1630000.0
-37.855,144.8985,920000.0
-37.8605,144.8998,960000.0
-37.8592,144.888,1482500.0
-37.8576,144.8992,1300000.0
-37.8621,144.8999,2255000.0
-37.8615,144.9023,1860000.0
-37.8671,144.9001,1710000.0
-37.8638,144.8798,2440000.0
-37.8586,144.8933,331000.0
-37.8563,144.8782,500000.0
-37.8564,144.8864,400000.0
-37.8561,144.8859,1410000.0
-37.8571,144.8841,285000.0
-37.8573,144.8854,460000.0
-37.8559,144.8785,881000.0
-37.8564,144.8864,380000.0
-37.8536,144.8734,1440000.0
-37.8571,144.8841,367500.0
-37.8546,144.8762,1225000.0
-37.8558,144.9903,580000.0
-37.8546,144.9865,1850000.0
-37.8565,144.998,825000.0
-37.8528,144.9994,2302000.0
-37.855,144.9961,1045000.0
-37.8559,144.9948,2050000.0
-37.8564,144.9971,611000.0
-37.8581,144.9972,600000.0
-37.8577,145.0002,800000.0
-37.8564,145.0016,275000.0
-37.8535,144.9952,1325000.0
-37.8556,144.995,1540000.0
-37.856,144.9891,1370000.0
-37.8574,145.0,372000.0
-37.8533,144.9986,412500.0
-37.8568,145.0004,452000.0
-37.8552,145.0005,450000.0
-37.8584,144.9994,300000.0
-37.8573,144.9987,520000.0
-37.8554,144.9982,650000.0
-37.8571,144.9979,501000.0
-37.8555,145.0018,380000.0
-37.8543,144.9939,1177000.0
-37.8549,144.9948,1605000.0
-37.8559,144.999,600000.0
-37.8518,144.9868,1500000.0
-37.8526,144.9977,830000.0
-37.8563,144.9916,1200000.0
-37.8556,144.9977,300000.0
-37.8556,144.9977,400000.0
-37.8572,144.9974,623000.0
-37.8554,145.0018,600000.0
-37.8547,144.9959,1325000.0
-37.8533,144.9881,518000.0
-37.8547,144.9995,2368000.0
-37.8549,145.0006,1350000.0
-37.8574,145.0006,650000.0
-37.8533,144.9913,1200000.0
-37.8554,145.0001,1320000.0
-37.8565,145.0011,580000.0
-37.8585,145.0004,555000.0
-37.8552,145.0005,474000.0
-37.8522,144.986,1350000.0
-37.8525,144.9881,1910000.0
-37.7251,145.1053,700000.0
-37.7198,145.1034,915000.0
-37.7216,145.1066,810000.0
-37.7233,145.1045,753000.0
-37.7279,145.1017,602500.0
-37.7305,145.08100000000005,742000.0
-37.7302,145.0883,953000.0
-37.7218,145.108,840000.0
-37.731,145.0811,650000.0
-37.728,145.1017,793000.0
-37.7195,145.1034,731000.0
-37.7306,145.0854,710000.0
-37.7225,145.1037,720000.0
-37.7214,145.1034,720000.0
-37.72,145.1014,936000.0
-37.7285,145.0845,800000.0
-37.7303,145.0823,721000.0
-37.8228,144.8799,1000000.0
-37.8149,144.8707,890000.0
-37.8176,144.8911,760000.0
-37.8175,144.8879,1165000.0
-37.8187,144.8771,1550000.0
-37.8108,144.8899,770000.0
-37.8167,144.8965,871000.0
-37.8175,144.8964,780000.0
-37.8113,144.8955,650000.0
-37.82,144.891,770000.0
-37.8209,144.8913,890000.0
-37.8159,144.8626,960000.0
-37.8139,144.8741,1235000.0
-37.8228,144.8833,670000.0
-37.8154,144.8917,960000.0
-37.8115,144.8875,1000000.0
-37.8198,144.8839,710000.0
-37.8217,144.8842,1320000.0
-37.8175,144.8929,1100000.0
-37.8156,144.8943,782000.0
-37.8182,144.8727,931000.0
-37.8197,144.8875,910000.0
-37.8184,144.8809,796000.0
-37.8157,144.887,856000.0
-37.8186,144.8736,670000.0
-37.819,144.895,706000.0
-37.8128,144.8695,1050000.0
-37.8129,144.8952,410000.0
-37.8197,144.8957,1320000.0
-37.8124,144.8875,1414000.0
-37.8102,144.8857,1815000.0
-37.822,144.89,630000.0
-37.8126,144.8905,1870000.0
-37.8104,144.8867,1785000.0
-37.8133,144.8865,330000.0
-37.8153,144.8796,1930000.0
-37.8143,144.8865,1035000.0
-37.8173,144.894,510000.0
-37.8128,144.8953,381000.0
-37.8164,144.8869,1040000.0
-37.8148,144.8884,1419000.0
-37.8201,144.872,1050000.0
-37.8173,144.894,470000.0
-37.8193,144.8753,850000.0
-37.8106,144.8957,501344.0
-37.8151,144.8638,796000.0
-37.8188,144.8884,1217500.0
-37.815,144.8827,610000.0
-37.8134,144.8745,1055000.0
-37.8194,144.8826,620000.0
-37.8212,144.8887,660000.0
-37.8183,144.8666,681000.0
-37.8111,144.887,345000.0
-37.8202,144.8896,950000.0
-37.8196,144.8839,955000.0
-37.8152,144.8703,822000.0
-37.824,144.8805,760000.0
-37.8197,144.8969,1200000.0
-37.8177,144.8711,1005000.0
-37.8222,144.8956,600000.0
-37.8184,144.8904,381000.0
-37.815,144.8968,1150000.0
-37.8157,144.8925,1020000.0
-37.8099,144.8859,1250000.0
-37.8108,144.888,1340000.0
-37.8159,144.8795,865000.0
-37.8224,144.8818,781500.0
-37.8102,144.8885,1401000.0
-37.8225,144.8814,630000.0
-37.8146,144.8692,1137500.0
-37.8202,144.88299999999995,925000.0
-37.8195,144.8973,745000.0
-37.8117,144.8873,1158000.0
-37.8198,144.8904,867000.0
-37.8127,144.8965,955000.0
-37.8171,144.8753,1081000.0
-37.8119,144.868,725000.0
-37.8179,144.8908,767000.0
-37.8214,144.8796,951000.0
-37.8186,144.8764,1028000.0
-37.8209,144.8896,740000.0
-37.811,144.8844,1450000.0
-37.816,144.8936,1430000.0
-37.8172,144.8919,1275000.0
-37.8177,144.8839,1606000.0
-37.8172,144.8676,970000.0
-37.8223,144.8779,780000.0
-37.8137,144.8636,670000.0
-37.8191,144.8909,908000.0
-37.815,144.8928,1380000.0
-37.823,144.8768,966000.0
-37.8182,144.8846,480500.0
-37.8123,144.8888,1520000.0
-37.8234,144.8742,845000.0
-37.8131,144.8778,1287000.0
-37.8185,144.8812,980000.0
-37.8122,144.8965,800000.0
-37.8172,144.8924,1460000.0
-37.822,144.8904,840000.0
-37.8145,144.8804,900500.0
-37.8196,144.8836,850000.0
-37.8124,144.8957,940000.0
-37.7561,144.9028,380000.0
-37.7606,144.8909,1646000.0
-37.7589,144.89700000000005,442000.0
-37.7557,144.9037,470000.0
-37.757,144.89600000000004,760000.0
-37.7614,144.8925,1346000.0
-37.7617,144.8987,1300000.0
-37.7591,144.8923,935000.0
-37.7637,144.8931,3900000.0
-37.7642,144.895,1160000.0
-37.7614,144.8953,1150000.0
-37.7632,144.898,1720000.0
-37.7587,144.9015,1705000.0
-37.7626,144.8954,1190000.0
-37.7557,144.8966,380000.0
-37.7604,144.9062,840000.0
-37.759,144.9015,1740000.0
-37.7603,144.8921,1860000.0
-37.7559,144.8991,1195000.0
-37.7614,144.8953,1200000.0
-37.7606,144.8973,726000.0
-37.7617,144.8956,1325000.0
-37.7584,144.8968,1300000.0
-37.7553,144.8996,373000.0
-37.76,144.9002,670000.0
-37.7548,144.8915,2400000.0
-37.7609,144.8905,1350000.0
-37.752,145.0367,773000.0
-37.7509,145.0423,885000.0
-37.7529,145.0406,770000.0
-37.7534,145.0454,855000.0
-37.7506,145.043,645000.0
-37.7527,145.0392,720000.0
-37.7504,145.0335,625000.0
-37.7518,145.0457,828000.0
-37.7516,145.0457,676000.0
-37.7638,144.9804,1310000.0
-37.7601,144.9805,856000.0
-37.7668,144.9765,580000.0
-37.7753,144.9725,675000.0
-37.7663,144.9795,1350000.0
-37.7643,144.9808,940000.0
-37.7658,144.9823,930000.0
-37.7762,144.9755,1495000.0
-37.7735,144.9833,1550000.0
-37.7776,144.9727,1815000.0
-37.7749,144.9762,1625000.0
-37.7667,144.9821,899000.0
-37.7717,144.9719,435000.0
-37.7656,144.9726,570000.0
-37.7776,144.9726,1900000.0
-37.7765,144.9751,1080000.0
-37.7772,144.9723,1280000.0
-37.7786,144.9753,656000.0
-37.7769,144.9706,570000.0
-37.7724,144.9829,1290000.0
-37.7755,144.9744,1170000.0
-37.765,144.9731,370000.0
-37.7671,144.9746,510000.0
-37.7664,144.9797,1574000.0
-37.7786,144.9753,665000.0
-37.7753,144.9725,590000.0
-37.7721,144.9724,1024000.0
-37.7727,144.9736,1125000.0
-37.7689,144.97799999999995,390000.0
-37.7788,144.9776,800000.0
-37.7776,144.9751,1679000.0
-37.7739,144.975,1050000.0
-37.7722,144.9751,957000.0
-37.7729,144.9724,825000.0
-37.7723,144.9761,998000.0
-37.774,144.9731,1010000.0
-37.7759,144.976,910000.0
-37.7729,144.9722,1050000.0
-37.7685,144.9724,445000.0
-37.7689,144.9788,970000.0
-37.7673,144.9782,1600000.0
-37.7684,144.9739,1325000.0
-37.7679,144.9725,480000.0
-37.765,144.9731,400000.0
-37.7603,144.9795,570000.0
-37.7736,144.9725,771000.0
-37.7713,144.9744,1335000.0
-37.7732,144.9716,420000.0
-37.7789,144.9739,805000.0
-37.7655,144.9816,892000.0
-37.8301,145.0103,1005000.0
-37.8285,145.0125,1231010.0
-37.8283,145.012,881000.0
-37.8287,145.0089,1202500.0
-37.8289,145.0089,1435000.0
-37.6783,144.9672,368000.0
-37.6804,144.9664,455000.0
-37.8042,144.9691,735000.0
-37.7992,144.9738,1460000.0
-37.8052,144.9604,860000.0
-37.8009,144.9729,1662000.0
-37.7983,144.9655,1590000.0
-37.8009,144.9662,610250.0
-37.793,144.9728,720000.0
-37.8049,144.9644,840000.0
-37.8009,144.9642,795000.0
-37.7969,144.9669,705000.0
-37.7982,144.9651,435000.0
-37.801,144.9656,1630100.0
-37.7939,144.9663,480000.0
-37.7988,144.97,1600000.0
-37.7929,144.9705,500000.0
-37.7957,144.9725,920000.0
-37.7945,144.9718,1600000.0
-37.7989,144.9713,1010000.0
-37.8052,144.9604,875000.0
-37.7984,144.9738,1170000.0
-37.7965,144.9679,1260000.0
-37.7969,144.9742,600000.0
-37.7929,144.9705,310000.0
-37.7945,144.9718,1550000.0
-37.7998,144.9665,2033000.0
-37.7946,144.9716,1110000.0
-37.8012,144.9689,2705000.0
-37.7966,144.9709,1616000.0
-37.7985,144.9745,585000.0
-37.7967,144.9724,1162000.0
-37.7986,144.9682,589000.0
-37.7962,144.9659,2345000.0
-37.7996,144.9737,1117000.0
-37.8018,144.965,600000.0
-37.7957,144.9724,957000.0
-37.8181,144.9879,4525000.0
-37.8127,144.9861,3520000.0
-37.8177,144.9801,740000.0
-37.8136,144.9892,1015000.0
-37.8118,144.9762,1400000.0
-37.8127,144.9847,1935000.0
-37.8099,144.9879,1475000.0
-37.8153,144.9842,700000.0
-37.8153,144.9868,565000.0
-37.8154,144.9851,900000.0
-37.8168,144.9787,630000.0
-37.8136,144.9892,750000.0
-37.8154,144.9851,872000.0
-37.8177,144.9801,765000.0
-37.7552,144.8882,810000.0
-37.7518,144.8897,1422000.0
-37.7494,144.8848,1245000.0
-37.755,144.8848,1430000.0
-37.7517,144.8873,1345000.0
-37.7535,144.8868,800000.0
-37.7537,144.8856,787500.0
-37.7535,144.8836,685000.0
-37.7527,144.8824,652500.0
-37.7497,144.8867,1300000.0
-37.7576,144.889,925000.0
-37.7532,144.8848,730000.0
-37.7513,144.8845,520000.0
-37.75,144.8858,1300000.0
-37.7527,144.8851,810000.0
-37.7493,144.8901,970000.0
-37.7522,144.88299999999995,1110000.0
-37.7577,144.8892,1115000.0
-37.7519,144.88299999999995,820000.0
-37.7007,144.9632,670000.0
-37.7009,144.9776,645000.0
-37.7174,144.9664,687000.0
-37.7118,144.9689,333000.0
-37.7109,144.9654,455000.0
-37.7049,144.9638,378000.0
-37.6985,144.9615,585000.0
-37.7034,144.9663,662000.0
-37.7076,144.9753,615000.0
-37.7006,144.9697,650000.0
-37.7104,144.9733,665000.0
-37.7111,144.9664,640000.0
-37.7075,144.9678,526000.0
-37.7141,144.9677,540000.0
-37.7082,144.9725,540000.0
-37.695,144.9676,625000.0
-37.6996,144.9605,681000.0
-37.7015,144.9625,690000.0
-37.7043,144.9769,640000.0
-37.7095,144.9757,660000.0
-37.7194,144.9678,783000.0
-37.7102,144.9703,635000.0
-37.7027,144.9615,553500.0
-37.7038,144.9638,619000.0
-37.7066,144.9733,460000.0
-37.7185,144.9754,570500.0
-37.7192,144.9654,288000.0
-37.697,144.9655,615000.0
-37.712,144.9719,751000.0
-37.6989,144.9779,609000.0
-37.7022,144.9669,605000.0
-37.7086,144.9704,691500.0
-37.7017,144.9676,850000.0
-37.7106,144.9682,752500.0
-37.7144,144.9737,650000.0
-37.6912,144.9623,538000.0
-37.7034,144.9666,750000.0
-37.7115,144.9731,650000.0
-37.7089,144.9695,771000.0
-37.7161,144.9662,400000.0
-37.7083,144.9644,527000.0
-37.7018,144.9679,538000.0
-37.7156,144.9708,860000.0
-37.7071,144.9666,515000.0
-37.6973,144.96200000000005,617000.0
-37.6949,144.9619,550000.0
-37.7172,144.968,540000.0
-37.7054,144.963,643000.0
-37.6994,144.9686,631000.0
-37.718,144.9642,782000.0
-37.6985,144.9778,640000.0
-37.7158,144.9722,470000.0
-37.6963,144.9645,700500.0
-37.716,144.9666,532000.0
-37.7164,144.9666,575000.0
-37.7056,144.9671,562000.0
-37.6978,144.9686,620000.0
-37.7063,144.9712,655000.0
-37.6968,144.9674,652500.0
-37.716,144.9663,1010000.0
-37.6972,144.9634,480000.0
-37.7092,144.9695,492000.0
-37.7062,144.9688,422500.0
-37.8249,145.0532,1550000.0
-37.8198,145.0465,2151000.0
-37.8226,145.055,1140000.0
-37.8245,145.0527,420000.0
-37.8293,145.0456,1220000.0
-37.8404,145.0516,3350000.0
-37.8308,145.0508,665500.0
-37.8269,145.0496,1865000.0
-37.825,145.0536,1700000.0
-37.8348,145.0453,1650000.0
-37.8205,145.0585,1615000.0
-37.8396,145.0514,1600000.0
-37.8305,145.0475,1450000.0
-37.8301,145.0475,490000.0
-37.8302,145.0525,1110000.0
-37.8298,145.0537,1425000.0
-37.826,145.0498,3100000.0
-37.8318,145.0448,555000.0
-37.8267,145.0538,887000.0
-37.8337,145.0469,1700000.0
-37.8322,145.0486,1585000.0
-37.8435,145.0497,935000.0
-37.8278,145.0565,460000.0
-37.8187,145.0577,3050000.0
-37.8339,145.055,365000.0
-37.8222,145.0566,550000.0
-37.8374,145.0486,2800000.0
-37.8303,145.046,320000.0
-37.8254,145.047,573000.0
-37.8233,145.0575,680000.0
-37.8223,145.0494,2250000.0
-37.8332,145.0461,2381000.0
-37.8348,145.0503,1738000.0
-37.8341,145.0528,1582000.0
-37.8414,145.0505,735000.0
-37.8239,145.0553,2920000.0
-37.8235,145.0525,1920000.0
-37.8337,145.0504,1420000.0
-37.8339,145.0548,400000.0
-37.8356,145.0519,1790000.0
-37.8345,145.0443,2100000.0
-37.8265,145.0484,1335000.0
-37.8269,145.0496,1825000.0
-37.8165,145.0505,3210000.0
-37.844,145.0496,840000.0
-37.8284,145.0535,705000.0
-37.8395,145.0529,3310000.0
-37.8245,145.0524,3500000.0
-37.8245,145.0527,444000.0
-37.8292,145.046,1538000.0
-37.8302,145.0542,1320000.0
-37.8257,145.0514,1890000.0
-37.8397,145.0514,1240000.0
-37.8307,145.0498,2450000.0
-37.8451,145.0525,1590000.0
-37.8319,145.0503,2450000.0
-37.8377,145.0541,3020000.0
-37.8267,145.054,1625000.0
-37.8231,145.0535,2775000.0
-37.8254,145.0476,568000.0
-37.8437,145.0536,706000.0
-37.8176,145.0548,2500000.0
-37.8204,145.0516,2350000.0
-37.8373,145.0455,1385000.0
-37.8227,145.0528,655250.0
-37.8219,145.0556,1666000.0
-37.8343,145.0547,430000.0
-37.8234,145.0526,2040000.0
-37.839,145.0459,505000.0
-37.8414,145.0505,500000.0
-37.8318,145.0448,622000.0
-37.8225,145.0551,1650000.0
-37.8338,145.0545,371000.0
-37.8351,145.0554,1900000.0
-37.8266,145.0493,1625000.0
-37.8456,145.0495,701000.0
-37.8267,145.0476,1100000.0
-37.8191,145.0552,2200000.0
-37.8204,145.0489,975000.0
-37.7519,145.0687,546500.0
-37.7509,145.0698,620000.0
-37.7504,145.0643,1220000.0
-37.7519,145.0696,550000.0
-37.7506,145.0574,585000.0
-37.7587,145.0657,705000.0
-37.7512,145.0697,420000.0
-37.7502,145.0706,1705000.0
-37.7518,145.0698,490000.0
-37.7529,145.065,579000.0
-37.752,145.0722,1110000.0
-37.7538,145.0695,540000.0
-37.7494,145.0703,750000.0
-37.7476,145.0676,1115000.0
-37.7518,145.0768,1000000.0
-37.7587,145.0629,595000.0
-37.7529,145.065,690000.0
-37.7539,145.0577,1401000.0
-37.7537,145.0637,808000.0
-37.7523,145.0604,1031000.0
-37.7515,145.0649,600000.0
-37.7514,145.0689,655000.0
-37.7507,145.062,1195000.0
-37.7491,145.0702,850000.0
-37.7551,145.0646,830000.0
-37.749,145.0731,1076000.0
-37.7446,145.0844,1362000.0
-37.7489,145.07,690000.0
-37.7502,145.0605,1375000.0
-37.74800000000001,145.0625,1400000.0
-37.7502,145.069,475000.0
-37.7501,145.0822,1030000.0
-37.7509,145.0679,1455000.0
-37.7502,145.0718,1125000.0
-37.7769,145.0605,3850000.0
-37.7741,145.0506,1605000.0
-37.7713,145.0499,470000.0
-37.7767,145.0592,2150000.0
-37.7759,145.063,1740000.0
-37.7679,145.0673,1660000.0
-37.7749,145.0568,1260000.0
-37.7689,145.0665,2200000.0
-37.7699,145.0581,485000.0
-37.7749,145.0549,1651000.0
-37.7719,145.0582,1875000.0
-37.7793,145.0654,1797000.0
-37.772,145.0538,1050000.0
-37.7767,145.0543,405000.0
-37.6885,144.9092,551000.0
-37.6866,144.9086,350000.0
-37.6859,144.9164,280000.0
-37.687,144.9084,425000.0
-37.6876,144.9095,537000.0
-37.6904,144.9121,600000.0
-37.6889,144.9109,460000.0
-37.6862,144.91299999999995,611000.0
-37.6878,144.9112,495000.0
-37.6909,144.9136,472500.0
-37.6864,144.9111,421000.0
-37.7133,145.0374,480000.0
-37.7143,145.039,980000.0
-37.7147,145.0296,1000000.0
-37.717,145.0312,731000.0
-37.7126,145.03,610000.0
-37.715,145.043,380000.0
-37.7174,145.0361,690000.0
-37.7125,145.0306,607500.0
-37.7159,145.0389,705500.0
-37.8115,144.8763,677200.0
-37.8108,144.8819,1155000.0
-37.8046,144.8831,817000.0
-37.8118,144.8801,1035000.0
-37.8083,144.8841,677500.0
-37.8118,144.8783,630000.0
-37.8123,144.8805,760000.0
-37.8058,144.8846,730000.0
-37.8086,144.8824,750000.0
-37.8083,144.8775,440000.0
-37.8068,144.8782,685000.0
-37.812,144.8804,967500.0
-37.81,144.8786,210000.0
-37.8079,144.8825,1340000.0
-37.8039,144.8849,925000.0
-37.8096,144.874,270000.0
-37.8078,144.8825,1275000.0
-37.8085,144.8802,925000.0
-37.8066,144.8811,1336000.0
-37.8089,144.8788,200000.0
-37.8958,145.0696,1100000.0
-37.8918,145.0769,1500000.0
-37.8868,145.0688,1470000.0
-37.9043,145.0622,1160000.0
-37.9017,145.0739,1100000.0
-37.8968,145.075,820000.0
-37.8927,145.0691,690000.0
-37.8955,145.07299999999995,740000.0
-37.8936,145.0709,975000.0
-37.9027,145.0684,1060000.0
-37.8936,145.0725,680000.0
-37.898,145.0734,825000.0
-37.8991,145.0686,1430000.0
-37.8875,145.0676,435000.0
-37.8959,145.0736,1370000.0
-37.8882,145.0666,605000.0
-37.8996,145.0716,1355000.0
-37.8969,145.0654,785000.0
-37.8887,145.0718,1420000.0
-37.8932,145.0681,1610000.0
-37.8956,145.0705,290000.0
-37.898,145.0759,910500.0
-37.8961,145.0651,331000.0
-37.8888,145.0743,685000.0
-37.8944,145.0733,256500.0
-37.8955,145.0742,1365000.0
-37.8939,145.0715,860000.0
-37.9055,145.0691,1300000.0
-37.8966,145.0737,835000.0
-37.8969,145.0654,720000.0
-37.9033,145.0727,861500.0
-37.8882,145.0666,500000.0
-37.8885,145.0726,1670000.0
-37.906,145.07399999999996,1400000.0
-37.8929,145.0765,692000.0
-37.8894,145.0679,603000.0
-37.9012,145.0646,1076000.0
-37.902,145.0705,1100000.0
-37.8979,145.0652,291000.0
-37.895,145.0749,1200000.0
-37.9031,145.0668,1090000.0
-37.8943,145.0689,1220000.0
-37.8916,145.0753,1800000.0
-37.8941,145.0655,435000.0
-37.8897,145.0709,1641000.0
-37.8947,145.0722,745500.0
-37.8904,145.0729,1260000.0
-37.8986,145.0359,1401000.0
-37.9062,145.0263,2250000.0
-37.9035,145.028,1715000.0
-37.9071,145.046,1960000.0
-37.9028,145.0475,250000.0
-37.9032,145.0455,290000.0
-37.9058,145.028,1708000.0
-37.9063,145.0535,758000.0
-37.9066,145.0354,1920000.0
-37.9064,145.0287,1256000.0
-37.9065,145.0461,1918000.0
-37.906,145.04,900000.0
-37.9063,145.0493,1875000.0
-37.906,145.0497,1250000.0
-37.9056,145.0288,1360000.0
-37.9088,145.0471,1770000.0
-37.9016,145.0414,435000.0
-37.9061,145.0329,1836000.0
-37.903,145.0285,1250000.0
-37.9009,145.037,950000.0
-37.9018,145.0454,260000.0
-37.9018,145.0477,822500.0
-37.9001,145.0428,810000.0
-37.9036,145.0521,1322000.0
-37.9026,145.0364,861000.0
-37.9045,145.0426,765000.0
-37.8981,145.0367,973000.0
-37.9061,145.0509,1845000.0
-37.9047,145.0274,1535000.0
-37.905,145.029,2005000.0
-37.9069,145.041,932000.0
-37.8993,145.0447,1500000.0
-37.9038,145.0454,260000.0
-37.9032,145.049,1390000.0
-37.9064,145.0291,940000.0
-37.9028,145.0426,296000.0
-37.9033,145.0296,1850000.0
-37.8986,145.042,475000.0
-37.9062,145.02700000000004,820000.0
-37.9061,145.0478,940000.0
-37.9092,145.0507,1668000.0
-37.9071,145.0439,1470000.0
-37.9048,145.0418,981000.0
-37.903,145.0452,430000.0
-37.9016,145.0414,362000.0
-37.903,145.0452,410000.0
-37.9021,145.0357,1197000.0
-37.9043,145.0358,1690000.0
-37.9016,145.0414,447000.0
-37.9024,145.0539,1177000.0
-37.9011,145.0474,617500.0
-37.9021,145.0417,479500.0
-37.9061,145.0366,2050000.0
-37.9031,145.0444,405000.0
-37.9014,145.0418,450000.0
-37.7955,144.8784,1061000.0
-37.8053,144.8681,1020000.0
-37.7933,144.876,912500.0
-37.7914,144.8742,1074000.0
-37.7917,144.8688,1021000.0
-37.7958,144.8645,1415000.0
-37.7906,144.8687,710000.0
-37.7926,144.8639,837000.0
-37.7916,144.8673,850000.0
-37.7903,144.8639,850000.0
-37.809,144.8686,520000.0
-37.7964,144.8672,347000.0
-37.7992,144.8772,1225000.0
-37.7952,144.8749,438000.0
-37.8095,144.869,360000.0
-37.7926,144.8809,620000.0
-37.806,144.8674,415000.0
-37.8066,144.8666,723000.0
-37.809,144.8686,530000.0
-37.8067,144.8761,967000.0
-37.7914,144.8812,840000.0
-37.8067,144.8678,241000.0
-37.7941,144.881,910000.0
-37.7968,144.8735,470000.0
-37.7937,144.8732,820000.0
-37.7915,144.8733,756000.0
-37.791,144.8658,845000.0
-37.8001,144.877,850000.0
-37.8038,144.8679,620000.0
-37.7913,144.8689,1001000.0
-37.7995,144.8794,875000.0
-37.7956,144.8641,520000.0
-37.7908,144.8793,915000.0
-37.7919,144.8793,830000.0
-37.7991,144.879,510000.0
-37.8004,144.8647,545000.0
-37.8008,144.8665,691000.0
-37.7958,144.8774,991000.0
-37.7911,144.8821,913000.0
-37.8009,144.8653,850000.0
-37.7908,144.8717,705000.0
-37.79,144.86700000000005,709000.0
-37.7923,144.8814,900000.0
-37.8058,144.875,790000.0
-37.8021,144.8629,770000.0
-37.7905,144.8714,495000.0
-37.7936,144.8639,1575000.0
-37.8067,144.8707,326500.0
-37.7991,144.8768,1028000.0
-37.7993,144.8794,288000.0
-37.7978,144.8743,1151500.0
-37.7912,144.868,860000.0
-37.796,144.8728,805000.0
-37.796,144.8634,262500.0
-37.7956,144.8762,450000.0
-37.8019,144.8663,935000.0
-37.8107,144.8666,830000.0
-37.7966,144.8716,456000.0
-37.7943,144.8741,660000.0
-37.8079,144.8684,420000.0
-37.7937,144.8782,820000.0
-37.7908,144.8711,1030000.0
-37.7901,144.8682,878000.0
-37.7812,144.8121,765000.0
-37.7801,144.8121,730000.0
-37.7778,144.81799999999996,730000.0
-37.7792,144.8117,593000.0
-37.7825,144.8221,816000.0
-37.7801,144.8229,720000.0
-37.7836,144.8256,300000.0
-37.7835,144.8176,670000.0
-37.7765,144.8175,685000.0
-37.7795,144.8204,600000.0
-37.7842,144.8175,600000.0
-37.7852,144.8272,185000.0
-37.7761,144.8164,463000.0
-37.7796,144.8252,319000.0
-37.7795,144.8196,660000.0
-37.7848,144.8231,560000.0
-37.7808,144.8186,625000.0
-37.7817,144.8159,791000.0
-37.7806,144.8159,541000.0
-37.7789,144.8209,760000.0
-37.7809,144.8228,840000.0
-37.7833,144.8266,145000.0
-37.7813,144.8234,460000.0
-37.7839,144.8239,190000.0
-37.8203,144.8386,430000.0
-37.8226,144.8392,507000.0
-37.8239,144.8431,892000.0
-37.8878,145.0407,695000.0
-37.8878,145.0456,1160000.0
-37.8904,145.0387,1330000.0
-37.8925,145.0456,695000.0
-37.8924,145.0409,812000.0
-37.8868,145.0408,350000.0
-37.8915,145.0451,630000.0
-37.8877,145.0449,635000.0
-37.8866,145.0396,636500.0
-37.8921,145.0381,2575000.0
-37.8894,145.0431,445000.0
-37.8866,145.0396,710000.0
-37.8966,145.0453,640000.0
-37.9001,145.0981,1010000.0
-37.8994,145.0955,305000.0
-37.8991,145.0939,400000.0
-37.9033,145.1006,880000.0
-37.8961,145.1046,1076000.0
-37.8923,145.1013,1045000.0
-37.9086,145.0977,600000.0
-37.8956,145.0928,1225000.0
-37.91,145.0914,1035000.0
-37.8968,145.0983,690000.0
-37.9055,145.1024,1050000.0
-37.9028,145.0971,1045000.0
-37.9109,145.0995,865000.0
-37.8951,145.101,1033000.0
-37.9107,145.0975,991000.0
-37.9002,145.099,1641000.0
-37.9024,145.1008,655000.0
-37.8964,145.0977,750000.0
-37.9023,145.105,1025000.0
-37.9058,145.1043,637000.0
-37.9001,145.1009,633500.0
-37.9087,145.0886,1180000.0
-37.8952,145.1021,1124000.0
-37.9066,145.088,1225000.0
-37.8966,145.0979,855000.0
-37.8973,145.0979,1600000.0
-37.9008,145.09799999999996,665000.0
-37.8794,144.9947,605000.0
-37.8804,144.9969,660000.0
-37.8797,144.9954,327000.0
-37.8756,144.9934,570000.0
-37.8813,144.9964,755000.0
-37.8754,144.9944,1925000.0
-37.8788,144.9974,520000.0
-37.8281,144.9923,1000000.0
-37.8285,144.9888,725000.0
-37.8301,144.9904,425000.0
-37.8278,144.9885,1280000.0
-37.8274,144.9947,1000000.0
-37.8282,144.9897,546000.0
-37.8278,144.9885,1475000.0
-37.832,144.99200000000005,895000.0
-37.8299,144.9907,405000.0
-37.8274,144.9967,1015000.0
-37.8258,144.99200000000005,930000.0
-37.8301,144.9904,415000.0
-37.8266,144.9894,1900000.0
-37.8255,144.9948,662500.0
-37.8291,144.9952,831000.0
-37.8301,144.9927,1110000.0
-37.8301,144.9904,565000.0
-37.8311,144.9914,1010000.0
-37.8283,144.9946,1300000.0
-37.8288,144.9891,1300000.0
-37.8133,144.9433,360000.0
-37.8141,144.9387,1370000.0
-37.8249,144.9476,800000.0
-37.8305,144.8736,930000.0
-37.8289,144.8671,650000.0
-37.8321,144.8736,985000.0
-37.8307,144.8725,915000.0
-37.834,144.8757,845000.0
-37.8303,144.8705,941000.0
-37.8298,144.8679,1030000.0
-37.8331,144.8715,392250.0
-37.8268,144.8675,508000.0
-37.8262,144.8677,420000.0
-37.8315,144.8693,506000.0
-37.8288,144.8681,855000.0
-37.8337,144.8739,380000.0
-37.8317,144.8713,611000.0
-37.7141,144.8995,1260000.0
-37.7137,144.8987,931999.0
-37.715,144.8966,800000.0
-37.7156,144.8975,950000.0
-37.7115,144.8966,780000.0
-37.7822,144.9342,503000.0
-37.7813,144.9371,1257000.0
-37.7778,144.9346,1562000.0
-37.7818,144.9374,1100000.0
-37.7796,144.935,1740000.0
-37.7847,144.9383,315000.0
-37.8815,145.0491,1650000.0
-37.885,145.0466,1380000.0
-37.8852,145.0462,620000.0
-37.8868,145.0462,1335000.0
-37.884,145.0447,1000000.0
-37.8628,144.8468,860000.0
-37.864,144.8437,1415000.0
-37.8664,144.8416,2000000.0
-37.725,144.8586,720000.0
-37.7251,144.8621,380000.0
-37.7216,144.8605,843000.0
-37.7243,144.8533,501000.0
-37.7221,144.8578,820500.0
-37.7259,144.8579,722000.0
-37.7231,144.8602,746000.0
-37.7226,144.8569,685000.0
-37.7169,144.8582,455000.0
-37.7263,144.8584,600000.0
-37.7212,144.8545,575000.0
-37.7212,144.8598,566000.0
-37.8982,145.0121,1250000.0
-37.8971,145.0093,393000.0
-37.8971,145.0093,440000.0
-37.8994,145.0101,595000.0
-37.8988,145.0098,2200000.0
-37.7832,144.9655,1700000.0
-37.7833,144.9681,1908000.0
-37.7574,144.8959,1330000.0
-37.762,144.8916,1300000.0
-37.7564,144.9043,470000.0
-37.7595,144.8993,1740000.0
-37.8473,144.9495,1700000.0
-37.8487,144.9511,1100000.0
-37.8453,144.94899999999996,2155000.0
-37.8426,144.9563,2115000.0
-37.8441,144.9522,2810000.0
-37.8436,144.9558,2130000.0
-37.8459,144.9574,2950000.0
-37.8473,144.955,2150000.0
-37.8435,144.9538,2035000.0
-37.8441,144.9598,1500000.0
-37.8445,144.9489,1190000.0
-37.7793,145.0327,320000.0
-37.7817,145.0319,1285000.0
-37.771,145.0318,1975000.0
-37.7786,145.0253,316000.0
-37.8326,144.8594,916000.0
-37.8367,144.8425,750000.0
-37.8322,144.8399,910000.0
-37.8545,145.0219,1859000.0
-37.8532,145.0259,1200000.0
-37.8624,145.0223,480000.0
-37.8544,145.0164,1635000.0
-37.851,145.0156,1705000.0
-37.8606,145.0209,1005000.0
-37.8603,145.0224,852000.0
-37.8611,145.0174,690000.0
-37.8536,145.0263,2120000.0
-37.8531,145.0115,405000.0
-37.7822,144.9065,2100000.0
-37.7756,144.9148,1435000.0
-37.7761,144.9165,1020000.0
-37.7774,144.904,1041000.0
-37.7715,144.9088,565000.0
-37.7721,144.9184,2250000.0
-37.7831,144.9209,900000.0
-37.781,144.9095,1490000.0
-37.7808,144.9083,1230000.0
-37.7721,144.9113,1050000.0
-37.7737,144.9166,1005000.0
-37.7804,144.9284,1316500.0
-37.8683,145.1064,1495000.0
-37.8696,145.1111,1126000.0
-37.8677,145.0981,822000.0
-37.871,145.0994,770000.0
-37.8625,145.1083,890000.0
-37.7593,144.8561,765000.0
-37.7532,144.8548,881000.0
-37.7678,144.8568,850000.0
-37.7522,144.8659,1300000.0
-37.7565,144.8652,1250000.0
-37.7574,144.8574,760000.0
-37.7619,144.866,1600000.0
-37.7926,145.0842,1900000.0
-37.8016,145.1013,1922000.0
-37.7848,145.0788,2000000.0
-37.7862,145.0739,700000.0
-37.789,145.0938,1890000.0
-37.7897,145.0922,1630000.0
-37.785,145.0961,800000.0
-37.7939,145.0866,1670000.0
-37.7827,145.0945,1725000.0
-37.754,145.0453,1110000.0
-37.7524,145.0393,894000.0
-37.9257,145.0469,1402000.0
-37.9318,145.0448,1500000.0
-37.925,145.0467,1100000.0
-37.9193,145.033,2000000.0
-37.9243,145.0497,710000.0
-37.9329,145.0393,620000.0
-37.9156,145.0355,1105000.0
-37.9284,145.0428,1303000.0
-37.9166,145.0418,1375000.0
-37.9317,145.0463,1300000.0
-37.9317,145.0427,1286000.0
-37.9323,145.0445,1920000.0
-37.9179,145.0429,1968500.0
-37.9302,145.0331,845000.0
-37.9321,145.0361,1107000.0
-37.9145,145.0287,641500.0
-37.9296,145.0498,725000.0
-37.9107,145.0745,1515000.0
-37.9331,145.0586,986000.0
-37.9292,145.0689,830000.0
-37.9229,145.0538,767000.0
-37.9228,145.0555,1860000.0
-37.9092,145.0728,1200000.0
-37.911,145.075,1175000.0
-37.9127,145.0694,1225000.0
-37.9167,145.077,1055000.0
-37.9311,145.0651,1351000.0
-37.9199,145.0573,1962000.0
-37.919,145.0803,810000.0
-37.9316,145.0806,850000.0
-37.911,145.0711,535000.0
-37.9219,145.0518,1640000.0
-37.9211,145.0671,809000.0
-37.9317,145.0524,1510000.0
-37.9194,145.05700000000004,1292000.0
-37.9297,145.0563,1165000.0
-37.9076,145.06799999999996,959000.0
-37.9133,145.0719,1251000.0
-37.9362,145.0663,1205000.0
-37.8158,145.1384,780000.0
-37.8219,145.1213,572000.0
-37.8247,145.1359,910000.0
-37.8262,145.1301,1760000.0
-37.8265,145.1276,1726000.0
-37.8259,145.1282,990000.0
-37.8281,145.1305,646500.0
-37.8229,145.1217,2080000.0
-37.7854,144.8463,610000.0
-37.7888,144.8511,925000.0
-37.782,144.8528,760000.0
-37.7904,144.8514,771000.0
-37.7894,144.8463,441700.0
-37.7759,144.8552,1000000.0
-37.783,144.855,730000.0
-37.894,144.9977,2575000.0
-37.9104,144.9999,2900000.0
-37.9164,144.9974,5800000.0
-37.902,144.9922,2140000.0
-37.911,144.9866,2225000.0
-37.8993,145.0046,975000.0
-37.8981,144.9902,4225000.0
-37.928,145.0002,2100000.0
-37.9181,144.9933,1392000.0
-37.8868,144.9968,2445000.0
-37.8847,144.9972,520000.0
-37.8981,145.0,2000000.0
-37.9043,145.0048,1350000.0
-37.9049,144.9969,1900000.0
-37.8953,144.9974,1002500.0
-37.9037,144.9926,2415000.0
-37.921,144.9999,1055000.0
-37.901,145.0026,1990000.0
-37.9056,144.9893,3025000.0
-37.9107,145.0077,1502000.0
-37.9163,144.9901,1221000.0
-37.9099,144.9899,2550000.0
-37.8985,145.0048,1470000.0
-37.9319,145.0282,725000.0
-37.9173,145.0142,2140000.0
-37.9113,145.0207,1630000.0
-37.9126,145.0105,910000.0
-37.9212,145.013,1975000.0
-37.9064,145.0229,1635000.0
-37.9097,145.0161,1880000.0
-37.9287,145.0273,1743000.0
-37.9119,145.011,2291000.0
-37.9291,145.0297,1270000.0
-37.9304,145.0151,1400000.0
-37.9012,145.00799999999995,1640000.0
-37.9295,145.0144,1700000.0
-37.9057,145.0101,1900000.0
-37.9084,145.0118,972000.0
-37.7723,144.9694,1652000.0
-37.7586,144.9653,735000.0
-37.7674,144.966,1210000.0
-37.7598,144.9563,412000.0
-37.7767,144.9676,528000.0
-37.7669,144.9664,1115000.0
-37.7759,144.952,1300000.0
-37.762,144.9647,320000.0
-37.7548,144.9545,1500000.0
-37.7743,144.9637,1260000.0
-37.7733,144.9599,1210000.0
-37.7648,144.9633,1200000.0
-37.7591,144.9577,315000.0
-37.766,144.9609,830000.0
-37.7575,144.9716,1385000.0
-37.7698,144.9661,981000.0
-37.7783,144.9635,418000.0
-37.7609,144.9623,585000.0
-37.775,144.9513,1900000.0
-37.762,144.9678,1450000.0
-37.7761,144.9593,1200000.0
-37.7778,144.9683,600000.0
-37.7743,144.9569,1075000.0
-37.7731,144.9568,884000.0
-37.7589,144.9588,957000.0
-37.7732,144.951,480000.0
-37.7602,144.9591,1650000.0
-37.7587,144.9529,1440000.0
-37.7731,144.9568,955000.0
-37.7671,144.9762,1310000.0
-37.7661,144.9742,1283000.0
-37.7744,144.9733,1025000.0
-37.7738,144.9733,1015000.0
-37.7721,144.9719,500000.0
-37.7685,144.9724,550000.0
-37.76,144.9757,460000.0
-37.7667,144.9802,1185000.0
-37.7755,144.9786,435000.0
-37.7762,144.9771,690000.0
-37.7679,144.9725,385000.0
-37.7724,144.9741,632000.0
-37.7761,144.975,835000.0
-37.7682,144.9835,1500000.0
-37.7686,144.9421,407500.0
-37.7597,144.9404,670000.0
-37.7622,144.9406,825000.0
-37.7559,144.9378,645000.0
-37.7677,144.946,1222000.0
-37.7572,144.9486,1060000.0
-37.766,144.945,1220000.0
-37.7634,144.9434,1097000.0
-37.7585,144.9504,1100000.0
-37.7735,144.9445,1270000.0
-37.7609,144.9416,670000.0
-37.7707,144.9488,640000.0
-37.7744,144.9396,1200000.0
-37.7711,144.9487,545000.0
-37.7606,144.9499,1205000.0
-37.7769,145.088,860000.0
-37.7787,145.0918,599900.0
-37.7766,145.1,1540000.0
-37.7664,145.0884,910000.0
-37.7612,145.0968,1100000.0
-37.7735,145.0936,1730000.0
-37.7784,145.091,760000.0
-37.7618,145.0847,794000.0
-37.7729,145.1022,1360000.0
-37.7601,145.0856,1207000.0
-37.8493,145.1283,1591000.0
-37.8528,145.1318,580000.0
-37.8495,145.0999,605000.0
-37.8463,145.1071,975000.0
-37.8445,145.1005,1465500.0
-37.8512,145.1145,870000.0
-37.8592,145.0948,1385000.0
-37.8518,145.1278,1815000.0
-37.8603,145.0979,1590000.0
-37.8499,145.1306,813000.0
-37.8539,145.1127,1601000.0
-37.8557,145.1285,1225000.0
-37.8405,145.0924,1930000.0
-37.8446,145.0735,2570000.0
-37.8378,145.089,2216000.0
-37.8411,145.062,2110000.0
-37.8442,145.0942,855000.0
-37.8434,145.0675,771000.0
-37.8355,145.0665,2513000.0
-37.8427,145.0824,1900000.0
-37.8378,145.0909,1620000.0
-37.8269,145.0661,3550000.0
-37.8416,145.0959,1980000.0
-37.8418,145.0916,1861000.0
-37.845,145.071,1402000.0
-37.8333,145.0616,1905000.0
-37.823,145.0621,5020000.0
-37.8284,145.0673,2990000.0
-37.8304,145.0709,1855000.0
-37.8417,145.097,1500000.0
-37.8378,145.0949,835000.0
-37.8192,145.067,3115000.0
-37.8322,145.0816,913000.0
-37.8214,145.0843,2510000.0
-37.8179,145.0694,8000000.0
-37.8178,145.0649,1775000.0
-37.8203,145.0785,3725000.0
-37.7817,144.9742,3450000.0
-37.7822,144.9748,1290000.0
-37.7875,144.9749,1614500.0
-37.7875,144.9732,1550000.0
-37.7823,144.9767,595000.0
-37.7927,144.9745,1300000.0
-37.7915,144.9737,2450000.0
-37.8898,145.0632,1201000.0
-37.8981,145.0619,635000.0
-37.8972,145.0524,1424000.0
-37.8875,145.0489,285000.0
-37.8858,145.0632,305000.0
-37.8993,145.0531,1105000.0
-37.8924,145.0541,1200000.0
-37.8958,145.0603,945000.0
-37.8912,145.0644,603000.0
-37.9027,145.0582,1390000.0
-37.8928,145.0531,1667000.0
-37.8944,145.0616,330000.0
-37.8866,145.0561,577000.0
-37.8883,145.0342,535000.0
-37.8678,145.0197,305000.0
-37.8663,145.0104,550000.0
-37.8806,145.0346,655000.0
-37.8738,145.0349,1300000.0
-37.8781,145.0235,1700000.0
-37.8692,145.0233,575000.0
-37.8607,145.0116,742500.0
-37.8924,145.0154,1000000.0
-37.8989,145.0171,1104000.0
-37.8937,145.0137,630000.0
-37.8899,145.023,1350000.0
-37.8895,145.0229,997000.0
-37.8906,145.0259,490000.0
-37.8856,145.0934,701000.0
-37.886,145.096,905000.0
-37.8755,145.0954,988000.0
-37.8827,145.0942,820000.0
-37.7888,144.9929,1825000.0
-37.788,144.9967,1500000.0
-37.7881,145.0058,641000.0
-37.7925,144.9995,1250000.0
-37.7933,144.9938,1652500.0
-37.7914,144.9967,1250000.0
-37.7906,144.9993,1660000.0
-37.7881,145.0058,465000.0
-37.7938,144.989,700000.0
-37.7936,144.9899,1000000.0
-37.7926,145.0019,712000.0
-37.7933,144.9926,1650000.0
-37.7506,144.9694,495000.0
-37.7424,144.9576,930000.0
-37.7422,144.9604,781000.0
-37.7509,144.9591,995000.0
-37.7519,144.9496,677776.0
-37.7408,144.9474,790000.0
-37.7551,144.9787,680000.0
-37.7445,144.9751,1180000.0
-37.7348,144.9509,940500.0
-37.7462,144.9795,824000.0
-37.7355,144.9545,941000.0
-37.7485,144.9502,775000.0
-37.7418,144.9562,985000.0
-37.7377,144.9584,1020000.0
-37.7503,144.9481,1500000.0
-37.746,144.9768,590000.0
-37.7483,144.9634,1005000.0
-37.7364,144.9787,901000.0
-37.7432,144.9573,990000.0
-37.7397,144.9603,1455000.0
-37.7382,144.9653,1250000.0
-37.7411,144.9657,710000.0
-37.7516,144.9593,1790000.0
-37.7449,144.9754,650000.0
-37.7424,144.9571,720000.0
-37.7424,144.9571,720000.0
-37.7317,144.9829,1240000.0
-37.72,144.9577,875000.0
-37.7266,144.9647,887000.0
-37.7304,144.9605,770000.0
-37.7218,144.9563,330000.0
-37.7981,144.9883,535000.0
-37.7953,144.9864,1308000.0
-37.8035,144.985,945000.0
-37.8053,144.9833,550000.0
-37.7975,144.9924,1309000.0
-37.8011,144.9861,1300000.0
-37.8001,144.9901,888000.0
-37.8083,144.9908,1000000.0
-37.8298,144.9923,1350000.0
-37.8262,144.9922,855000.0
-37.7833,145.1302,1480000.0
-37.7906,145.1138,1300000.0
-37.7895,145.1116,1400000.0
-37.7883,145.1387,1542000.0
-37.7905,145.1433,1100000.0
-37.7731,145.1044,782000.0
-37.7866,145.1046,1090000.0
-37.7803,145.1248,1700000.0
-37.7909,145.1309,1355000.0
-37.7859,145.12,1880000.0
-37.7819,145.1184,1545000.0
-37.7929,145.1184,1955000.0
-37.749,144.9067,440000.0
-37.7573,144.9221,1700000.0
-37.7445,144.9054,1070000.0
-37.7459,144.8962,745000.0
-37.7558,144.9106,1400000.0
-37.7427,144.898,1400000.0
-37.7485,144.9036,2020000.0
-37.7537,144.917,325000.0
-37.7526,144.9089,1400000.0
-37.7491,144.8968,700000.0
-37.7459,144.9159,1652000.0
-37.755,144.9272,1131000.0
-37.7577,144.9267,1607500.0
-37.7552,144.9211,450000.0
-37.7469,144.9206,310000.0
-37.7495,144.9157,1400000.0
-37.7471,144.9157,1720000.0
-37.7457,144.8912,983000.0
-37.7478,144.912,330000.0
-37.7547,144.9239,1162500.0
-37.7514,144.8966,707000.0
-37.7496,144.892,700000.0
-37.7465,144.91,510000.0
-37.7504,144.8957,610000.0
-37.7544,144.8986,960000.0
-37.7515,144.9125,350000.0
-37.7578,144.9134,426500.0
-37.7847,145.0109,676000.0
-37.783,145.0165,1500000.0
-37.7023,144.9773,700000.0
-37.695,144.9676,660000.0
-37.6966,144.9695,741000.0
-37.7052,144.964,949500.0
-37.7049,144.9631,532000.0
-37.6995,144.9669,698000.0
-37.7071,144.9706,687000.0
-37.6937,144.9658,670000.0
-37.6931,144.9596,1000000.0
-37.6956,144.9656,445000.0
-37.6952,144.9613,730000.0
-37.709,144.9646,725000.0
-37.6992,144.9739,668000.0
-37.7071,144.9644,328000.0
-37.7133,144.975,543500.0
-37.7925,144.9797,1200000.0
-37.777,144.9836,330000.0
-37.7933,144.9824,846000.0
-37.7831,144.9805,1345000.0
-37.7843,144.9902,1802500.0
-37.7904,144.9836,1520000.0
-37.7911,144.9818,1625000.0
-37.7869,144.9863,2555000.0
-37.7793,144.9879,1055000.0
-37.7759,144.9823,950000.0
-37.7837,144.9338,1100000.0
-37.7824,144.9243,1250000.0
-37.7813,144.9238,953000.0
-37.788,144.9306,603000.0
-37.7844,144.9359,940000.0
-37.7859,144.9323,1550000.0
-37.7829,144.9247,500000.0
-37.7826,144.9311,450000.0
-37.7851,144.922,390000.0
-37.7823,144.9317,1205000.0
-37.7839,144.9273,1085000.0
-37.7846,144.9347,1060000.0
-37.7868,144.9336,917000.0
-37.7949,144.9007,392500.0
-37.7951,144.8861,1320000.0
-37.7961,144.89,885000.0
-37.7883,144.884,485000.0
-37.796,144.8819,760000.0
-37.7942,144.8934,1375000.0
-37.7939,144.8936,1270000.0
-37.7951,144.8901,871000.0
-37.7953,144.8957,360000.0
-37.7971,144.8883,315000.0
-37.7947,144.8871,831000.0
-37.7936,144.8905,882000.0
-37.7977,144.904,895000.0
-37.8911,145.0451,260000.0
-37.8898,145.0438,575000.0
-37.854,145.0542,1452000.0
-37.8558,145.0518,721000.0
-37.8562,145.0864,1800000.0
-37.8574,145.0494,1253000.0
-37.8508,145.0592,1950000.0
-37.8578,145.0682,2085000.0
-37.858,145.0859,1760000.0
-37.8521,145.0763,710000.0
-37.8541,145.0738,2340000.0
-37.8605,145.0455,3310000.0
-37.8487,145.0592,1601000.0
-37.8637,145.0632,797000.0
-37.8499,145.0814,910000.0
-37.8644,145.063,1315000.0
-37.6969,144.9425,683000.0
-37.7115,144.912,1158000.0
-37.7088,144.9204,793000.0
-37.702,144.9538,780000.0
-37.7045,144.9204,420000.0
-37.7097,144.9256,895000.0
-37.6962,144.9376,885000.0
-37.6962,144.9349,597500.0
-37.699,144.9421,690000.0
-37.6972,144.941,822000.0
-37.6995,144.905,710000.0
-37.702,144.9173,730000.0
-37.709,144.9368,901000.0
-37.6957,144.9231,643000.0
-37.6979,144.941,645000.0
-37.7047,144.9087,595000.0
-37.7073,144.9355,820000.0
-37.709,144.9373,1050000.0
-37.6977,144.9116,621000.0
-37.6974,144.9112,705000.0
-37.7074,144.9266,590000.0
-37.7116,144.9357,680000.0
-37.7015,144.9191,935000.0
-37.7098,144.9266,720000.0
-37.71,144.9464,725000.0
-37.706,144.9467,740000.0
-37.7058,144.9431,880000.0
-37.7114,144.9396,630000.0
-37.9462,145.0193,1615000.0
-37.9346,145.0049,2513000.0
-37.9449,145.0167,1910000.0
-37.9453,145.0176,1620000.0
-37.9338,145.0143,1789000.0
-37.9365,145.0008,837000.0
-37.9436,145.0169,2500000.0
-37.9427,145.0052,665000.0
-37.9449,145.02,1560000.0
-37.9354,144.9994,860000.0
-37.9411,145.0011,1475000.0
-37.9358,144.9996,840000.0
-37.8139,145.0243,1700000.0
-37.8194,145.0397,440000.0
-37.8159,145.0194,580000.0
-37.8294,145.033,535000.0
-37.8261,145.0269,635000.0
-37.826,145.0239,317500.0
-37.8198,145.0373,160000.0
-37.8254,145.0255,360000.0
-37.8143,145.0319,300000.0
-37.8163,145.0251,1800000.0
-37.8292,145.0322,275000.0
-37.8255,145.029,1300000.0
-37.8162,145.0206,1525000.0
-37.8173,145.0246,1620000.0
-37.8287,145.0419,1985000.0
-37.8288,145.0398,1750000.0
-37.8237,145.0311,2100000.0
-37.832,145.0431,560000.0
-37.8395,145.0534,3750000.0
-37.8414,145.0505,780000.0
-37.8259,145.0483,500000.0
-37.8302,145.0527,1264000.0
-37.8315,145.0559,1462000.0
-37.8227,145.0528,440000.0
-37.8309,145.0451,1575000.0
-37.8355,145.04399999999995,1320000.0
-37.8374,145.0511,3600000.0
-37.8343,145.0488,2425000.0
-37.8368,145.0508,1890000.0
-37.8372,145.0433,400500.0
-37.8255,145.0481,1405000.0
-37.8256,145.0486,2102000.0
-37.8307,145.0493,435000.0
-37.8362,145.0543,375000.0
-37.8254,145.0474,555000.0
-37.8244,145.0517,532000.0
-37.7511,145.0772,1450000.0
-37.7523,145.0676,1340000.0
-37.7586,145.0629,630000.0
-37.7524,145.06,1271000.0
-37.7505,145.0703,610000.0
-37.7442,145.0528,910000.0
-37.7428,145.0511,665000.0
-37.7388,145.0581,575000.0
-37.7437,145.0506,706000.0
-37.7521,145.0516,780000.0
-37.7399,145.054,601000.0
-37.7421,145.0487,805000.0
-37.7383,145.0555,690000.0
-37.7366,145.0509,682000.0
-37.7397,145.0513,657000.0
-37.7502,145.0465,630000.0
-37.7382,145.0451,880000.0
-37.7364,145.0379,687000.0
-37.7369,145.0371,650000.0
-37.7445,145.0386,855000.0
-37.7349,145.0398,613000.0
-37.7339,145.0405,640000.0
-37.7434,145.0468,442000.0
-37.7348,145.0402,810000.0
-37.7416,145.0406,950000.0
-37.7469,145.0448,725000.0
-37.9031,145.0804,998000.0
-37.8919,145.0781,1340000.0
-37.8938,145.0785,2190000.0
-37.9021,145.0837,980000.0
-37.9087,145.0799,720000.0
-37.7573,145.0496,990000.0
-37.777,145.0414,1410000.0
-37.7639,145.0377,970000.0
-37.7671,145.037,1650000.0
-37.7639,145.0506,3020000.0
-37.7615,145.0309,1689000.0
-37.7735,145.0403,690000.0
-37.7817,145.0391,1851000.0
-37.7701,145.0385,1110000.0
-37.7679,145.0466,1060000.0
-37.7752,145.0579,2100000.0
-37.7794,145.0647,2325000.0
-37.7715,145.0688,2400000.0
-37.774,145.0654,1740000.0
-37.7358,144.8217,646000.0
-37.7279,144.8224,570000.0
-37.7473,144.8555,843000.0
-37.7322,144.8722,835000.0
-37.7308,144.8664,635000.0
-37.7346,144.8584,490000.0
-37.7475,144.852,745000.0
-37.746,144.8651,941000.0
-37.7486,144.8565,738000.0
-37.7466,144.8707,912000.0
-37.7426,144.868,745000.0
-37.7388,144.8767,570000.0
-37.7317,144.8619,885000.0
-37.8064,145.0451,3800000.0
-37.7977,145.0333,700000.0
-37.794,145.033,752000.0
-37.7941,145.0238,690000.0
-37.8083,145.0382,468000.0
-37.8127,145.0451,2600000.0
-37.8147,145.0571,4515000.0
-37.8013,145.028,3160000.0
-37.805,145.0546,820000.0
-37.8144,145.0358,2150000.0
-37.7993,145.0451,1965000.0
-37.8101,145.0464,2425000.0
-37.8018,145.0376,643000.0
-37.7944,145.0327,835000.0
-37.8022,145.035,736000.0
-37.7974,145.0526,590000.0
-37.7927,145.056,1402000.0
-37.7864,145.0631,1205000.0
-37.8082,144.8828,1190000.0
-37.8105,144.8803,1205000.0
-37.8083,144.8754,860000.0
-37.7858,144.8757,760000.0
-37.7876,144.8752,873000.0
-37.7887,144.8828,640000.0
-37.7794,144.872,680000.0
-37.7825,144.8833,725000.0
-37.7835,144.8723,472500.0
-37.785,144.8673,675000.0
-37.7794,144.872,405000.0
-37.7844,144.8758,838000.0
-37.7851,144.8654,930000.0
-37.8691,145.0345,365000.0
-37.8486,145.0321,1000000.0
-37.8515,145.0372,456000.0
-37.8654,145.0297,2250000.0
-37.8636,145.0301,2000000.0
-37.883,145.0791,2250000.0
-37.8693,145.0423,3200000.0
-37.8757,145.066,1380000.0
-37.8779,145.0873,267500.0
-37.8914,145.0842,1290000.0
-37.8723,145.0387,2020000.0
-37.8718,145.0526,1211000.0
-37.8806,145.0831,1380000.0
-37.8792,145.0869,1715157.0
-37.87300000000001,145.0664,1510000.0
-37.8784,145.0654,1220000.0
-37.87300000000001,145.0665,1465000.0
-37.7722,144.8807,431000.0
-37.7637,144.8843,1620000.0
-37.7641,144.8885,1190000.0
-37.8116,144.9603,432000.0
-37.8177,144.9544,1850000.0
-37.8122,144.9582,333000.0
-37.8084,144.9602,452000.0
-37.8095,144.9691,895000.0
-37.8199,144.9558,275000.0
-37.8211,144.9559,683000.0
-37.8106,144.9646,640000.0
-37.8149,145.11,1865000.0
-37.812,145.1082,2100000.0
-37.8212,145.1064,442500.0
-37.8203,145.1105,1587000.0
-37.8127,145.107,2365000.0
-37.7605,144.9071,296000.0
-37.7709,144.9338,1531000.0
-37.7679,144.9245,439000.0
-37.7663,144.9098,1040000.0
-37.7627,144.9047,1670000.0
-37.7686,144.912,1940000.0
-37.7675,144.92,560000.0
-37.773,144.9332,940000.0
-37.7644,144.9061,1515000.0
-37.7595,144.9255,1100000.0
-37.7589,144.9184,1350000.0
-37.7611,144.9095,2300000.0
-37.7692,144.9353,1302500.0
-37.7619,144.9083,1420200.0
-37.7641,144.9073,970000.0
-37.7616,144.9284,1070000.0
-37.7679,144.9245,542000.0
-37.767,144.9108,1240000.0
-37.7615,144.9094,955000.0
-37.7685,144.9294,1410000.0
-37.8879,145.0768,1656000.0
-37.8949,145.072,707000.0
-37.8953,145.0731,770000.0
-37.8892,145.0664,582000.0
-37.9025,145.066,490000.0
-37.9059,145.0733,1255000.0
-37.8913,145.0673,420500.0
-37.8867,145.0699,261000.0
-37.8999,145.0643,535000.0
-37.8882,145.0666,586000.0
-37.8907,145.0761,926000.0
-37.8433,144.8774,1230000.0
-37.8439,144.8733,1560000.0
-37.836,144.8784,2000000.0
-37.8425,144.8766,820000.0
-37.8485,144.8909,1530000.0
-37.8457,144.8924,1400000.0
-37.8437,144.8809,1200000.0
-37.844,144.889,1325500.0
-37.8415,144.884,890000.0
-37.8334,144.8673,975000.0
-37.8437,144.865,1820000.0
-37.8389,144.8666,900000.0
-37.8496,144.8868,1410000.0
-37.8497,144.8903,1700000.0
-37.8339,144.8716,956000.0
-37.8358,144.8803,1215000.0
-37.8415,144.8698,828000.0
-37.837,144.8772,1650000.0
-37.8477,144.8903,2337000.0
-37.8481,144.8721,1370000.0
-37.8431,144.8919,1070000.0
-37.8402,144.8886,1075000.0
-37.8464,144.865,1100000.0
-37.7375,144.8885,1312000.0
-37.7421,144.8851,960000.0
-37.7356,144.8859,935000.0
-37.738,144.8865,810000.0
-37.7436,144.8856,1200000.0
-37.736,144.8771,850000.0
-37.7473,144.8905,944000.0
-37.7343,144.8824,510000.0
-37.7355,144.8874,325000.0
-37.7418,144.8833,800000.0
-37.7368,144.8886,1450000.0
-37.736,144.8886,500000.0
-37.7356,144.8799,1405000.0
-37.777,144.99200000000005,1343000.0
-37.7679,144.9994,680000.0
-37.7715,145.0075,695000.0
-37.7836,145.0139,420000.0
-37.7717,144.995,1300000.0
-37.7634,144.9985,995000.0
-37.7751,145.0099,1750000.0
-37.7825,145.0072,1822000.0
-37.7827,145.0113,280000.0
-37.7767,144.9924,1100000.0
-37.7744,145.0077,1610000.0
-37.7681,145.0119,970000.0
-37.7806,145.0097,970000.0
-37.7721,145.0004,2990000.0
-37.7659,144.9903,1050000.0
-37.7741,145.0073,1290000.0
-37.7836,145.0139,471250.0
-37.7677,145.0142,1235000.0
-37.712,144.9175,600000.0
-37.7167,144.9127,955000.0
-37.7131,144.9091,601000.0
-37.7166,144.9104,755000.0
-37.7167,144.9216,1400000.0
-37.719,144.9254,1005000.0
-37.7149,144.9153,860000.0
-37.7206,144.9194,1306000.0
-37.7136,144.92700000000005,1250000.0
-37.7188,144.9243,648000.0
-37.8952,145.0928,2525000.0
-37.91,145.096,1615000.0
-37.8946,145.0944,655000.0
-37.9098,145.097,1351000.0
-37.9066,145.0869,1205000.0
-37.9067,145.0921,676000.0
-37.895,145.1014,1145000.0
-37.8999,145.0993,1600000.0
-37.898,145.0928,1840000.0
-37.9067,145.053,1300000.0
-37.908,145.0502,2250000.0
-37.9023,145.0461,437500.0
-37.9034,145.0409,960000.0
-37.9051,145.0473,1486000.0
-37.9084,145.0532,1425000.0
-37.9032,145.0455,311500.0
-37.7867,144.9572,835000.0
-37.7959,144.9569,3970000.0
-37.7961,144.9538,2790000.0
-37.7215,144.9251,755000.0
-37.7189,144.9508,750000.0
-37.7306,144.9357,999000.0
-37.7182,144.9506,800000.0
-37.7278,144.9463,800000.0
-37.7253,144.9467,806000.0
-37.7195,144.9456,770000.0
-37.7218,144.9406,496000.0
-37.7243,144.9473,585000.0
-37.7217,144.924,540000.0
-37.7242,144.9424,708000.0
-37.7181,144.9322,497000.0
-37.7187,144.9433,800000.0
-37.7302,144.9357,1395000.0
-37.7216,144.9292,427500.0
-37.7177,144.9328,560000.0
-37.7321,144.9353,1410000.0
-37.7324,144.9377,520000.0
-37.7303,144.9445,1017500.0
-37.724,144.9447,910000.0
-37.7328,144.9281,958000.0
-37.7186,144.9318,770000.0
-37.8368,144.9463,1400000.0
-37.8415,144.9412,520000.0
-37.8366,144.923,1332000.0
-37.84,144.939,801000.0
-37.8323,144.9463,2400000.0
-37.841,144.9386,575000.0
-37.8392,144.9257,950000.0
-37.842,144.9413,730000.0
-37.8427,144.9378,1110000.0
-37.8444,144.9421,2250000.0
-37.8346,144.9358,2700000.0
-37.833,144.9377,1375000.0
-37.8443,144.9442,600000.0
-37.8424,144.9449,1030000.0
-37.851,145.0055,1251000.0
-37.8551,145.0058,1305000.0
-37.8516,144.9943,550000.0
-37.8513,144.9943,645000.0
-37.8542,145.0024,550000.0
-37.8529,145.0103,410000.0
-37.8597,145.0093,690000.0
-37.8538,145.0088,630000.0
-37.8508,144.9874,685000.0
-37.8489,144.9903,570000.0
-37.8508,145.0051,860000.0
-37.859,145.0038,880000.0
-37.8519,144.9948,475000.0
-37.849,145.0088,888000.0
-37.7499,145.0031,413000.0
-37.736,145.0033,1190000.0
-37.7424,145.0026,2000000.0
-37.7505,144.991,1045000.0
-37.7438,144.9971,1121000.0
-37.7317,145.0083,715000.0
-37.731,145.0115,1200000.0
-37.7336,145.0022,917500.0
-37.7386,145.0234,770000.0
-37.7334,144.9873,800000.0
-37.7506,144.99,1075000.0
-37.7377,144.9911,1015000.0
-37.7506,145.0185,880000.0
-37.7353,145.0232,1020000.0
-37.7373,144.9864,1000000.0
-37.7336,145.0168,1010000.0
-37.7489,144.9861,1110000.0
-37.7356,145.0087,800000.0
-37.7341,145.0275,910000.0
-37.7452,145.0192,1215000.0
-37.7424,145.0026,2300000.0
-37.7521,145.0071,1108000.0
-37.7305,144.9856,801000.0
-37.7341,145.0096,1010000.0
-37.7536,145.0191,690000.0
-37.7442,144.9958,630000.0
-37.7344,145.0208,1100000.0
-37.7288,144.9849,1055000.0
-37.7362,144.9885,560000.0
-37.7316,145.0201,385000.0
-37.7148,145.019,741000.0
-37.7039,145.0226,725000.0
-37.7018,145.0134,615000.0
-37.7093,145.0083,406000.0
-37.7258,145.0113,1010000.0
-37.712,145.0205,852000.0
-37.7152,144.9817,595000.0
-37.6982,145.0043,665000.0
-37.714,145.007,631000.0
-37.7074,145.0276,905000.0
-37.7114,145.02100000000004,845000.0
-37.7085,145.018,815000.0
-37.701,144.9993,770000.0
-37.7269,144.988,935000.0
-37.7054,144.9945,610000.0
-37.6987,145.0203,678500.0
-37.721,145.016,861500.0
-37.7194,145.0015,801000.0
-37.7179,144.9908,1150000.0
-37.7236,144.9876,760000.0
-37.6955,145.0097,490000.0
-37.7068,145.0193,605000.0
-37.7071,145.0108,652000.0
-37.7199,145.0091,615000.0
-37.7196,145.0092,407000.0
-37.7205,145.0165,930000.0
-37.7218,145.0231,741000.0
-37.7091,145.0259,375000.0
-37.6947,144.9851,1005000.0
-37.7051,145.0331,800000.0
-37.6986,145.024,395000.0
-37.7302,145.0129,1025000.0
-37.7216,145.0099,505000.0
-37.8191,144.9977,950000.0
-37.8172,145.0053,1110000.0
-37.8119,144.9947,950000.0
-37.821,145.0054,1226000.0
-37.817,144.9955,500000.0
-37.8162,145.006,1214000.0
-37.8183,144.9979,370000.0
-37.833,144.997,790000.0
-37.8235,144.9963,1400000.0
-37.8175,144.9974,500000.0
-37.8151,145.0003,1090000.0
-37.8221,144.9964,1785000.0
-37.822,145.0104,560000.0
-37.825,144.9976,690000.0
-37.817,145.0058,1050000.0
-37.8161,145.0037,2060000.0
-37.8108,144.9955,860000.0
-37.8221,144.9988,1052000.0
-37.8213,144.9948,3000000.0
-37.8264,145.0123,1330000.0
-37.8183,144.9979,630000.0
-37.8226,145.0064,1210000.0
-37.8259,145.0107,911000.0
-37.8225,145.0096,1590000.0
-37.7334,145.0631,1380000.0
-37.7438,145.0769,1150000.0
-37.7323,145.0692,1160000.0
-37.7437,145.0729,615000.0
-37.7399,145.0681,940000.0
-37.8026,144.8882,665000.0
-37.8077,144.8883,950000.0
-37.8052,144.8879,1085000.0
-37.8053,144.8967,847000.0
-37.8046,144.891,785000.0
-37.8395,144.9489,2240000.0
-37.8373,144.9527,2050000.0
-37.8344,144.9581,460000.0
-37.8353,144.9599,650000.0
-37.8351,144.964,1100000.0
-37.8365,144.9497,1820000.0
-37.837,144.9585,1780000.0
-37.8355,144.9675,1024000.0
-37.8309,144.9686,680000.0
-37.836,144.9638,1150000.0
-37.8319,144.9682,710000.0
-37.8398,144.9945,1320000.0
-37.8361,144.9966,537000.0
-37.8361,144.9966,800000.0
-37.8378,144.9883,410000.0
-37.8452,145.0001,499000.0
-37.8454,144.9891,1214000.0
-37.8406,145.0035,485000.0
-37.836,144.9782,920000.0
-37.837,144.9907,615000.0
-37.8422,144.9855,642000.0
-37.8366,144.9882,3475000.0
-37.8433,145.0024,1710000.0
-37.8471,145.0019,851000.0
-37.8428,144.9877,2030000.0
-37.8424,144.9867,1405000.0
-37.8361,144.9966,850000.0
-37.8383,144.9995,792500.0
-37.8354,144.984,390500.0
-37.8446,144.9844,2050000.0
-37.8447,145.0037,595000.0
-37.8585,144.983,346000.0
-37.8644,144.9741,520000.0
-37.8607,144.9873,320000.0
-37.8709,144.9807,610500.0
-37.8585,144.9884,350000.0
-37.8661,144.9802,1120000.0
-37.8636,144.9749,1077000.0
-37.8658,144.9774,1301000.0
-37.8658,144.9795,1440000.0
-37.859,144.9816,680000.0
-37.8635,144.991,1361000.0
-37.8718,144.9767,1000000.0
-37.8624,144.9823,902000.0
-37.8623,144.9772,1190000.0
-37.8579,144.9844,920000.0
-37.857,144.9867,482000.0
-37.8729,144.9794,2260000.0
-37.7199,144.9044,810000.0
-37.7229,144.9055,1021000.0
-37.7345,144.9228,925000.0
-37.7189,144.9044,910000.0
-37.7192,144.9045,900000.0
-37.7296,144.9225,995000.0
-37.7253,144.9146,1150000.0
-37.7966,144.8256,940000.0
-37.7866,144.8458,726000.0
-37.7918,144.8419,950000.0
-37.7867,144.8437,760000.0
-37.7803,144.8415,990000.0
-37.7988,144.822,651500.0
-37.785,144.8383,970000.0
-37.7811,144.8373,841000.0
-37.7875,144.8456,710000.0
-37.7894,144.8383,840000.0
-37.7954,144.8246,660000.0
-37.7868,144.8428,692000.0
-37.7743,144.8446,830000.0
-37.7549,144.8304,600000.0
-37.771,144.8389,718000.0
-37.7662,144.8383,775000.0
-37.7676,144.8307,490000.0
-37.7886,144.821,716000.0
-37.7997,144.7968,511000.0
-37.7962,144.8064,515000.0
-37.8017,144.8258,530000.0
-37.7912,144.7979,685000.0
-37.7889,144.8047,700000.0
-37.79,144.7886,521000.0
-37.7845,144.8088,571000.0
-37.7928,144.8068,710000.0
-37.8271,145.1032,682000.0
-37.8351,145.10299999999995,825000.0
-37.8323,145.105,1525000.0
-37.8201,145.0887,1260000.0
-37.81800000000001,145.0946,2360000.0
-37.823,145.0993,1250000.0
-37.8292,145.1053,1490000.0
-37.8327,145.0976,1600000.0
-37.8176,145.0882,1652000.0
-37.8263,145.0911,2370000.0
-37.7586,145.1211,940000.0
-37.7628,145.1185,1503500.0
-37.7658,145.1014,950000.0
-37.7703,145.1086,1370000.0
-37.7565,145.1067,1181000.0
-37.769,145.1108,1385000.0
-37.7685,145.1026,1180000.0
-37.7686,145.1023,1302000.0
-37.762,145.1244,1775000.0
-37.7598,145.0118,1750000.0
-37.7555,145.0152,1345000.0
-37.7573,145.0083,1080000.0
-37.7593,144.9885,1195000.0
-37.7554,144.982,716000.0
-37.7538,144.9991,865000.0
-37.7561,145.0067,462000.0
-37.7551,144.9916,1100000.0
-37.7579,145.0169,1635000.0
-37.7579,145.0,998000.0
-37.7549,144.9979,600000.0
-37.7544,144.998,1346000.0
-37.7575,145.0128,1130000.0
-37.7638,145.0182,1275000.0
-37.7622,145.0074,1200000.0
-37.7541,145.016,915000.0
-37.7577,145.0151,300000.0
-37.7639,145.0135,880000.0
-37.7587,144.9881,960000.0
-37.7606,144.9995,1260000.0
-37.7629,145.0165,1100000.0
-37.743,145.0839,810000.0
-37.7317,145.0952,1140000.0
-37.7355,145.0928,1003000.0
-37.7308,145.0932,1155000.0
-37.713,145.0894,880000.0
-37.705,145.0825,826000.0
-37.711,145.08100000000005,952000.0
-37.716,145.0769,677500.0
-37.7054,145.0809,761000.0
-37.7031,145.0773,715000.0
-37.7154,145.0777,932500.0
-37.7075,145.0807,895000.0
-37.798,144.8728,1435000.0
-37.8088,144.8715,470000.0
-37.8109,144.8684,502000.0
-37.7968,144.8708,580000.0
-37.7971,144.8703,375000.0
-37.804,144.8772,650000.0
-37.7928,144.8811,815000.0
-37.7969,144.8647,970000.0
-37.7994,144.8763,1325000.0
-37.7916,144.8762,890000.0
-37.7963,144.8801,900000.0
-37.8062,144.8665,266000.0
-37.7916,144.8715,830000.0
-37.7903,144.8703,888000.0
-37.7961,144.8815,1040000.0
-37.7968,144.8735,490000.0
-37.7922,144.8818,935000.0
-37.7955,144.8713,975000.0
-37.798,144.8672,185000.0
-37.861,144.8985,2165000.0
-37.8575,144.8922,1245000.0
-37.8622,144.8884,2075000.0
-37.8536,144.8981,543000.0
-37.8526,144.895,1150000.0
-37.8651,144.8986,1290000.0
-37.8602,144.8997,1000000.0
-37.8629,144.8781,2040000.0
-37.8579,144.8786,1412000.0
-37.8589,144.8921,465000.0
-37.8546,144.8883,855000.0
-37.8685,144.9058,550000.0
-37.8588,144.8919,490000.0
-37.8566,144.8737,1200000.0
-37.8629,144.8896,1330000.0
-37.8617,144.8786,1500000.0
-37.8657,144.8942,1630000.0
-37.8143,144.8883,935000.0
-37.8227,144.8827,990000.0
-37.8167,144.888,950000.0
-37.8178,144.8752,1196000.0
-37.8226,144.8842,470000.0
-37.8157,144.8925,1131500.0
-37.8128,144.8905,2035000.0
-37.8194,144.8914,935000.0
-37.8195,144.8766,892000.0
-37.8228,144.8769,985500.0
-37.8161,144.8967,650000.0
-37.813,144.8703,1070000.0
-37.8128,144.8953,397000.0
-37.8184,144.872,1035000.0
-37.8181,144.8882,1370000.0
-37.8122,144.8671,650000.0
-37.812,144.8865,820000.0
-37.8227,144.8955,750000.0
-37.8167,144.8936,497600.0
-37.8212,144.8937,970000.0
-37.8158,144.8707,1256000.0
-37.811,144.8889,1120000.0
-37.8149,144.8942,1425000.0
-37.8145,144.8808,872500.0
-37.8097,144.8906,1455000.0
-37.8105,144.8952,331000.0
-37.8233,144.8825,950000.0
-37.8025,144.9939,1000000.0
-37.8055,144.9961,870000.0
-37.8099,145.0027,1050000.0
-37.8052,144.9963,1242000.0
-37.797,144.9957,1165000.0
-37.7203,144.8757,872500.0
-37.7284,144.8874,720000.0
-37.7251,144.8785,985000.0
-37.7191,144.8857,510000.0
-37.7216,144.8837,480000.0
-37.7776,144.8167,800000.0
-37.7832,144.8275,420000.0
-37.7841,144.8169,700000.0
-37.7798,144.8156,580000.0
-37.7849,144.8272,200000.0
-37.7765,144.8123,621000.0
-37.7815,144.8128,600000.0
-37.864,144.8161,840000.0
-37.8712,144.8107,1480000.0
-37.8718,144.819,600000.0
-37.8701,144.8209,597500.0
-37.8707,144.8076,1165000.0
-37.8678,144.816,1295000.0
-37.8689,145.0882,1450000.0
-37.866,145.089,925000.0
-37.8726,145.0716,2220000.0
-37.8686,145.0721,1912500.0
-37.8635,145.0895,2085000.0
-37.8021,145.0637,1380000.0
-37.8078,145.1031,825000.0
-37.8114,145.0793,1670000.0
-37.8101,145.0844,1680000.0
-37.8241,144.8419,1005000.0
-37.8177,144.8496,1520000.0
-37.7947,144.9724,960000.0
-37.7973,144.9712,995000.0
-37.7998,144.9689,490000.0
-37.7941,144.9678,500000.0
-37.762,145.0645,1750000.0
-37.7605,145.0593,2710000.0
-37.8161,144.9845,503000.0
-37.8144,144.9896,810000.0
-37.8133,144.9865,4275000.0
-37.8822,144.9994,385000.0
-37.8857,145.0011,850000.0
-37.8881,145.0097,740000.0
-37.892,145.0103,1940000.0
-37.886,145.0008,595000.0
-37.8817,145.0032,632500.0
-37.8795,144.98,687000.0
-37.8865,144.9874,1260000.0
-37.8888,144.991,695000.0
-37.8794,144.9804,950000.0
-37.8749,144.9799,360000.0
-37.8805,144.9933,1875000.0
-37.8753,144.9902,642000.0
-37.8772,144.9904,1520000.0
-37.8777,144.9915,2275000.0
-37.8857,144.9884,800000.0
-37.8777,144.9891,500000.0
-37.8852,144.9877,490000.0
-37.7372,144.9022,1291000.0
-37.7417,144.9079,810000.0
-37.743,144.9084,415500.0
-37.7976,144.9778,1100000.0
-37.799,144.975,1350000.0
-37.7967,144.9836,600000.0
-37.7999,144.9776,1350000.0
-37.8007,144.9833,2725000.0
-37.7959,144.9802,1050000.0
-37.8065,144.9781,1326000.0
-37.8018,144.9825,1200000.0
-37.7964,144.9839,681500.0
-37.7039,144.8986,680000.0
-37.7055,144.8943,741000.0
-37.7071,144.8989,990000.0
-37.7088,144.8938,970000.0
-37.6822,144.9108,485000.0
-37.6875,144.9102,618000.0
-37.721,144.8584,616000.0
-37.724,144.8514,773000.0
-37.7979,144.9265,355000.0
-37.7886,144.9253,425000.0
-37.7961,144.9261,535000.0
-37.7897,144.9228,500000.0
-37.7912,144.9318,525000.0
-37.7989,144.9275,1110000.0
-37.791,144.9323,917500.0
-37.7956,144.935,730000.0
-37.7898,144.9276,811000.0
-37.7973,144.9208,1190000.0
-37.7964,144.9339,903000.0
-37.7954,144.9259,902500.0
-37.791,144.928,1817000.0
-37.7928,144.9279,528000.0
-37.7985,144.9307,1000000.0
-37.7961,144.9261,380000.0
-37.791,144.928,1817000.0
-37.8447,144.9604,1420000.0
-37.8468,144.9612,1335000.0
-37.8527,144.9657,1300000.0
-37.8471,144.9595,2860000.0
-37.8484,144.963,1630000.0
-37.8496,144.963,2250000.0
-37.9396,145.0519,1035000.0
-37.9432,145.0462,1321000.0
-37.9369,145.0473,742500.0
-37.9409,145.0602,860000.0
-37.7987,144.9434,2161000.0
-37.8029,144.9459,1485000.0
-37.9394,145.089,940000.0
-37.918,145.085,770000.0
-37.9115,145.0889,985100.0
-37.9316,145.0821,1410000.0
-37.9233,145.1062,815000.0
-37.9176,145.0839,1042500.0
-37.8287,144.8705,815000.0
-37.8288,144.8711,321000.0
-37.8303,144.8679,995000.0
-37.8289,144.8718,1290000.0
-37.8288,144.8711,300000.0
-37.8242,144.9626,505000.0
-37.8288,144.9679,595000.0
-37.8273,144.9685,580000.0
-37.8248,144.9667,580000.0
-37.826,144.8769,1320000.0
-37.8291,144.8848,380000.0
-37.8312,144.8893,1100000.0
-37.8297,144.8752,660000.0
-37.8373,145.0106,867000.0
-37.8428,145.0081,552000.0
-37.8389,145.0141,655000.0
-37.8384,145.0178,840000.0
-37.8427,145.0236,1010000.0
-37.8454,145.0076,650000.0
-37.8445,145.0124,2400000.0
-37.845,145.0134,3600000.0
-37.8432,145.0137,750000.0
-37.8421,145.0104,247500.0
-37.8474,145.0125,1320000.0
-37.8421,145.0237,922500.0
-37.8359,145.0126,760000.0
-37.8573,144.8854,546000.0
-37.857,144.8846,670000.0
-37.8538,144.8722,1070000.0
-37.8565,144.8865,1575000.0
-37.8559,144.8764,1520000.0
-37.857,144.8846,720000.0
-37.855,144.8742,1045000.0
-37.8559,144.999,585000.0
-37.8573,144.9978,690000.0
-37.8582,144.9979,854000.0
-37.8556,144.9885,900000.0
-37.8508,144.984,350000.0
-37.7214,145.1063,721500.0
-37.7327,145.0804,1060000.0
-37.7285,145.0851,984000.0
-37.8656,144.9919,450000.0
-37.8757,144.998,490000.0
-37.8686,144.9969,440000.0
-37.7506,144.8891,1406000.0
-37.7523,144.8862,1305000.0
-37.7157,145.0386,488000.0
-37.8082,144.9451,1750000.0
-37.8094,144.9452,1013000.0
-37.8098,144.9448,1171000.0
-37.8059,144.9459,1053000.0
-37.8084,144.9473,295000.0
-37.6741,144.9698,445000.0
-37.7847,144.9383,360000.0
-37.71655,144.88155,640000.0
-37.72274,144.88002,961000.0
-37.8481,144.9566,1535000.0
-37.77917,144.82223,570000.0
-37.78122000000001,145.0336,2345000.0
-37.8265,144.84386,900000.0
-37.85311,145.02847,5200000.0
-37.87257,145.09781999999996,1225000.0
-37.76215,144.85986,622000.0
-37.76616,144.8575,825000.0
-37.80156,145.06715,1475000.0
-37.79888,145.06649,2160000.0
-37.79362,145.0652,1050000.0
-37.79495,145.08192,1275000.0
-37.83909,145.26075,640000.0
-37.83303,145.27488,500000.0
-37.98139000000001,145.05251,1221000.0
-37.98713,145.04887,1823000.0
-37.98942,145.03394,2000000.0
-37.92487,145.04703,1365000.0
-37.92999,145.04932,1045000.0
-37.93228,145.07026000000005,1220000.0
-38.02434,145.33117,627500.0
-37.84674,145.29351,642000.0
-37.70822,145.11495,840000.0
-37.90876,145.00743,2650000.0
-37.88468,144.99722,380000.0
-37.92615,145.00282,3250000.0
-37.91503,145.00888,1731000.0
-37.68358,144.92387,465000.0
-37.69237,144.93143999999995,518500.0
-37.77742,144.95666,692000.0
-37.76386,144.97783,1305000.0
-37.76073,144.94803000000005,1100000.0
-37.76732,144.94098,573000.0
-37.77615,145.08907,1060000.0
-37.70834,145.05424,805000.0
-37.70074,145.0648,682000.0
-37.7331,144.76282,535000.0
-37.8534,145.14218,1088000.0
-37.85771,145.15466,1180000.0
-37.75107,144.78415,630000.0
-37.84716,145.07351,677000.0
-37.83202,145.06095,670000.0
-37.84689,145.05863,1320000.0
-37.82091,145.06011,816000.0
-37.79859,144.97336,350000.0
-37.7969,144.9742,620000.0
-37.79449,144.97406,1760000.0
-37.74397,144.73471999999995,545000.0
-37.89565,145.0234,1091500.0
-37.96763,145.07898,1140000.0
-37.96062,145.04296000000005,950000.0
-37.97143,145.05219,425000.0
-37.95629,145.06031000000004,1116000.0
-37.79297,144.99776,1030000.0
-37.74483,144.97269,900000.0
-37.73704,144.97959,922000.0
-37.75279000000001,144.95379,1077000.0
-37.72495,144.98348,805000.0
-37.58885,144.90135,665000.0
-37.60329,144.93948,515500.0
-37.59715,144.89656000000005,660000.0
-38.10687,145.2811,572000.0
-37.79587,145.2683,932000.0
-37.80752,145.27212,570000.0
-37.80267,145.27569,875000.0
-37.98712,145.22262,348000.0
-37.96322,145.20586,627000.0
-37.96609,145.21997,760000.0
-37.67629,145.15589,621000.0
-37.98412,145.13433,612000.0
-37.78653,145.12363,840000.0
-37.78053,145.15567,1856000.0
-37.76598,145.19329,2705000.0
-37.61042,145.11932,530500.0
-37.71926,145.15081999999995,975000.0
-37.70913,145.1647,805000.0
-37.62693,145.01563000000004,940000.0
-37.65099,145.04663,437000.0
-37.63888,145.02813,660000.0
-37.74664,144.92285,1325000.0
-37.75515,144.92113999999995,310000.0
-37.7401,144.89674,864000.0
-37.75121,144.91326,291000.0
-37.75403,144.8867,750000.0
-37.75148,144.88519,2200000.0
-37.78022,145.01771000000005,1550000.0
-37.69863,144.96685,720000.0
-37.78493,144.98879,1350000.0
-37.78714,144.97966,1852000.0
-37.7836,144.98031,1100000.0
-37.80141,144.89587,170000.0
-37.83816,145.17783,1372000.0
-37.83401,145.17757,850500.0
-38.1523,145.11874,640000.0
-38.11948,145.14928,611000.0
-38.16492,145.12656,755000.0
-37.49642,144.60119,521000.0
-37.68541,144.88471,625000.0
-37.86231,145.07213000000004,1910000.0
-37.85399,145.04699,500000.0
-37.85546,145.04998,523000.0
-37.70168,144.94862,525000.0
-37.71399,144.92264,847000.0
-37.69749,145.1058,990000.0
-37.70267,145.09526,695000.0
-37.70733,144.94041,500000.0
-38.00022,145.2709,662500.0
-37.93464,144.99601,1210000.0
-37.93433,145.02983999999995,1140000.0
-37.81333,145.01932,395000.0
-37.82987,145.03421,1000000.0
-37.83032,145.03898999999996,450000.0
-37.81931,145.04107,2900000.0
-37.82824,145.03136999999995,450000.0
-37.64685,145.52635,650000.0
-37.73569000000001,145.05913,790000.0
-37.73764,145.05323,780000.0
-37.7482,145.04073,726500.0
-37.74307,145.0399,710000.0
-37.94887,145.02647,645000.0
-37.68455,144.73272,650500.0
-37.90415,145.10504,750000.0
-37.6876,144.91167,650000.0
-37.68582,144.91638,390000.0
-37.71424,144.7958,810000.0
-37.72321,144.80882,735000.0
-37.73893,144.87661,520000.0
-37.70115,144.80144,640000.0
-37.79482,144.92192,967000.0
-37.78906,144.93173000000004,850000.0
-37.79059,144.93145,500000.0
-37.79122,144.93175,535000.0
-37.79719,145.03177,758000.0
-37.7972,145.05225,862000.0
-38.00293,145.16465,965000.0
-37.9865,145.16767,761000.0
-37.73341,144.77161,520000.0
-37.731,144.77387,530000.0
-37.80781,144.88083,1020000.0
-37.80893,144.87878,210000.0
-37.66747,144.98802,750000.0
-37.67125,145.03171,635000.0
-37.67222,145.0231,410000.0
-37.67227000000001,145.03595,675000.0
-37.72399,145.12069,880000.0
-37.77757,144.87232,280000.0
-37.78775,144.87446,520000.0
-37.78284,144.88098,895000.0
-37.86996,145.05621000000005,2110000.0
-37.769,144.89934,1050000.0
-37.69026,144.57866,320000.0
-37.68738,144.57415,480000.0
-37.58676,145.08889,670000.0
-37.60238,145.08695,520500.0
-37.67231,145.05878,460000.0
-37.66903,145.05091000000004,610000.0
-37.82583,145.20608,950000.0
-37.8179,145.20658,970000.0
-37.81269,145.10236,2200000.0
-37.81402,145.10336,2320000.0
-37.72857,145.12728,655000.0
-37.716,145.13452,960000.0
-37.77019,144.92691000000005,1810000.0
-37.75782,144.92088,1020000.0
-37.76121,144.92525,1250000.0
-37.9379,145.05456,1175000.0
-38.00406,145.09502,800000.0
-37.99991,145.09417,1225000.0
-37.87389,145.12783000000005,1205000.0
-37.86989000000001,145.1434,1720000.0
-37.8778,145.11236,1600000.0
-37.86071,145.1278,944000.0
-37.86618,145.14757,1385000.0
-37.89757,145.11825,2000000.0
-38.03147,145.31126,650000.0
-38.02938,145.31876,655000.0
-37.84026,144.86667,710000.0
-37.84522,144.86516,1330000.0
-37.79939,144.94635,550000.0
-37.80037,144.94981,962000.0
-37.80487,144.95705,936000.0
-37.76501,145.00269,1900000.0
-37.77124,145.002,1605000.0
-37.78103,144.998,1415000.0
-37.76622,145.01596,390000.0
-37.80827,145.18098999999995,1100000.0
-37.81376,145.17641,926000.0
-37.712,144.91761,610000.0
-37.90119,145.1068,1525000.0
-37.909,145.12059,1900000.0
-37.90164,145.04138999999995,454000.0
-37.90286,145.04772,562000.0
-37.99464,145.08099,1000000.0
-37.99652,145.08523,820000.0
-37.72796,144.93885,870000.0
-37.72392,144.94951,800000.0
-37.72565,144.94953999999996,1501000.0
-37.73103,144.93963,1663000.0
-37.71561,144.94336,780000.0
-37.89467,144.72018,660000.0
-37.84007,144.94128999999995,1631000.0
-37.83591,144.93648000000005,1665000.0
-37.83933,144.93771,2450000.0
-37.85279,145.00811000000004,399000.0
-37.85417,145.00929,1240000.0
-37.71562,145.02175,840000.0
-37.72874,145.02988,560000.0
-37.70343,145.03082,900000.0
-37.71073,145.01775,902000.0
-37.70047,145.02881000000005,825000.0
-37.72487,145.00705,668500.0
-37.81954,145.00304,1165000.0
-37.81443,144.99079,890500.0
-37.82259000000001,144.99077,1442000.0
-37.80526,145.24628,560000.0
-37.73289000000001,144.66615,340000.0
-37.91894,145.24305,870000.0
-37.95236,145.00737,643500.0
-38.10422,145.14158999999995,572000.0
-37.80601,144.89663000000004,750000.0
-37.80697,144.8928,850000.0
-38.10542,145.19951,640000.0
-37.61957,145.0948,600000.0
-37.64491,145.09233,386000.0
-37.83613,144.99661,857000.0
-37.84369,144.98914,1160000.0
-37.84024,145.00038999999995,1235000.0
-37.94106,145.16193,752500.0
-37.73074,144.78925,565000.0
-37.7627,144.81107,610000.0
-37.8614,144.97406999999995,350000.0
-37.87174,144.98286000000004,525000.0
-37.85954,144.98869,517500.0
-37.86476,144.97826,365000.0
-37.85709,144.9873,460000.0
-37.7404,144.90835,646000.0
-37.59501,144.70068999999995,580000.0
-37.57282,144.70553,420000.0
-37.58689,144.72865,650000.0
-37.79408,144.82613999999995,525000.0
-37.77176,144.84062,780000.0
-37.7875,144.80983999999995,765000.0
-37.83729,145.10929,2100000.0
-37.82886,145.10093,1385000.0
-37.84123,144.69648999999995,451500.0
-37.83867,144.7034,526000.0
-37.71071,144.74962,605500.0
-37.70308,144.79953999999995,427500.0
-37.77083,145.11516,1705000.0
-37.86387,145.31762,551200.0
-37.67748,145.01791,542000.0
-37.76281,145.01986000000005,2070000.0
-37.83195,145.01215,2800000.0
-37.84219,144.71155,385000.0
-37.70367,144.88081,500000.0
-37.69048,144.87312,821000.0
-37.831,145.19843999999995,917000.0
-37.73789,145.08952,1115000.0
-37.73298,145.08893999999995,905000.0
-37.84646,145.22591,450000.0
-37.88695,145.21891000000005,1015000.0
-37.88688,144.67244,510000.0
-37.8967,144.65264,645000.0
-37.91165,144.67241,427000.0
-37.79644,144.86388,845000.0
-37.79205,144.87142,876000.0
-37.67485,144.88995,578000.0
-37.8543,144.74437,510000.0
-37.61401,145.03301000000005,390000.0
-37.6161,145.03937,525000.0
-37.89757,144.63041,480000.0
-37.81789000000001,144.86744,1000000.0
-37.81381,144.87438,1240000.0
-37.82004000000001,144.87174,1115000.0
-37.75571,144.90366,507000.0
-37.72207,144.87905,845000.0
-37.72265,144.8793,1250000.0
-37.72623,144.86773,1026000.0
-37.72649000000001,144.88488999999996,850000.0
-37.84583,144.95658,2905000.0
-37.84763,144.95175,1380000.0
-37.84152,144.95027,2500000.0
-37.84396,144.95658999999995,2120000.0
-37.84098,144.95115,2015000.0
-37.77917,144.81407,787000.0
-37.77227,145.0284,2220000.0
-37.86444,144.82304,540000.0
-37.83012,144.84818,585000.0
-37.85385,145.0284,700500.0
-37.85911,145.01783,2385000.0
-37.77206,144.90397,1500000.0
-37.87159000000001,145.0795,1655000.0
-37.8621,145.08588,1800000.0
-37.86236,145.08787,1880000.0
-37.86513,145.07918999999995,2405000.0
-37.77222,144.85412,1000000.0
-37.76848,144.86293999999995,945000.0
-37.86752,144.99668,290000.0
-37.80511,145.08972,1810000.0
-37.78142,145.09226999999996,1593000.0
-37.80004,145.09869,3100000.0
-37.84613,145.25606000000005,930000.0
-37.84823,145.26673,700000.0
-37.8543,145.25253,860000.0
-37.98489,145.04116000000005,1470000.0
-37.98825,145.03226999999995,1660000.0
-37.92135,145.02917,1600000.0
-37.92594,145.03184,1200000.0
-37.92332,145.07483,1185000.0
-37.91311,145.06496,1460000.0
-37.9203,145.08074,935000.0
-37.91657,145.05534,1620000.0
-37.91327,145.07917,1580000.0
-37.92284,145.06423,1315000.0
-37.97614,145.02014,767000.0
-37.97956,145.02303,2520000.0
-37.81726,145.16061000000005,1695000.0
-37.8054,145.15701,990000.0
-38.06257,145.1226,836000.0
-37.87393,145.28858,780000.0
-37.87377,145.28688,783000.0
-37.86625,145.26317,2020000.0
-37.83883,145.28893,706500.0
-37.70688,145.11791000000005,637000.0
-37.90597,145.00208,1336000.0
-37.90115,144.98776,1400000.0
-37.91155,145.00656999999995,1175000.0
-37.91068,145.00394,1935000.0
-37.91677,145.00372,1950000.0
-37.9031,144.9938,2250000.0
-37.92109,145.00088,897000.0
-37.91818,145.01513,2000000.0
-37.76316,144.97108,1590000.0
-37.77588,144.95736000000005,1435000.0
-37.77539,144.95576,1315000.0
-37.76569,144.9656,730000.0
-37.766,144.96076000000005,700000.0
-37.7649,144.96761999999995,1900000.0
-37.75697,144.95543,920000.0
-37.7617,144.96406000000005,765000.0
-37.75967,144.97214,1400000.0
-37.76733,144.96079,740000.0
-37.7631,144.98138,570000.0
-37.77524,144.97529,1105000.0
-37.7535,144.94643,1200000.0
-37.75569,144.95186,1325000.0
-37.77173,145.09581,1160000.0
-37.78006,145.10169,1320000.0
-37.69388,145.06463,780000.0
-37.85213,145.10928,845000.0
-37.84738,145.11997,700000.0
-37.848,145.14165,1032000.0
-37.76189,144.78517,821000.0
-37.84,145.07853,3050000.0
-37.8356,145.08005,1171000.0
-37.83271,145.08414,2050000.0
-37.82012,145.08526,850000.0
-37.78381,144.97608,1501000.0
-37.90248,145.05943,1570000.0
-37.90092,145.04924,1275000.0
-37.90008,145.06187,1435000.0
-37.89106,145.04675,1455000.0
-37.89267,145.05473999999995,620000.0
-37.72484,144.74296,600000.0
-38.07921,145.12761,965000.0
-38.07938,145.13227,529000.0
-38.07405,145.13211,881000.0
-38.0781,145.12429,845000.0
-37.88776,145.03364,650000.0
-37.88385,145.04785,350000.0
-37.8681,145.02576000000005,350000.0
-37.86827,145.02113,665000.0
-37.88246,145.10046,1080000.0
-37.88093,145.10574,674000.0
-38.05304,145.1151,525000.0
-38.04683,145.1261,840000.0
-37.96342,145.06516000000005,745000.0
-37.97161,145.07036000000005,1240000.0
-37.96021,145.05938,850000.0
-37.91865,145.14341000000005,1300000.0
-37.79443,144.9995,700000.0
-37.74524,144.9754,880000.0
-37.73975,144.9651,1525000.0
-37.75535,144.96481,690000.0
-37.74966,144.9682,960000.0
-37.75107,144.95112,1600000.0
-37.73894,144.95067,1157000.0
-37.74373,144.95783,867000.0
-37.73251,144.98178,690000.0
-37.7296,144.97988,850000.0
-37.73285,144.97274,700000.0
-37.80896,144.9911,561000.0
-37.79531,144.9863,1025000.0
-37.59908,144.93954,725000.0
-37.57201,144.90896999999995,667000.0
-37.7917,145.29665,877500.0
-37.97806,145.20432,678000.0
-37.96006,145.22093999999996,595000.0
-37.95431,145.20899,305000.0
-37.986,145.12035,816000.0
-37.79094,145.12733,2600000.0
-37.77969,145.14033,1285000.0
-37.79436,145.13869,1360000.0
-37.77536,145.13163,1600000.0
-37.77934000000001,145.11344,1370000.0
-37.78535,145.14536,1760000.0
-37.7738,145.16711999999995,1662000.0
-37.99095,145.2316,545000.0
-37.76689,145.05206,750000.0
-37.89438,145.00851,716000.0
-37.8879,145.01198,975000.0
-37.71119,145.15333,975000.0
-37.709,145.14131,842000.0
-37.8785,144.99316000000005,480000.0
-37.88094,144.99471,696750.0
-37.88306,144.9841,420000.0
-37.88349,144.98699,695500.0
-37.65105,145.04613,540000.0
-37.64954,145.03648,620000.0
-37.64262,145.0407,598000.0
-37.6248,145.01032,650000.0
-37.74125,144.89502,762000.0
-37.75582,144.91061000000005,1025000.0
-37.75472,144.92723,1360000.0
-37.7525,144.90417,900000.0
-37.75126,144.89558,1320000.0
-37.75284,144.90975,786000.0
-37.75511,144.90935,2210000.0
-37.77558,145.02451000000005,1200000.0
-37.71693,144.96527,700000.0
-37.70037,144.97007,712000.0
-37.71193,144.974,775000.0
-37.71881,144.96527,821000.0
-37.88909,145.26935,663500.0
-37.89879000000001,145.28866000000005,805000.0
-37.78358,144.92927,1290000.0
-37.78474,144.9322,2268000.0
-37.78895,144.89014,270000.0
-37.8021,144.9075,605000.0
-37.83592,145.16818999999995,764000.0
-38.15517,145.12705,700000.0
-38.1187,145.14973,452000.0
-37.84949,145.07726,1890000.0
-37.87173,145.15267,1750000.0
-37.88245,145.15982,1100000.0
-37.70619,144.92916,750000.0
-37.69777,144.91952,695000.0
-37.71437,145.10112,817000.0
-37.70817,145.10028,760000.0
-37.64049,144.8846,680000.0
-37.65439,144.89113,1170000.0
-37.65039,144.89948,830000.0
-37.70527,144.95084,731000.0
-37.70328,144.94161,827000.0
-37.70903,144.93995,627000.0
-38.00533,145.26907,680000.0
-37.81415,145.03082,690000.0
-37.82193,145.01748999999995,1022000.0
-37.83031,145.02973,5510000.0
-37.81474,145.02608999999995,3335000.0
-37.82694,145.03094,560000.0
-37.83,145.04186,970000.0
-37.83432,145.04152,1790000.0
-37.82258,145.0193,805000.0
-37.82911,145.04531,1875000.0
-37.83539,145.0431,2320000.0
-37.84506,145.05246,1465000.0
-37.8327,145.2348,701000.0
-37.83058,145.23071000000004,850000.0
-37.73736,145.05603,885000.0
-37.94654,145.04863,1190000.0
-37.68811,144.74999,485000.0
-37.86515,144.66671000000005,530000.0
-37.86852,144.68039,515000.0
-37.84931,144.6942,1305000.0
-37.87498,144.69617,555500.0
-37.76737,145.03943999999996,1350000.0
-37.75822,145.05056000000005,910000.0
-37.76538,145.04963999999995,1300000.0
-37.7714,145.05963,2525000.0
-37.77127,145.0499,535000.0
-37.72188,144.81489,580000.0
-37.72544,144.85259,670000.0
-37.79554,144.91679,855000.0
-37.7902,144.93192,990000.0
-37.80897,145.04759,630000.0
-37.81439,145.04237,942000.0
-37.8008,145.04336,912500.0
-37.80468,145.03614,515000.0
-37.8055,145.03799999999995,672000.0
-37.79172,145.05863,2162000.0
-37.79017,145.06381000000005,2260000.0
-37.9887,145.16158,745000.0
-37.7126,145.02996000000005,800001.0
-37.80742,144.88297,1180000.0
-37.67056,145.03698,521000.0
-37.86916,145.03565,910000.0
-37.85905,145.03229,4900000.0
-37.86824,145.03503999999995,592000.0
-37.86561,145.03602,455000.0
-37.86749,145.05122,2265000.0
-37.8683,145.03909,1780000.0
-37.77518,144.89254,585000.0
-37.7833,144.89717,1085000.0
-37.90688,145.02827,1680000.0
-37.68834,144.56803,400000.0
-37.69791,144.5807,355000.0
-37.67523,144.55833,355000.0
-37.97917,145.07573,815000.0
-37.98937,145.06723,800000.0
-37.97584000000001,145.08106999999995,885000.0
-37.85356,144.96415,2010000.0
-37.85231,144.96373,5600000.0
-37.85411,144.96409,1850000.0
-37.65887,145.06253999999996,663500.0
-37.67348,145.06982,732000.0
-37.67681,145.06413999999995,720000.0
-37.67561,145.05641,556500.0
-37.73103,145.13404,569000.0
-37.76086,144.90497,1850000.0
-37.76919,144.91186000000005,1090000.0
-37.76856,144.90577,760000.0
-37.94274,145.05783,1090500.0
-37.79026,145.33738,872000.0
-37.76517,145.3298,730000.0
-38.00508,145.08189,519000.0
-38.002,145.08916000000005,1170000.0
-37.87135,145.14334,720000.0
-37.87142,145.14503,572000.0
-37.86906,145.14394,1640000.0
-37.8605,145.12853,1011000.0
-37.88409,145.12368999999995,1450000.0
-37.92266,145.16733,880000.0
-37.90423,145.06168,1256000.0
-37.89166,145.06718,330000.0
-37.89814000000001,145.07455,670000.0
-37.88674,145.07234,602000.0
-37.74103,144.88496,1337000.0
-37.79489,144.94207,970000.0
-37.76708,144.99624,1232000.0
-37.81065,145.17309,950000.0
-37.72326,144.91681,460000.0
-37.72001,144.91683,1138000.0
-37.9054,145.08669,1410000.0
-37.90626,145.08653,1245000.0
-37.90241,145.12378,1114000.0
-37.89941,145.11523,740000.0
-37.93543,145.08408,1120000.0
-37.93646,145.08728,945000.0
-37.90296,145.04637,280000.0
-37.90335,145.03718,485000.0
-37.99544,145.08727,1315000.0
-37.78212,144.95755,1770000.0
-37.72737,144.94593,630000.0
-37.8429,144.94487,1725000.0
-37.83522,144.93471,1325000.0
-37.84432,144.94371999999996,625000.0
-37.84096,144.93791000000004,665000.0
-37.84957,144.9889,1400000.0
-37.7383,145.02348999999995,850000.0
-37.73472,144.99658,1400000.0
-37.7377,144.98781,930000.0
-37.73935,145.01516999999996,830000.0
-37.73912,145.01298,881000.0
-37.73506,145.03169,660000.0
-37.74946,145.00875,945000.0
-37.74794,144.99111000000005,1210000.0
-37.74818,144.99825,970000.0
-37.73311,145.03552,465000.0
-37.73314,145.03437,725000.0
-37.74258,144.99309,990000.0
-37.73443,145.00201,972500.0
-37.74739,145.00933999999995,955000.0
-37.78251,144.96817,1900000.0
-37.72787,144.99423000000004,1100000.0
-37.7296,145.00714,1266000.0
-37.72499000000001,145.00038,1040000.0
-37.71086,145.01629,888000.0
-37.7106,145.00177,521000.0
-37.72589,144.99681,857700.0
-37.71064000000001,145.01067,642500.0
-37.8239,145.0022,1676000.0
-37.82503,144.99967,1400000.0
-37.82434,145.00489,1301000.0
-37.82046,144.99398,575000.0
-37.80905,145.23533999999995,766000.0
-37.81656,145.24247,910000.0
-37.81186,145.25419,1200000.0
-37.74427,145.06293,675000.0
-37.91655,145.26933,622000.0
-37.63382,144.92774,425000.0
-37.95326,145.01779,2300000.0
-37.94785,145.01467,1710000.0
-37.95372,145.00608,2221000.0
-37.87793,144.75626,515000.0
-38.11014,145.14336,540000.0
-37.8642,144.84257,1360000.0
-37.80779,144.88887,1180000.0
-37.83137,144.86731,790000.0
-37.83715,144.96716999999995,805000.0
-37.83406,144.97131000000005,530000.0
-37.63485,145.07272,915000.0
-37.64215,145.08584,644000.0
-37.6236,145.10629,905000.0
-37.84712,144.99967,800000.0
-37.83554,144.97956000000005,2210000.0
-37.84497,144.99781000000004,1400000.0
-37.83849,144.99948,805000.0
-37.8369,144.98514,2400000.0
-37.84468,145.00368,535000.0
-37.83014,144.96967,422000.0
-37.82586,144.957,590000.0
-37.86506,144.97777,586500.0
-37.85705,144.98699,451000.0
-37.7377,144.91896,1780000.0
-37.73519,144.92373999999995,790000.0
-37.57456,144.71548,455000.0
-37.57686,144.71023,410000.0
-37.79067,144.83803999999995,775000.0
-37.7756,144.84235,690500.0
-37.79414000000001,144.81855,520000.0
-37.83275,145.1055,740000.0
-37.71594,144.7415,680000.0
-37.6943,144.78187,790500.0
-37.69408,144.77861,695000.0
-37.69403,144.79418,805000.0
-37.75289,145.12826,1350000.0
-37.76577,145.10728999999995,1010000.0
-37.68484,145.0072,580000.0
-37.68136,144.99479,653000.0
-37.68403,144.99246000000005,740000.0
-37.75257,145.00279,493000.0
-37.75915,145.01043,1240000.0
-37.75789,145.00136,1010000.0
-37.75231,144.99023,1626000.0
-37.83732,145.01164,550000.0
-37.84212,145.01346,2000000.0
-37.83872,145.01452,751000.0
-37.84301,145.02641,682000.0
-37.68837,144.87122,355000.0
-37.83944,145.18641000000005,1270000.0
-37.83368,145.20408999999995,975000.0
-37.83581,145.19802,820000.0
-37.85732,145.19195,750000.0
-37.839,145.22143,1280000.0
-37.74135,145.22405,1200000.0
-37.7004,145.09033,655000.0
-37.89568,144.65733,531000.0
-37.90811,144.64373,490000.0
-37.89363,144.65693000000005,472000.0
-37.89347,144.66679,467000.0
-37.88275,144.66661000000005,302500.0
-37.89407,144.67723999999995,750000.0
-37.90111,144.63302,390000.0
-37.79369000000001,144.87511,1155000.0
-37.80029,144.87859,480000.0
-37.79194,144.87143999999995,1100000.0
-37.80823,144.95452,792000.0
-37.67949,144.88349,540000.0
-37.92024,145.18049,1171000.0
-37.90618,145.16995,1408000.0
-37.8649,144.89524,1494000.0
-37.86253,144.88748,2760000.0
-37.86148,144.88303,1285000.0
-37.86409,144.88224,1900000.0
-37.8561,144.90028,950000.0
-37.71992,145.0988,1670000.0
-37.81956,144.89054,950000.0
-37.81493,144.88974,1225000.0
-37.80915,145.00066,480000.0
-37.80554,144.99612,750000.0
-37.72893,144.88859,730000.0
-37.77967,144.81275,820000.0
-37.77824,145.02541000000005,1650000.0
-37.7727,145.03079,2750000.0
-37.86494,144.8157,853000.0
-37.86066,144.82013,670000.0
-37.86837,144.81502,765000.0
-37.88893,144.7866,820000.0
-37.8399,144.86228,870000.0
-37.86048,145.01498,595000.0
-37.85938,145.01086999999995,3200000.0
-37.85068,145.01578999999995,1550000.0
-37.77459,144.92993,1750000.0
-37.77352,144.92188000000004,1400000.0
-37.77279,144.91732,1230000.0
-37.86015,145.07735,2170000.0
-37.85842,145.10288,1680000.0
-37.86572,145.09763,1650000.0
-37.87105,145.10198,860000.0
-37.76654,144.86469,1085000.0
-37.75986,144.85886000000005,750000.0
-37.80648,145.08274,2380000.0
-37.80292,145.06423999999996,2100000.0
-37.81167,145.08595,3050000.0
-37.80259,145.09878,1557000.0
-37.79673,145.06853,1420000.0
-37.79486,145.08728,2444000.0
-37.79284000000001,145.10082,2050000.0
-37.79836,145.10111,1926000.0
-37.78327,145.07709,1490000.0
-37.83777,145.26345,520000.0
-37.84688,145.25632,925000.0
-37.82273,145.27323,616000.0
-37.91888,145.04775,2700000.0
-37.91928,145.03381000000005,1116000.0
-37.91855,145.02628,1573000.0
-37.92463,145.06051000000005,1316000.0
-37.91905,145.05597,1617000.0
-37.9217,145.0733,950000.0
-37.9178,145.05414,1525000.0
-37.91503,145.07997,1330000.0
-37.91847,145.08101000000005,850000.0
-37.91943,145.06801000000004,1228000.0
-38.05379,145.34803,608500.0
-37.96341,145.01735,879000.0
-37.83107,145.14343,1112000.0
-37.81561,145.15365,1425000.0
-37.802,145.15828,1001000.0
-37.80755,145.1638,1280000.0
-37.83576,145.13634,1300000.0
-37.83459000000001,145.15721000000005,725000.0
-37.70681,145.11731,710500.0
-37.89571,144.99796,855000.0
-37.91728,145.00206,2020000.0
-37.89886,144.99462,1410000.0
-37.91777,145.01798,2100000.0
-37.91488,145.01868000000005,1410000.0
-37.92875,145.0248,1620000.0
-37.68489,144.9212,310000.0
-37.69248,144.93345,374000.0
-37.77002,144.97154,510000.0
-37.77694,144.96669,1925000.0
-37.75908,144.96969,890000.0
-37.76792,144.97141000000005,1500000.0
-37.76811,144.96017,950000.0
-37.75847,144.94226,312000.0
-37.76545,144.94442,1010000.0
-37.75904,144.93388000000004,763000.0
-37.77918,145.09049,1100000.0
-37.69849,145.06705,687000.0
-37.68274,145.05832,680000.0
-37.68223,145.07818,755000.0
-37.82982,145.01038,1100000.0
-37.85682,145.10873,918000.0
-37.85919000000001,145.15851999999995,1523500.0
-37.85586,145.15827,968000.0
-37.85646,145.14311,1580000.0
-37.84085,145.05415,795000.0
-37.84361,145.07099,1775000.0
-37.84753,145.07198,2361000.0
-37.826,145.0707,1900000.0
-37.78305,144.97268,1840000.0
-37.89785,145.05524,920000.0
-37.89584,145.04741,1550000.0
-38.09111,145.19083999999995,500000.0
-38.10709,145.1744,561000.0
-37.89614,145.01323,295000.0
-37.90034,145.01283,1237000.0
-37.88486,145.10203,740000.0
-37.97245,145.07566,1120000.0
-37.95416,145.06781,1051000.0
-37.95668,145.06458,1170000.0
-37.96836,145.06452,861000.0
-37.96597,145.07535,535000.0
-37.91945,145.1315,1361000.0
-37.92027,145.12937,1462000.0
-37.93898,145.13648,745000.0
-37.74751,144.96206,1100000.0
-37.60608,144.92841,365000.0
-37.59943,144.91439,600000.0
-37.80106,145.28741000000005,567000.0
-37.78481,145.26504,862000.0
-37.76917,145.29265,820000.0
-37.777,145.28113000000005,1350000.0
-37.76436,145.2804,859000.0
-37.98121,145.21643999999995,1071500.0
-37.95187,145.21249,750000.0
-37.97824,145.12949,1100000.0
-37.97658,145.11887,980000.0
-37.77744000000001,145.10416,1202000.0
-37.79423,145.13696000000004,1120000.0
-37.78457,145.10453,885000.0
-37.77821,145.1569,1500000.0
-37.77956,145.16645,1504000.0
-37.78963,145.16973000000004,850000.0
-37.75572,145.17625,1241000.0
-37.79773,145.15141,1125000.0
-37.76774,145.05303,2270000.0
-37.81351,144.98803999999996,1875000.0
-37.81803,144.9892,1350000.0
-37.88783,145.01324,1460000.0
-37.88533,145.01049,550000.0
-37.7018,145.15628999999996,840000.0
-37.72308,145.14011000000005,1065000.0
-37.69999,145.1617,977500.0
-37.70479,145.1573,755000.0
-37.69568,145.15787,810000.0
-37.71021,145.16651000000005,861000.0
-37.8835,144.99549,810000.0
-37.88132,144.99013,1255000.0
-37.87987,144.99251999999996,550000.0
-37.88042,144.9818,543000.0
-37.87156,144.98605,1950000.0
-37.64666,145.03062,660000.0
-37.62145,145.01051,568000.0
-37.63878,145.05577,680000.0
-37.74904,144.90668,580000.0
-37.74541,144.89844,970000.0
-37.7468,144.92033,1100000.0
-37.76,144.91439,485000.0
-37.7545,144.91194,1195000.0
-37.75728,144.90723,1155000.0
-37.73566,144.89368000000005,800000.0
-37.73746,144.90079,685000.0
-37.78203,145.01508,667000.0
-37.71729000000001,144.96403,1018000.0
-37.8801,145.26011,1100000.0
-37.79714,144.97596,1394000.0
-37.77626,144.98035,1600000.0
-37.79178,144.98238999999995,620000.0
-37.78353,144.97991000000005,1270000.0
-37.78778,144.89037,240000.0
-37.80443,144.90642,855000.0
-37.80376,144.89862,310000.0
-37.79592,144.88595,910000.0
-37.83771,145.16416,1177000.0
-37.84188,145.16982,1131000.0
-37.48701,144.58567,540000.0
-37.68329,144.89302,691000.0
-37.68302,144.89327,675000.0
-37.6852,144.89853,660000.0
-37.86024000000001,145.04674,2305000.0
-37.85671,145.0604,1650000.0
-37.86957,145.17543999999995,3056000.0
-37.88351,145.15714,1900000.0
-37.87853,145.15542,2650000.0
-37.89873,145.15072,655000.0
-37.88255,145.14727,1550000.0
-37.86924000000001,145.16471,1715000.0
-37.69795,144.94285,780000.0
-37.70972,144.91109,422000.0
-37.70159,144.93948,780000.0
-37.70626,144.89551,945000.0
-37.6499,144.9013,645000.0
-37.70342,144.94574,785000.0
-37.71236,144.94332,810000.0
-38.00305,145.2729,601000.0
-37.93538,145.00224,970000.0
-37.93387,145.00226999999995,805000.0
-37.93649,145.01107,2120000.0
-37.93739,145.00513,2100000.0
-37.81857,145.01703999999995,762000.0
-37.81691,145.03721000000004,2053000.0
-37.82652,145.03052,7650000.0
-37.82538,145.02546,375000.0
-37.827,145.02563,525000.0
-37.82712,145.02427,1080000.0
-37.81724000000001,145.05688,2225000.0
-37.81936,145.05131,2855000.0
-37.84283,145.05178,3255000.0
-37.8351,145.05542,2200000.0
-37.82327,145.24982,655000.0
-37.82365,145.24001,670000.0
-37.74352,145.08082,828000.0
-37.74863,145.07202,1230000.0
-37.7368,145.05048,590000.0
-37.95378,145.03267,1155000.0
-37.94578,145.03564,1220000.0
-37.95037,145.03473,548000.0
-37.68178,144.73779,935000.0
-37.86659,144.69959,555000.0
-37.8688,144.68768,535000.0
-37.90805,145.10683999999995,1093800.0
-37.90822,145.11146000000005,1145000.0
-37.77521,145.05426,1853000.0
-37.72343,144.81411,550000.0
-37.73514,144.87143999999995,1120000.0
-37.73137,144.86882,1001000.0
-37.72529,144.85682,690000.0
-37.79882,144.92745,1070000.0
-37.79561,144.93499,730000.0
-37.78993,144.92306000000005,392000.0
-37.79067,144.92844,1150000.0
-37.7916,144.92855,1415000.0
-37.79122,144.93175,370000.0
-37.81143,145.03723,3175000.0
-37.80506,145.05223999999995,1375000.0
-37.7921,145.0507,1975000.0
-37.71499,145.02966999999995,1250000.0
-37.80635,144.8845,735000.0
-37.67304,145.03396999999995,638000.0
-37.67388,145.02069,716000.0
-38.16439,145.1978,400000.0
-37.72754000000001,145.11021000000005,800000.0
-37.77824,144.87427,505500.0
-37.87605,145.05563,2520000.0
-37.76878,144.89197,301000.0
-37.90958,145.03371,960000.0
-37.81317,144.95452,740000.0
-37.69159000000001,144.5864,420000.0
-37.70478,144.57211,419000.0
-37.97889,145.0745,1051000.0
-37.98035,145.05593000000005,1700000.0
-37.99121,145.06458,525000.0
-37.98558,145.05966,660000.0
-37.97946,145.07166999999995,455000.0
-37.60697,145.09208,517000.0
-37.61133,145.0945,596000.0
-37.84807,144.96017,2500000.0
-37.65478,145.05199,865000.0
-37.81235,145.19756,1302000.0
-37.82158,145.21129,800000.0
-37.76086,144.90497,1850000.0
-37.77154,144.91597,222000.0
-37.93686,145.03966,1289000.0
-37.78883,145.3275,651000.0
-37.78454,145.33073000000005,581000.0
-38.00585,145.08376,1350000.0
-38.00549,145.10371999999995,1150000.0
-38.00482,145.08746000000005,470500.0
-37.86838,145.14664,1530000.0
-37.89187,145.11049,1352000.0
-37.8622,145.12563,1360000.0
-37.87718,145.11248,1530000.0
-37.87833,145.13731,1728000.0
-37.9319,145.20164,2000000.0
-37.93105,145.16962,901000.0
-37.93226,145.19097,757500.0
-37.92773,145.16984,757000.0
-37.93058,145.16308,902000.0
-37.89345,145.06875,900000.0
-37.89578,145.06899,660000.0
-37.89561,145.07502,1561000.0
-37.84283,144.87958999999995,1005000.0
-37.7415,144.88923,1300000.0
-37.73666,144.87725,1751000.0
-37.97267,145.18262,635000.0
-37.80131,144.94753,1000000.0
-37.80376,144.95379,780000.0
-37.80298,144.9568,550000.0
-37.7702,144.99987,1001000.0
-37.78024,144.99289,905000.0
-37.76397,144.99481,1305000.0
-37.77358,145.01286000000005,1516000.0
-37.76926,144.99157,503000.0
-37.90354,145.14394,840000.0
-37.8124,145.18411,1430000.0
-37.81206,145.18126999999996,913000.0
-37.81113,145.17681000000005,1060000.0
-37.82275,145.1764,806000.0
-37.71433,144.90616,840000.0
-37.71328,144.90585,1071888.0
-37.71679,144.90901000000005,790000.0
-37.91017,145.11488,820000.0
-37.91693,145.08739,1218500.0
-37.90552,145.03087,695000.0
-37.99443,145.0885,940000.0
-37.99232,145.08469,1300000.0
-37.78033,144.95949,850000.0
-37.78212,144.95755,900000.0
-37.72775,144.93372,1260000.0
-37.73072,144.94829,1199000.0
-37.90545,144.76077,550000.0
-37.83343,144.94554,1355000.0
-37.83165,144.94411000000005,1388000.0
-37.8371,144.93858999999995,964000.0
-37.85102,144.99408,1805000.0
-37.84714,144.98927,1420000.0
-37.85127,144.99434,735000.0
-37.85012,144.99225,440000.0
-37.84961,145.01113,2200000.0
-37.84961,145.00248,2300000.0
-37.74356,144.99464,1017500.0
-37.74847000000001,145.01193,1050000.0
-37.74955,145.00949,840000.0
-37.70985,145.02073,510000.0
-37.7115,145.02413,930000.0
-37.70952,145.02823999999995,635000.0
-37.72596,145.00113000000005,850000.0
-37.69964,145.00945,780000.0
-37.82418,145.00185,1172000.0
-37.8147,145.00852,1255000.0
-37.82324000000001,145.01331000000005,1275000.0
-37.81186,144.99472,1120000.0
-37.82146,145.00203,1190000.0
-37.81893,145.00631,534000.0
-37.82622,144.99879,1425000.0
-37.813,144.99303,650000.0
-37.82214000000001,145.23086999999995,475000.0
-37.8021,145.23473,800000.0
-37.81109,145.25738,1175000.0
-37.80384,145.22562,755000.0
-37.79894,145.22697,602000.0
-37.92985,145.25184,1005800.0
-37.92502,145.23939,1275000.0
-37.96224,145.01683,760000.0
-38.09088,145.12933999999996,782500.0
-37.86781,144.84275,1410000.0
-37.8041,144.8916,900000.0
-37.80504000000001,144.88685,322500.0
-37.80552,144.88889,900000.0
-38.09083,145.20139,555698.0
-37.83185,144.96817,1250000.0
-37.83087,144.96864,407500.0
-37.83543,144.99907,1050000.0
-37.84283,145.00015,771000.0
-37.82481,144.96669,642500.0
-37.82548,144.96648000000005,422500.0
-37.73915,144.80289,460000.0
-37.74538,144.79216,610000.0
-37.75098,144.80331,630000.0
-37.73163,144.80697,500000.0
-37.86736,144.98391,615000.0
-37.56291,144.72848,455000.0
-37.78579000000001,144.83597,660000.0
-37.78519,144.83651,810000.0
-37.78956,144.84526,805000.0
-37.78874,144.82398999999995,453000.0
-37.81665,145.10043000000005,807000.0
-37.82971,145.09007,780000.0
-37.705,144.75759,471000.0
-37.7209,144.75053,558000.0
-37.69496,144.79511000000005,780000.0
-37.68903,144.77226000000005,715000.0
-37.76951,145.16182,2000000.0
-37.75965,145.09937,1240000.0
-37.75267,145.00361999999996,756000.0
-37.75309,144.98908,1205500.0
-37.76063,145.02139,1031000.0
-37.833,145.01322,2500000.0
-37.83158,145.20186,1041000.0
-37.84842,145.1816,1050000.0
-37.86343,145.18542,1208000.0
-37.73136,145.09562,940000.0
-37.87104,145.23807,2020000.0
-37.71627,145.08526,835000.0
-37.70994,145.07997,1010000.0
-37.70576,145.07788,830000.0
-37.88547,144.65528999999995,442000.0
-37.90188,144.65138000000005,830000.0
-37.85538,145.00013,1400000.0
-37.81869,144.8726,1035000.0
-37.79683,144.99586000000005,855000.0
-37.75418,144.89016999999996,1210000.0
-37.72967,144.88835,737500.0
-37.72908,144.88326999999995,905000.0
-37.7438,144.77059,526500.0
-37.84469,144.95578,685000.0
-37.842,144.95601000000005,1800000.0
-37.77474,145.03011999999995,1800000.0
-37.78469000000001,145.03239,330000.0
-37.87028,144.80749,1020000.0
-37.86677,144.83722,1280000.0
-37.83344,144.85586,875000.0
-37.77639,144.91666,1010000.0
-37.7719,144.91565,819000.0
-37.77552,144.92022,990000.0
-37.7771,144.92793,1200000.0
-37.7777,144.92512,1375000.0
-37.77263,144.92045,1100000.0
-37.86286,145.09228000000004,1850000.0
-37.86301,145.11158999999995,1425000.0
-37.75861,144.86687,773000.0
-37.86997,144.9908,1475000.0
-37.81369,145.09486,2180000.0
-37.79219000000001,145.10214,1500000.0
-37.78839,145.07076,3200000.0
-37.79334,145.10025,682000.0
-37.85757,145.2615,1030000.0
-37.82481,145.26519,700000.0
-38.00224,145.41081,675000.0
-37.91753,145.03907,1900000.0
-37.93179,145.06957,1410000.0
-37.93462,145.06562,817000.0
-37.91954000000001,145.07637,1815000.0
-37.90984,145.08001000000004,1225000.0
-38.03062,145.35951,690000.0
-37.82876,145.13808999999995,880000.0
-37.81175,145.14213999999996,1562000.0
-37.81321,145.14635,1530000.0
-37.83831,145.13985,1264000.0
-37.82616,145.12748,2150500.0
-37.78261,144.84954,810000.0
-37.7877,144.84757,570000.0
-37.92829,145.00281,2655000.0
-37.92576,144.99233,3275000.0
-37.92882,145.01109,2720000.0
-37.92884,145.01518000000004,2525000.0
-37.90514,145.02524,1300000.0
-37.77655,144.96325,1275000.0
-37.77012,144.96476,900000.0
-37.75788,144.95935,520000.0
-37.76227,144.95649,1204000.0
-37.75676,144.96286,730000.0
-37.76097,144.93933,1268000.0
-37.76883,144.94592,1445000.0
-37.69852,145.04836,796000.0
-37.69582,145.07639,769000.0
-37.69548,145.07377,690000.0
-37.85683,145.09635,1325000.0
-37.85541,145.12836,1052000.0
-37.82277,145.0581,555000.0
-37.81653,145.05971,1381000.0
-37.79674,144.96563,1000000.0
-37.80087,144.96622,720000.0
-37.78621,144.97512,1717500.0
-37.7835,144.97556,2400000.0
-37.78659,144.97211,1950000.0
-37.89431,145.05902,817500.0
-37.74281,144.72513,1150000.0
-38.07483,145.13133,590000.0
-37.86323,145.01428,1520000.0
-37.89918,145.01679,1700000.0
-37.89542,145.02057,960000.0
-38.03526,145.13286000000005,732000.0
-37.96877,145.07484,800000.0
-37.96257,145.08252,877000.0
-37.97145,145.06132,1255000.0
-37.96388,145.07807,900000.0
-37.97069000000001,145.05928,1199000.0
-37.97076,145.04186,1500000.0
-37.91712,145.13625,780000.0
-37.73533,144.95303,862500.0
-37.73572,144.97256000000004,1020000.0
-37.73883,144.95321,996000.0
-37.79853,144.99256,1095000.0
-37.59902,144.92517,680000.0
-37.57005,144.91908999999995,492000.0
-37.57307,144.92513,425000.0
-37.78964000000001,145.2829,985500.0
-37.7969,145.29273999999995,720000.0
-37.79636,145.29351,860000.0
-37.67159,144.94522,408500.0
-37.66648,144.93399,310000.0
-37.98265,145.22696000000005,620000.0
-37.76336,144.7725,650000.0
-37.77371,144.76918999999995,716000.0
-37.7728,144.76941000000005,645000.0
-37.98536,145.13433999999995,840000.0
-37.98217,145.14061,801000.0
-37.97545,145.12053999999995,955000.0
-37.79759,145.16422,1255000.0
-37.77973,145.16473,1369000.0
-37.80274,145.17952,902000.0
-37.81525,144.98678,885000.0
-37.69031,145.14557,967500.0
-37.70257,145.14995,890000.0
-37.87818,144.98532,1800000.0
-37.75225,144.90462,1200000.0
-37.74999,144.91447,720000.0
-37.75122,144.91805,410000.0
-37.74566,144.89346,930000.0
-37.75344000000001,144.92616,600000.0
-37.74944,144.88478999999995,1390000.0
-37.70673,144.97108,761000.0
-37.71245,144.97059,650000.0
-37.79723,144.97686000000004,700000.0
-37.78327,144.9791,1275000.0
-37.7907,144.98163,1680000.0
-37.7845,144.93582,1340000.0
-37.8318,145.17368000000005,800000.0
-38.14444,145.16788,545000.0
-38.14264,145.14684,570000.0
-38.13442,145.13548,715000.0
-38.18255,145.11986000000005,860000.0
-37.6953,144.89837,653000.0
-37.85636,145.06405,2862000.0
-37.85775,145.07196000000005,2180000.0
-37.84897,145.06804,1610000.0
-37.86194,145.07256,2450000.0
-37.85723,145.0547,2250000.0
-37.70705,144.91011,1100000.0
-37.70489,144.91033000000004,512000.0
-37.70377,144.90216999999996,820000.0
-37.70557,145.10859,1050000.0
-37.70821,145.10405,1326000.0
-37.69538,145.11543,895000.0
-37.68995,145.09399,730000.0
-37.69817000000001,145.12852,880000.0
-37.69999,145.1279,925000.0
-37.64385,144.89221,770000.0
-37.61236,144.90753,715000.0
-37.61424,144.88705,840500.0
-37.6579,144.90523000000005,810000.0
-37.94039,145.02234,1600000.0
-37.93434,145.00816,1325000.0
-37.94176,145.00931,3150000.0
-37.93557,145.00463,1285000.0
-37.9392,145.00095,685000.0
-37.9395,145.01344,878000.0
-37.94313,145.03501,957000.0
-37.83179000000001,145.04293,1236000.0
-37.82839,145.04086,1750000.0
-37.81633,145.02833,2010000.0
-37.82866,145.04259,2370000.0
-37.82679,145.03021,1480000.0
-37.8285,145.04022,1682000.0
-37.7537,145.06341,915000.0
-37.74888,145.06593,781000.0
-37.73902,145.04529,875000.0
-37.94783,145.03983,1300000.0
-37.94549,145.03332,1430000.0
-37.68381,144.73331000000005,660000.0
-37.70338,144.74854,480000.0
-37.76356,145.04135,2380000.0
-37.75725,145.03744,1035000.0
-37.76676,145.04333,975000.0
-37.68861,144.91065,556000.0
-37.72302,144.83434,875000.0
-37.72305,144.81073999999995,670000.0
-37.72545,144.80397,575000.0
-37.79436,144.92158,1250000.0
-37.79609,144.92608,395000.0
-37.79025,144.92798,840500.0
-37.80119000000001,145.0511,1995000.0
-37.80798,145.02347,600000.0
-37.80222,145.03501,797000.0
-37.80978,145.02185,3001000.0
-37.99013,145.17911999999995,752000.0
-37.67328,145.02918,705500.0
-37.66986,145.02048,685000.0
-37.67122,145.01487,560000.0
-37.67096,145.02445,511500.0
-37.78707,144.87608,810000.0
-37.86779,145.04482,1275000.0
-37.88066,145.06605,1690000.0
-37.87421,145.04958,3600000.0
-37.78667,144.88834,815000.0
-37.78446,144.88781,920000.0
-37.65702,144.92447,467000.0
-37.67815,144.58355,405000.0
-37.69575,144.57894,420000.0
-37.7024,144.57153,465000.0
-37.67647,145.06452,625000.0
-37.65623,145.07431,428000.0
-37.65959,145.08302,722500.0
-37.65636,145.03996999999995,421000.0
-37.82047,145.19421,890000.0
-37.8105,145.20106,960000.0
-37.71287,145.132,755000.0
-37.76911,144.92472,286000.0
-37.77106,144.91162,1375000.0
-37.94107,145.04217,1401500.0
-37.99906,145.09386,920000.0
-38.00051,145.09315,1110000.0
-37.79977,145.37222,620000.0
-37.86788,145.12121000000005,1200000.0
-37.86827,145.1452,1387000.0
-37.89456,145.11388,970000.0
-37.89251,145.11121,870000.0
-37.88849,145.12795,1250000.0
-37.92769000000001,145.16792,865000.0
-37.90353,145.07006,1410000.0
-37.89767,145.07332,1220500.0
-37.89792,145.06516000000005,357000.0
-37.8888,145.07271,1920000.0
-38.0312,145.30703,597500.0
-37.84502,144.88612,1250000.0
-37.8363,144.87588,1230000.0
-37.83529,144.87893,1220000.0
-37.74549,144.88666,1315000.0
-37.98298,145.17932,660000.0
-37.8006,144.95418999999995,570000.0
-37.8006,144.95418999999995,850000.0
-37.73371,145.24045,1550000.0
-37.76592,144.99265,1000000.0
-37.77747,144.99587,1240000.0
-37.76557,145.01052,1590000.0
-37.78167,145.01316,1275000.0
-37.7754,145.00229,1350000.0
-37.80864,145.17161000000004,1075000.0
-37.71467,144.92304,821000.0
-37.71328,144.90585,1071888.0
-37.72048,144.91323,560000.0
-37.90465,145.08893999999995,1750000.0
-37.9125,145.11844,1210000.0
-37.91753,145.08524,1500000.0
-37.92542,145.10622,1215000.0
-37.91282,145.10376000000005,1265000.0
-37.91489,145.08441000000005,1050000.0
-37.90173,145.04466000000005,790000.0
-38.07474000000001,145.45376000000005,410500.0
-37.99232,145.08469,1300000.0
-37.9905,145.06999,1400000.0
-37.72029000000001,144.92896000000005,955000.0
-37.72091,144.94601,860000.0
-37.71949,144.94283,740000.0
-37.84237,144.94486,816000.0
-37.84426,144.94415,800000.0
-37.85931,145.00616000000005,1020000.0
-37.85184,145.01049,660000.0
-37.75335,145.01641999999995,1242000.0
-37.74441,144.98928,1365000.0
-37.73698,144.98686,691000.0
-37.74645,144.98888,660000.0
-37.74886,144.99225,875000.0
-37.75017,145.01203999999996,1350000.0
-37.75026,144.98428,1020000.0
-37.69528,145.00523,630000.0
-37.71394,145.00387,877500.0
-37.70295,145.00277,912000.0
-37.71477,144.98235,685000.0
-37.71408,145.00441,270000.0
-37.72943,145.01904,911000.0
-37.70717,145.02643,365000.0
-37.72128,145.00995,470000.0
-37.81443,144.99079,890500.0
-37.8211,144.99549,355000.0
-37.8196,144.99101000000005,1300000.0
-37.82295,144.99146000000005,717000.0
-37.83199000000001,144.99909,1530000.0
-37.45709,144.68999,817000.0
-37.81685,145.2353,1291000.0
-37.78649,145.24836000000005,1085000.0
-37.7987,145.23032,750000.0
-37.87726,144.99336,1005000.0
-37.9088,145.26318999999995,860000.0
-38.0817,145.19654,645000.0
-37.95877,145.02701000000005,1770000.0
-37.95698,145.0166,2250000.0
-37.88919,145.21629,833800.0
-38.1078,145.1305,1050000.0
-37.80828,144.8856,1085000.0
-37.83229,145.43003000000004,1070000.0
-37.83347,144.95692,1700000.0
-37.84446,144.99552,470000.0
-37.83041,144.98494,945000.0
-37.8414,144.98608000000004,900000.0
-37.8386,144.99851999999996,1810000.0
-37.83187,144.88966000000005,785000.0
-37.93861,145.15351,770000.0
-37.76454,144.80611000000005,600000.0
-37.87294,144.98118,1650000.0
-37.719,144.90634,883000.0
-37.74246,144.92074,1650000.0
-37.58419,144.73188000000005,755000.0
-37.78647,144.81319,780000.0
-37.79209,144.82023999999996,518000.0
-37.83583,145.10664,2000000.0
-37.81411,145.09055,1050000.0
-37.69274,144.76971,716000.0
-37.76255,145.16233,1450000.0
-37.7572,145.15456,1860000.0
-37.77158,145.11816000000005,1181000.0
-37.76472,145.10261,1352000.0
-37.67669,144.99197,632500.0
-37.67803,145.01769,460000.0
-37.68211,145.03204,651000.0
-37.67856,145.01728,831000.0
-37.75506,145.01841000000005,1250000.0
-37.76499,145.01723,1460000.0
-37.76219,145.00968,1000000.0
-37.75375,145.00846,1420000.0
-37.84744,145.00783,640000.0
-37.78281,144.93567,856000.0
-37.83344,145.19063,1235000.0
-37.85841,145.18248,1425000.0
-37.84825,145.18764,1650000.0
-37.85484,145.1989,1400000.0
-37.85028,145.18787,1290000.0
-37.73346,145.08359,825000.0
-37.85848,145.23982,1000000.0
-37.87105,145.23872,1160000.0
-37.87309000000001,145.23078,1180000.0
-37.69837,145.08992,800000.0
-37.79221,144.86408,749000.0
-37.80973,144.9472,1370000.0
-37.91293,145.20078999999996,1272000.0
-37.85542,144.99571,957500.0
-37.85679,145.00089,2080000.0
-37.73058,145.08705,852000.0
-37.80206,145.00015,505000.0
-37.8023,144.99615,1402500.0
-37.76181,144.89327,2905000.0
-37.71811,144.87693000000004,650000.0
-37.71917,144.87819,856000.0
-37.84587,144.94828,1505000.0
-37.84431,144.95532,1900000.0
-37.77976,144.81559,600000.0
-37.8732,144.81331,1030000.0
-37.86715,144.80612,1005000.0
-37.85549,145.0163,410000.0
-37.85963,145.02077,590000.0
-37.85862,145.01676,1850000.0
-37.77727,144.92655,1530000.0
-37.77391,144.92151,865000.0
-37.7801,144.90976,1370000.0
-37.77549000000001,144.90865,1082000.0
-37.86223,145.08696,1972500.0
-37.86123,145.08845,1775000.0
-38.01468,145.09788999999995,1150000.0
-37.76272,144.85568999999995,835000.0
-37.81172,145.08175,460000.0
-37.80626,145.08776,725000.0
-37.81623,145.0841,602000.0
-37.81192,145.07506,830000.0
-37.79673,145.06853,1300000.0
-37.79294,145.08583000000004,1330000.0
-37.80365,145.09048,2050000.0
-37.79238,145.07841000000005,1940000.0
-37.78483,145.07477,1590000.0
-37.79541,145.0657,725000.0
-37.79589,145.07832,2367000.0
-37.854,145.2565,705000.0
-37.99035,145.03839,2200000.0
-37.75329,145.04058999999995,736500.0
-37.75255,145.03972,780000.0
-37.9336,145.04509,420000.0
-37.91655,145.02448,1479000.0
-37.91916,145.04986,1199000.0
-37.91389,145.02804,1350000.0
-37.92188,145.07266,890000.0
-37.9143,145.06582,1655000.0
-37.91068,145.06802,1430000.0
-37.91425,145.08376,955000.0
-38.03296,145.33438999999996,667000.0
-38.06022,145.35044,740000.0
-37.97359,145.0214,1080000.0
-37.97363,145.02302,623500.0
-37.83998,145.15198,1258000.0
-37.70433,145.12184,590000.0
-37.89168,144.99161999999995,1600000.0
-37.88623,144.99858,1211000.0
-37.9146,145.00535,3225000.0
-37.92465,144.9992,2385000.0
-37.90899,145.00046,1370000.0
-37.92988,145.01085,1750800.0
-37.92173,145.01436,2300000.0
-37.91684,145.01727,1605000.0
-37.91704,145.01846,1035000.0
-37.67411,144.94677,505000.0
-37.82017000000001,144.84904,663000.0
-37.77111,144.96427,860000.0
-37.7744,144.96753,1505000.0
-37.77494,144.9697,1700000.0
-37.77047,144.97005,1280000.0
-37.76162,144.9608,755000.0
-37.77501,144.95117,2545000.0
-37.76491,144.95253,1405000.0
-37.75867,144.95678999999996,460000.0
-37.76262,144.97733,1210000.0
-37.77742,144.97388,1265000.0
-37.75416,144.94491000000005,1300000.0
-37.75948,144.94758000000004,460000.0
-37.75953,144.94093999999996,263100.0
-37.77242,144.94458,1075000.0
-37.76048,145.08476000000005,950000.0
-37.75981,145.08598999999995,1310000.0
-37.6993,145.06193000000005,714000.0
-37.68155,145.04945,880000.0
-37.69353,145.06008,1405000.0
-37.82921,145.00826,1837500.0
-37.73321,144.75752,593000.0
-37.85049,145.11687,1732000.0
-37.85475,145.12321,1253500.0
-37.85103,145.11231999999995,1642000.0
-37.84743,145.09657,700000.0
-37.85473,145.1521,780000.0
-37.76203,144.77764,720000.0
-37.84473,145.09218,1622000.0
-37.84627,145.08366,1290000.0
-37.8279,145.07403,1930000.0
-37.83208,145.07533,2408000.0
-37.81792,145.06243999999995,4750000.0
-37.83201,145.08163000000005,645000.0
-37.80279,144.96442,1100000.0
-37.78026,144.97554,1628000.0
-37.89622,145.06032,1042000.0
-37.90262,145.05709,1450000.0
-38.08981,145.17353,525000.0
-37.88524,145.02398,570000.0
-37.88299,145.04711,300000.0
-37.86906,145.01986000000005,1417500.0
-37.89694,145.02176,1550000.0
-37.88321,145.09593999999996,510000.0
-37.95746,145.06706,1010000.0
-37.95745,145.07218999999995,601000.0
-37.96911,145.07271,1145000.0
-37.95342,145.06026,755000.0
-37.76032,145.30299,911982.0
-37.92374,145.13222,1040000.0
-37.93296,145.12663999999995,700000.0
-37.78992,144.99845,1460000.0
-37.78745,145.00061000000005,556000.0
-37.7532,144.97114,1615000.0
-37.75236,144.97587,1090000.0
-37.72361,144.9837,865000.0
-37.72037,144.97023000000004,525000.0
-37.80298,144.98894,1135000.0
-37.79812,144.98873,900000.0
-37.57886,144.90816999999996,340000.0
-37.5993,144.93867,499000.0
-37.59052,144.93066000000005,506000.0
-37.57056,144.91751000000005,430000.0
-37.57243,144.92663000000005,420000.0
-37.83011,144.99043999999995,570000.0
-37.82653,144.98945,1253000.0
-37.79079,145.30208000000005,720000.0
-37.79318,145.25811000000004,637000.0
-37.78021,145.26367,905000.0
-37.77595,145.28383,835000.0
-37.81263,145.27588,800000.0
-37.97938,145.23035,560000.0
-37.98914,145.22531,665000.0
-37.7613,144.75988,447000.0
-37.7572,144.76093,570000.0
-37.78774,144.76019,610000.0
-37.6204,144.71138,435000.0
-37.97533,145.12278,1255000.0
-37.9811,145.13807,595000.0
-37.78198,145.11876999999996,1616000.0
-37.79094,145.11335,1060000.0
-37.79197,145.14257,1250000.0
-37.79979,145.15665,871000.0
-37.78541,145.15493,1451000.0
-37.78496,145.14659,1385000.0
-37.79408,145.16352,1360000.0
-37.78182,145.1903,2620000.0
-38.03548,145.11763,1850000.0
-38.03093,145.11618,612500.0
-37.89507,145.00477,1060000.0
-37.89359,145.01267,1970000.0
-37.70872,145.16102,855000.0
-37.73209,145.13845,855000.0
-37.68966,145.14649,895000.0
-37.69771,145.1349,925000.0
-37.87944,144.99375,902000.0
-37.87964,144.9856,1410000.0
-37.88945,144.99015,660000.0
-37.8867,144.99141,1360000.0
-37.64463,145.04155,500000.0
-37.64097,145.05757,573000.0
-37.6349,145.04041999999995,380500.0
-37.6507,145.04681000000005,528000.0
-37.62858,145.03735,465000.0
-37.64051,145.05743,545000.0
-37.65791,145.02643,452500.0
-37.74022,144.89557,1980000.0
-37.74936,144.89668999999995,830000.0
-37.75382000000001,144.89167,886000.0
-37.75209,144.92255,280000.0
-37.74487,144.91194,850000.0
-37.7388,144.89983999999995,445000.0
-37.75228,144.88429,1050000.0
-37.69544000000001,144.964,710000.0
-37.71112,144.97357,800000.0
-37.70145,144.96200000000005,805000.0
-37.71833,144.96935,786000.0
-37.71976,144.97121,577000.0
-37.886,145.28646,670000.0
-37.87275,145.26325,617000.0
-37.78219,144.98371,1321000.0
-37.78534000000001,144.98125,960000.0
-37.78737,144.98735,495000.0
-37.7839,144.92727,990000.0
-37.79977,144.88887,1100000.0
-37.78822,144.88361,455000.0
-37.83283,145.17533,680000.0
-37.84252,145.17258,1205000.0
-38.13759,145.17054,491000.0
-38.13669,145.14049,566000.0
-38.15882,145.12913999999995,740000.0
-38.16121,145.10381,1400000.0
-37.89989,145.00883000000005,1880000.0
-37.69744,144.89073,755000.0
-37.68368,144.88976,635000.0
-37.85563,145.04369,762000.0
-37.85285,145.04608000000005,501000.0
-37.86224,145.06406,2920000.0
-37.85385,145.06473,1501000.0
-37.84965,145.05903999999995,1500000.0
-37.85139,145.05835,1440000.0
-37.85948,145.08571,1330000.0
-37.90004,145.17205,1130000.0
-37.86584000000001,145.16502,1331000.0
-37.89814000000001,145.14457,1100000.0
-37.86931,145.15081,1135000.0
-37.69897,144.90998000000005,651000.0
-37.71051,144.90925,865000.0
-37.70917,144.92291,362500.0
-37.71016,144.9215,922000.0
-37.69712,144.91949,650000.0
-37.69647,144.9113,963500.0
-37.70757,144.90782,815000.0
-37.71536,145.10205,740000.0
-37.63823,144.88675,750000.0
-37.63958,144.90267,730000.0
-37.64297,144.88796000000005,770000.0
-37.62458,144.88546000000005,550000.0
-37.70569,144.94048,870000.0
-37.93571,145.00964,2905000.0
-37.93594,145.0195,1695000.0
-37.93167,145.00134,2550000.0
-38.03378,145.2621,561000.0
-37.82676,145.04443999999995,525000.0
-37.81557,145.04281,2800000.0
-37.81816,145.03938,1870000.0
-37.81625,145.03789,2402500.0
-37.81965,145.02366999999995,1955000.0
-37.81767,145.04041,1702000.0
-37.8213,145.02913,500000.0
-37.82785,145.03816,3399000.0
-37.81396,145.01899,3900000.0
-37.82887,145.03676000000004,697000.0
-37.82524,145.05568,802500.0
-37.8327,145.05428,441000.0
-37.82701,145.0541,2680000.0
-37.83012,145.04751000000005,500000.0
-37.75343,145.06328,738000.0
-37.74128,145.05607,715000.0
-37.73752,145.05228,800000.0
-37.74931,145.05505,680000.0
-37.73658,145.05341,1010000.0
-37.73426,145.05986,630000.0
-37.73712,145.0369,605000.0
-37.73704,145.03697,580000.0
-37.74432,145.04721,444000.0
-37.73549000000001,145.0487,532000.0
-37.95357,145.02651,1600000.0
-37.69655,144.75538,677000.0
-37.68175,144.74087,737500.0
-37.86713,144.71086,520000.0
-37.8765,144.69638,553100.0
-37.86767,144.68409,418000.0
-37.86658,144.71221,505000.0
-37.87711,144.68825,492000.0
-37.87051,144.7141,680000.0
-37.85146,144.67109,472000.0
-37.87016,144.70606,442500.0
-37.89829,145.08141,1203500.0
-37.90192,145.0756,1250000.0
-37.76353,145.02941,1475000.0
-37.77212,145.05813,1640000.0
-37.68825,144.91484,590500.0
-37.7143,144.8315,895000.0
-37.72394,144.8147,790000.0
-37.7444,144.86123999999995,825000.0
-37.74761,144.8521,806000.0
-37.74083,144.85545,698000.0
-37.72203,144.85994,752500.0
-37.79741,144.92614,400000.0
-37.7914,144.93076000000005,715000.0
-37.81176,145.02807,1300000.0
-37.81207,145.0371,660000.0
-37.80719000000001,145.02248,2425000.0
-37.79438,145.03368999999995,825000.0
-37.80154,145.03258,682000.0
-37.80469,145.05213,3200500.0
-37.7948,145.0364,1110000.0
-37.79702,145.05352,2258000.0
-37.7927,145.05348999999995,1650000.0
-38.00512,145.14935,1250000.0
-37.7323,144.77861,520000.0
-37.87695,145.2547,1218000.0
-37.88308,145.24953,1010000.0
-37.67527000000001,145.02775,383000.0
-37.67323,145.03976,600000.0
-37.67605,145.03956000000005,487000.0
-37.6591,145.00548999999995,572000.0
-37.72473,145.11657,650000.0
-37.78867,144.87397,793000.0
-37.863,145.03946000000005,2775000.0
-37.86162,145.03065,1700000.0
-37.87107,145.04991,1060000.0
-37.87391,145.05562,2400000.0
-37.77323,144.89268,530000.0
-37.77296,144.88057,450000.0
-37.7839,144.89431000000005,1510500.0
-37.77367,144.88161000000005,353000.0
-37.91304,145.0373,1250000.0
-37.91074,145.03068000000005,2300000.0
-37.81267,144.96273,720000.0
-37.68734,144.58001000000004,295000.0
-37.69392,144.57468,347500.0
-37.68052,144.55106,410000.0
-37.98009,145.06118,1010000.0
-37.98439000000001,145.06812,1485000.0
-37.85327,144.96223,3750000.0
-37.84962,144.95856,1750000.0
-37.67761,145.06132,480750.0
-37.66936,145.05413,725000.0
-37.80574,145.18832,695000.0
-37.81906,145.21253000000004,655000.0
-37.8135,145.19972,775000.0
-37.82596,145.1872,820000.0
-37.80601,145.20106,990000.0
-37.81808,145.2057,883000.0
-37.81788,145.11453999999995,1462000.0
-37.72096,145.12948,1130000.0
-37.72331,145.11909,960000.0
-37.72082,145.12027,1050000.0
-37.72089,145.11987,900000.0
-37.71665,145.11682,806000.0
-37.71541,145.11666,1160000.0
-37.72588,145.13443,700000.0
-37.71871,145.13558999999995,980000.0
-37.86463,145.14283999999995,1250800.0
-37.85896,145.11484,1327000.0
-37.87128,145.13051000000004,670000.0
-37.88569,145.1438,1615000.0
-37.87118,145.12478000000004,1400000.0
-37.87677,145.11961000000005,620000.0
-37.92783,145.19685,800000.0
-37.90017,145.06435,1540000.0
-37.89018,145.06865,470000.0
-37.89706,145.07483,1160000.0
-37.74731,144.88826,715000.0
-37.73327000000001,144.87482,1010000.0
-37.73521,144.87708999999995,980000.0
-37.96015,145.16618,730000.0
-37.96968,145.16832,676000.0
-37.97412,145.18022,805000.0
-37.97712,145.17516,802000.0
-37.80248,144.94846,1126000.0
-37.79722,144.94423999999995,1746000.0
-37.79999,144.94961,799000.0
-37.79074,144.94324,1285000.0
-37.77664,144.99902,1512000.0
-37.77294000000001,144.9957,2042000.0
-37.78015,145.00777,1260000.0
-37.76969,145.00718,1650000.0
-37.82704,145.16801,1235000.0
-37.82603,145.1721,1570000.0
-37.81359000000001,145.17574,777000.0
-37.71579000000001,144.92231,972000.0
-37.90193,145.10107,1225000.0
-37.90295,145.11938999999995,1292000.0
-37.90822,145.12036,912000.0
-37.90087,145.03959,1565000.0
-37.90323,145.04286000000005,640000.0
-37.99482,145.08459,1270000.0
-37.98928,145.07798,1485000.0
-37.98464,145.08185,1137500.0
-37.99827,145.07497,1415000.0
-37.78212,144.95755,1560000.0
-37.71628,144.93822,530000.0
-37.72803,144.94624,876000.0
-37.71872000000001,144.94871,802000.0
-37.71798,144.93965,736000.0
-37.7254,144.92048,755000.0
-37.72436,144.94855,478000.0
-37.71878,144.95176,650000.0
-37.83661,144.93358999999995,1335000.0
-37.84237,144.94486,545000.0
-37.85931,145.00616000000005,740000.0
-37.85163,144.9943,698000.0
-37.84998,144.99499,780000.0
-37.84839,145.0013,1190000.0
-37.85064000000001,144.99095,1170000.0
-37.85672,145.00273,660000.0
-37.74528,145.01987,920000.0
-37.74244,145.02006,1115000.0
-37.74762,145.00261,550000.0
-37.73261,144.99535,1171000.0
-37.73645,144.98715,1060000.0
-37.73972,145.0111,996000.0
-37.75308,145.01464,617500.0
-37.72456,145.02292,817000.0
-37.70426,145.01203999999996,575000.0
-37.70798,145.02101000000005,635000.0
-37.70932,145.02483999999995,470000.0
-37.72839000000001,145.00105,700000.0
-37.72216,144.99381,860000.0
-37.824,145.00679,1000000.0
-37.82137,145.00512,1250000.0
-37.82488,145.00642,1280000.0
-37.81894000000001,145.01314,615000.0
-37.81256,144.99347,314000.0
-37.82241,145.00235,1341000.0
-37.80237,145.23404,930000.0
-37.80551,145.24589,609000.0
-37.79395,145.21878,1085000.0
-37.74088,145.06285,1100000.0
-37.74301,145.07148999999995,1185000.0
-37.61132,144.92075,500000.0
-37.95541,145.02944,630000.0
-37.95142,145.01977,760000.0
-37.95694,145.01936,2100000.0
-38.08814,145.12598,795000.0
-37.80401,144.89519,1315000.0
-37.80697,144.8928,830000.0
-37.8071,144.88912,940000.0
-37.84739,145.47052,1085000.0
-37.82984,144.873,835000.0
-37.83627,144.9605,807500.0
-37.83737,144.95799,4100000.0
-37.84014000000001,144.99441000000004,1430000.0
-37.84405,145.0016,2920000.0
-37.83678,145.00137,400000.0
-37.8281,144.96627,600000.0
-37.8281,144.96627,600000.0
-37.8257,144.87552,1300000.0
-37.82673,144.87495,1000000.0
-37.75836,144.80279,650000.0
-37.73385,144.80535,565000.0
-37.68508,145.1395,1387000.0
-37.86305,144.9911,480000.0
-37.86309,144.98301999999995,730000.0
-37.58089,144.72183,535000.0
-37.77972000000001,144.83809,865000.0
-37.79127,144.83713,1070000.0
-37.79501,144.8262,245000.0
-37.77049,144.83167,750000.0
-37.76951,144.83309,632000.0
-37.77004,144.84254,905000.0
-37.81708,145.09566,2505000.0
-37.82372,145.09085,1785000.0
-37.83133,145.1006,1580000.0
-37.81455,145.0943,1620000.0
-37.72199000000001,144.74578,645000.0
-37.68166,144.77422,1300000.0
-37.7677,145.11371,1381000.0
-37.77156,145.1226,1225000.0
-37.75763,145.09974,1375000.0
-37.68035,145.00925,705000.0
-37.67646,145.03083999999996,550000.0
-37.67652,145.02338,630000.0
-37.67873,145.01878,740000.0
-37.75668,145.00929,745000.0
-37.76126,145.00247,1225000.0
-37.75807,145.00782,1400000.0
-37.84169,144.72333,390000.0
-37.69728,144.87455,555000.0
-37.69636,144.88265,695000.0
-37.91732,145.33501,575000.0
-37.73253,145.0873,870000.0
-37.74113,145.22308999999996,1050000.0
-37.69778,145.08516,710000.0
-37.70178,145.0851,705000.0
-37.90908,144.65774,570000.0
-37.88831,144.63942,372000.0
-37.80962,144.86876999999996,597000.0
-37.80848,144.9437,660000.0
-37.67941,144.8764,500000.0
-37.67688,144.88996,560000.0
-37.91874,145.19156999999996,1200000.0
-37.91199,145.18419,1223000.0
-37.91075,145.18758,1035000.0
-37.85569,144.89373999999995,1367000.0
-37.86682,144.90003000000004,880000.0
-37.85432,144.88214,862000.0
-37.61337,145.03606000000005,595000.0
-37.81611,144.87945,1190000.0
-37.81133,144.89553,709500.0
-37.8114,145.01163,550000.0
-37.72752,144.88358,670000.0
-37.84118,144.95023,3560000.0
-37.83794,144.84231,1500000.0
-37.82726,144.83533,1030000.0
-37.77182,144.90524,1130000.0
-37.77178,144.85397,820000.0
-37.75718,144.85357,680000.0
-37.76063,144.8603,720000.0
-37.75962,144.86675,1107500.0
-37.67344,144.43181,285000.0
-37.86874,144.998,328500.0
-37.80039,145.0961,1575000.0
-37.85721,145.26305,900000.0
-37.845,145.25624,520000.0
-37.9332,145.03794,380000.0
-38.0683,145.33833,920000.0
-38.06788,145.33966999999996,950000.0
-37.82945,145.15697,485000.0
-37.84453,145.14446,1291000.0
-37.86126,145.25808,775000.0
-37.86434000000001,145.25739,820000.0
-37.82148,145.1289,2285000.0
-37.79382,144.85107,797000.0
-37.78207,144.85342,760000.0
-37.78341,144.85574,590000.0
-37.90542,144.99817,1180000.0
-37.93171,145.03041000000005,585000.0
-37.91053,145.02447,1580000.0
-37.67197,144.91896,460000.0
-37.6886,144.92281,386000.0
-37.82073,144.8447,515000.0
-37.76549,144.96366,1515000.0
-37.75746,144.95633,1037000.0
-37.76418,144.95715,1100000.0
-37.77289,144.97503,1330000.0
-37.76049,144.98065,937000.0
-37.77165,144.97187,290000.0
-37.70602,145.05945,730000.0
-37.70301,145.06341,660000.0
-37.85126,145.1132,1530000.0
-37.85695,145.15143999999995,1150000.0
-37.84839,145.14299,1600000.0
-37.75777,144.77974,636000.0
-37.8401,145.09113,755000.0
-37.84812,145.07414,2200000.0
-37.8891,145.06337,1530000.0
-37.88368,145.0515,750000.0
-37.90321,145.0555,286000.0
-37.9003,145.06342,580010.0
-37.89334,145.05463,1250000.0
-37.7253,144.7484,430000.0
-37.70624,144.74042,360000.0
-37.7277,144.73422,740000.0
-38.10984000000001,145.17062,647000.0
-37.89063,145.02608999999995,636500.0
-37.88289,145.09871,930000.0
-37.92063,145.11186,1018000.0
-37.74011,144.95266999999996,760000.0
-37.74914,144.96826,876000.0
-37.73245,144.97103,867000.0
-37.79597,144.99108,365000.0
-37.79557,144.99158,1297000.0
-37.65879,144.9296,515000.0
-38.07898,145.3165,670000.0
-37.79189,145.29661000000004,865000.0
-37.78393,145.29131999999996,760000.0
-37.81083,145.28792,725000.0
-37.80452,145.28579,480000.0
-37.80718,145.28581,1120000.0
-37.9674,145.20552,465000.0
-37.967,145.19658,614000.0
-37.94264,145.21786,930000.0
-37.76545,144.76458,557000.0
-37.77396,144.77229,650000.0
-37.79571,144.76656,750000.0
-37.98086,145.11993,806000.0
-37.98186,145.13081,892000.0
-37.79461,145.14206,1345000.0
-37.78101,145.1111,1430000.0
-37.77102,145.13338000000005,1663000.0
-37.79561,145.16268,1310000.0
-37.77655,145.15386999999996,1530000.0
-37.77813,145.16558,1390000.0
-37.79357,145.15318,1423000.0
-37.80103,145.17844,630000.0
-37.75825,145.05438,1300000.0
-38.04105,145.1216,1260000.0
-37.71613,145.13939,655000.0
-37.70115,145.12855,792000.0
-37.88306,144.9841,435000.0
-37.88111,144.99053999999995,350000.0
-37.62157,145.01049,490000.0
-37.64166,145.02885,490000.0
-37.64836,145.03139,392250.0
-37.64827,145.05317,417500.0
-37.74635,144.9229,1000000.0
-37.75515,144.92113999999995,310000.0
-37.75621,144.93401,1398000.0
-37.8798,145.2775,664000.0
-37.88096,145.29371,1900000.0
-37.7967,144.98363,790000.0
-37.79721,144.98073,830000.0
-37.79636,144.98394,456000.0
-37.78696,144.92556000000005,1000000.0
-37.80196,144.90783000000005,800000.0
-38.16483,145.16383000000005,565000.0
-38.15983,145.11351000000005,810000.0
-37.68269,144.88601,749000.0
-37.8574,145.04795,260000.0
-37.85702,145.04801,330000.0
-37.85019000000001,145.0465,501000.0
-37.88462,145.17315,1908000.0
-37.89813,145.14652,1070000.0
-37.69558,144.93223,700000.0
-37.70691,144.93498,805000.0
-37.70067,144.92689,721000.0
-37.71122,144.91863,400000.0
-37.69705,144.94218999999995,675000.0
-37.7046,144.91041,656000.0
-37.71733,145.09622,866000.0
-37.69261,145.1105,1028000.0
-37.64163,144.90493,783000.0
-37.61079,144.90823,800000.0
-37.71425,144.95013,735000.0
-37.71147,144.93927,595000.0
-37.70522,144.94702,539000.0
-38.00128,145.27213,1300000.0
-37.93953,145.00096000000005,580000.0
-37.94083,145.03682,771000.0
-38.02683,145.25871,622000.0
-38.0457,145.27395,400000.0
-37.81823,145.03972,455000.0
-37.81835,145.05895,615888.0
-37.74605,145.08504,1430000.0
-37.75715,145.06463,534000.0
-37.73459,145.04394,575500.0
-37.73597,145.03916,600000.0
-37.74392,145.04692,445000.0
-37.9511,145.04171000000005,1430000.0
-37.94882,145.03111,1820000.0
-37.6869,144.7485,660000.0
-37.90403,145.08118000000005,1475000.0
-37.76086,145.05177,2100000.0
-37.75973,145.03808,1510000.0
-37.75842,145.05075,880000.0
-37.76091,145.04437,1320000.0
-37.68988,144.91113,575500.0
-37.71796,144.827,775000.0
-37.71368,144.82082,635000.0
-37.72659,144.79668,675000.0
-37.71575,144.80598,620000.0
-37.7305,144.86863,1005000.0
-37.74165,144.86279,710000.0
-37.7219,144.85239,700000.0
-37.72012,144.86149,635000.0
-37.79662,144.9254,438000.0
-37.79561,144.93499,710000.0
-37.79023,144.92335,390000.0
-37.81317,145.05993,1205000.0
-37.79893,145.04266,1410000.0
-37.80059,145.03274,520000.0
-37.80467,145.30297,811000.0
-37.67414,145.0205,710500.0
-37.6708,145.01353,752000.0
-37.67146,145.03232,622000.0
-37.78502,144.86733,650000.0
-37.77813,144.87287,435000.0
-37.77915,144.88137,876000.0
-37.87012,145.03545,338000.0
-37.78352,144.88981,1340000.0
-37.66059,144.92006,450000.0
-37.64769,144.91359,440000.0
-37.81141,144.95879,1075000.0
-37.68686,144.58157,550000.0
-37.67831,144.57342,373500.0
-37.70411,144.57159,280500.0
-37.98346,145.06313,640000.0
-37.97911,145.08045,1322000.0
-37.97759,145.06482,940000.0
-37.67633,145.06922,767500.0
-37.66462,145.05659,705000.0
-37.67391,145.0618,705000.0
-37.65217,145.04863,790000.0
-37.65532,145.04131,676000.0
-37.6641,145.05123,704500.0
-37.65121,145.05404,550000.0
-37.65116,145.05438999999996,598000.0
-37.66294,145.06301000000005,592000.0
-37.65359,145.04276000000004,602000.0
-37.81498,145.18923999999996,1095000.0
-37.81477,145.18867,480000.0
-37.81018,145.35396,735000.0
-37.76075,144.91926999999995,1425500.0
-37.7693,144.93415,1320000.0
-37.76421,144.90571,1270000.0
-37.78695,145.32513,650000.0
-38.00429000000001,145.10286000000005,1400000.0
-38.00644000000001,145.08478,1627000.0
-37.89469,145.12363,1150000.0
-37.87904,145.12911,1375000.0
-37.88598,145.1229,850000.0
-37.87754,145.12076000000005,1850000.0
-37.93706,145.21124,1016000.0
-37.91375,145.16438,992000.0
-37.89465,145.06984,1820000.0
-37.90583,145.07283,1620000.0
-37.84346,144.88947,1000000.0
-37.97593,145.18931,650000.0
-37.80202,144.95103999999995,785000.0
-37.80272,144.95174,620000.0
-37.82759,145.16751000000005,1040000.0
-37.8231,145.17911,676000.0
-37.80827,145.17885,1002000.0
-37.82895,145.17678,1175000.0
-37.89542,145.10055,1365000.0
-37.90088,145.11692,875000.0
-37.94043,145.09313999999995,880000.0
-37.9237,145.09211000000005,1150000.0
-37.91121,145.09598,774000.0
-37.92109,145.10515,1122000.0
-37.89976,145.04215,327000.0
-37.9075,145.05329,1900000.0
-38.00205,145.07853,2185000.0
-37.7882,144.94205,800000.0
-37.72623,144.94521,1210000.0
-37.84146,144.94121,635000.0
-37.84696,144.99364,1003000.0
-37.75024000000001,145.00413,820000.0
-37.74936,144.98949,1150000.0
-37.72167,145.01706,925000.0
-37.72828,145.03033,526250.0
-37.69828,145.02184,351000.0
-37.72057,145.02615,760000.0
-37.70331,144.9838,690000.0
-37.82276,144.99866,715000.0
-37.81977,144.99597,630000.0
-37.81684,145.00606000000005,1200000.0
-37.78372,145.25311000000005,1725000.0
-37.82223,145.22503999999995,633000.0
-37.8159,145.24688,1090000.0
-37.91692000000001,145.25896,936000.0
-37.92778,145.24796,860000.0
-37.95095,145.02096,850000.0
-37.89385,145.23848,1000000.0
-37.87899,144.75625,640000.0
-38.11336,145.15035,800000.0
-37.83631,144.95536,1720000.0
-37.64426,145.1,690000.0
-37.62648,145.07141,875000.0
-37.63478,145.08486000000005,420000.0
-37.63454,145.06894,677500.0
-37.83766,144.98799,600000.0
-37.83613,144.99661,762500.0
-37.83986,144.98598,1855500.0
-37.83162,144.88742,802000.0
-37.95612,145.1494,1016000.0
-37.75424,144.80816000000004,600000.0
-37.73593,144.8101,631000.0
-37.73615,144.81445,711100.0
-37.73704,144.79108,582000.0
-37.73106,144.80665,730000.0
-37.87094,144.9807,468000.0
-37.87312,144.97986,470000.0
-37.73831,144.91114,1140000.0
-37.73415,144.91852,750000.0
-37.58025,144.71759,487000.0
-37.58231,144.69961999999995,410000.0
-37.57355,144.70854,512500.0
-37.7807,144.83648,830500.0
-37.76941,144.82385,429000.0
-37.80046,144.82676,551000.0
-37.79703,144.81228000000004,450000.0
-37.82413,145.10424,781000.0
-37.85162,144.66522,586000.0
-37.84688,144.68182,496000.0
-37.75091,145.16761,1280000.0
-37.76797,145.13799,1635000.0
-37.75458,145.12285,795000.0
-37.77185,145.12509,1138000.0
-37.85971,145.31036,477000.0
-37.68579,144.98878,605000.0
-37.68336,145.0029,610000.0
-37.67751,144.98663,580000.0
-37.75443,145.00919,415000.0
-37.75642,144.98755,905000.0
-37.83532,145.0216,725000.0
-37.84263,145.00448,577000.0
-37.83963,144.71487,451000.0
-37.84253,144.7227,453350.0
-37.70598,144.87616,895000.0
-37.70695,144.88513999999995,586000.0
-37.87638,145.2313,570000.0
-37.85605,145.24496000000005,778000.0
-37.87325,145.23244,1055000.0
-37.70039000000001,145.08957,790000.0
-37.8723,144.661,514000.0
-37.88421,144.67869,529000.0
-37.88996,144.65526,484000.0
-37.8118,144.95259,670000.0
-37.80473,144.9435,510000.0
-37.66948,144.90385,410000.0
-37.6815,144.87892,675000.0
-37.85843,144.89976,1200000.0
-37.86155,144.89081000000004,650000.0
-37.85687,144.99748,410000.0
-37.87047000000001,144.59864,478000.0
-37.72788,145.10456000000005,743500.0
-37.81335,144.89471,1285000.0
-37.82356,144.88191,440000.0
-37.80359,144.99538,1635000.0
-37.80911,144.99338999999995,940000.0
-37.80125,144.99926000000005,1375000.0
-37.80116,145.00066,1525000.0
-37.75595,144.90551000000005,1380000.0
-37.73351,144.88749,700000.0
-37.72572,144.86848,950000.0
-37.74839,144.7735,415000.0
-37.77586,145.03092,1625000.0
-37.87256,144.8078,1225000.0
-37.86473,144.81507,660000.0
-37.871,144.81153,767000.0
-37.88413,144.79033,810000.0
-37.85459,145.02147,1480000.0
-37.86165,145.02148,821000.0
-37.77659,144.9338,1250000.0
-37.87036,145.08471,1520000.0
-37.86516,145.07958,2299500.0
-38.02608,145.12784,951000.0
-37.87149,144.99746000000005,700000.0
-37.81303,145.07468,614000.0
-37.81462,145.08776,2360000.0
-37.81363,145.09942,1750000.0
-37.78368,145.09545,1460000.0
-37.78617,145.09202,1360000.0
-37.79843,145.06728,1739000.0
-37.84633,145.26267,720000.0
-37.97732,145.04388,1780000.0
-37.98354000000001,145.04261,1611000.0
-37.75315,145.04062,1006000.0
-37.92837,145.03821000000005,1700000.0
-37.92893,145.04581000000005,1280000.0
-37.91582,145.048,1750000.0
-37.92689,145.05879,1175000.0
-37.92445,145.06824,1290000.0
-38.01901,145.33479,683000.0
-37.96678,145.02223,1730000.0
-37.81169000000001,145.15735,1100000.0
-37.8051,145.14351000000005,1250000.0
-37.83504,145.15941,1246000.0
-37.85784,145.26022,740000.0
-37.82694,145.12465,1525000.0
-37.819,145.13537,730000.0
-37.7063,145.12215,830000.0
-37.92335,144.99982,3000000.0
-37.9214,145.00454,1900000.0
-37.91733,144.99747,1296000.0
-37.90904000000001,144.99868,4050000.0
-37.88779,144.99933,2210000.0
-37.90296,145.02261,1655000.0
-37.90344,145.01856,2000000.0
-37.91892,145.00923,2150000.0
-37.93063,145.01314,1680000.0
-37.91106,145.02393999999995,890000.0
-37.68489,144.93169,616000.0
-37.68557,144.93156000000005,632000.0
-37.76085,144.95834,1310000.0
-37.77213,144.9829,1615000.0
-37.7628,144.94011,1500000.0
-37.77387,145.0889,1751000.0
-37.76762,145.09773,1200000.0
-37.76207,145.09336000000005,1580000.0
-37.50087,144.48571,535000.0
-37.69382,145.04831,685000.0
-37.68811,145.05507,685000.0
-37.68238,145.06432,725000.0
-37.70912,145.05181000000005,505000.0
-37.68646,145.08183,1300000.0
-37.67935,145.05728,1253000.0
-37.85553,145.12305,1170000.0
-37.85374,145.12458999999996,1390000.0
-37.84883,145.12998000000005,1471000.0
-37.85148,145.15345,746000.0
-37.75314,144.77878,560000.0
-37.84349,145.07367,1650000.0
-37.84603,145.06954,881000.0
-37.82831,145.06581,3190000.0
-37.82794000000001,145.08435,2100000.0
-37.83057,145.08482,2725000.0
-37.82024000000001,145.06172,3250000.0
-37.88553,145.05012,1370000.0
-37.73531,144.74335,870000.0
-38.07509,145.12965,687500.0
-38.11471,145.18248,552500.0
-37.88569,145.02496000000005,1070000.0
-37.87206,145.03512,1925000.0
-37.88658,145.09297,995000.0
-37.88478,145.10244,1310000.0
-37.96791,145.06241,1275000.0
-37.96098,145.04275,1200000.0
-37.9746,145.07207,1095000.0
-37.75735,145.31859,640000.0
-37.92801,145.1057,1241000.0
-37.9255,145.11331,1250000.0
-37.92624,145.1321,729500.0
-37.793,144.98763,973000.0
-37.79627,144.99229,560000.0
-37.57416,144.91269,565000.0
-37.5729,144.93663,615000.0
-37.5951,144.9091,548000.0
-37.60574,144.92548,716000.0
-37.59264,144.8985,667500.0
-38.08632,145.28343,555000.0
-37.78499,145.2647,730000.0
-37.79079,145.26924,1080000.0
-37.78264,145.26447,702500.0
-37.76793,145.29283999999996,505000.0
-37.76572,145.28915,766000.0
-37.98585,145.22651000000005,370000.0
-37.99173,145.22308999999996,488000.0
-37.81007,145.06792,1680000.0
-37.77538,144.76933,665000.0
-37.7145,144.77132,475000.0
-37.67309,145.14645,898000.0
-37.66529,145.15363,815000.0
-37.62856,144.71825,615000.0
-37.97158,145.12634,915000.0
-37.98504000000001,145.12892,736000.0
-37.79207,145.11672,1400000.0
-37.78189,145.13078000000004,780000.0
-37.78148,145.17818,1328000.0
-37.8161,144.98494,1300000.0
-37.72276,145.15316,830000.0
-37.70477,145.16552,762000.0
-37.71328,145.14098,925000.0
-37.70577,145.1316,900000.0
-37.8713,144.98776999999995,559000.0
-37.88656,144.99068,1225000.0
-37.88014,144.99347,3175000.0
-37.87594,144.98833,520000.0
-37.62114,144.99715,550000.0
-37.64887,145.04254,561000.0
-37.64421,145.03773,556000.0
-37.63463,145.03863,441000.0
-37.64992,145.04256999999996,552000.0
-37.74997000000001,144.90752,2165000.0
-37.74121,144.89273,1280000.0
-37.74652,144.89178,1165000.0
-37.74351,144.92174,2050000.0
-37.75178,144.89876,1500000.0
-37.70659000000001,144.97109,900000.0
-37.70711,144.97318,700000.0
-37.70745,144.97046,515000.0
-37.88472,145.26653000000005,904000.0
-37.79751,144.98309,2700000.0
-37.7967,144.98363,1060000.0
-37.79636,144.98394,545000.0
-37.80209,144.97443,3200000.0
-37.79068,144.97824,1705000.0
-37.78334,144.97782,850250.0
-37.78446,144.92797,1220000.0
-37.79975,144.88368,455000.0
-37.78872,144.88891,575000.0
-37.83221,145.17117,360000.0
-38.16415,145.14251000000004,610000.0
-38.1632,145.10766,850000.0
-37.48381,144.60052,775000.0
-37.68641,144.89826000000005,629000.0
-37.6974,144.8916,452500.0
-37.85875,145.07978,3400000.0
-37.85852,145.04547,320000.0
-37.84799,145.06353,839000.0
-37.85728,145.08743,1690000.0
-37.852,145.07321000000005,2165000.0
-37.85611,145.08776,2215000.0
-37.85258,145.08588999999995,851000.0
-37.86014,145.04221,1910000.0
-37.88984,145.18016,1311000.0
-37.70612,144.9144,565000.0
-37.70855,144.90441,770000.0
-37.71259000000001,144.91218999999995,1220000.0
-37.69039,145.09753,714000.0
-37.71636,145.09792,815000.0
-37.94087,145.03366,1345000.0
-37.82127,145.02238,630000.0
-37.82334,145.04015,420000.0
-37.81813,145.02295,1857000.0
-37.82541,145.02591,370000.0
-37.83195,145.04211999999995,1500000.0
-37.82737,145.02971000000005,1425000.0
-37.82834,145.03937,1910000.0
-37.82452,145.02204,1485000.0
-37.82742,145.05324,505000.0
-37.83781,145.05234,595000.0
-37.82689,145.05542,560000.0
-37.82108,145.05739,2825000.0
-37.82985,145.26176,1031000.0
-37.82909,145.233,1040000.0
-37.82996,145.24311,912000.0
-37.75692,145.06426000000005,450000.0
-37.75212,145.05945,1250000.0
-37.75022,145.04778000000005,650000.0
-37.75024000000001,145.04798,680000.0
-37.75008,145.05051,1645000.0
-37.75132,145.05331,720000.0
-37.74962,145.04658,697500.0
-37.73586,145.04908,810000.0
-37.74391,145.04668999999996,463000.0
-37.95384,145.05443,1242000.0
-37.94874,145.02631,677500.0
-37.6844,144.75595,580000.0
-37.85954,144.71456,540000.0
-37.86833,144.7035,516000.0
-37.9016,145.08293999999995,1570000.0
-37.63826,145.1991,790000.0
-37.76778,145.03312,2400000.0
-37.75715,145.04965,950000.0
-37.6845,144.90761,550000.0
-37.73574,144.87014,1022000.0
-37.73305,144.86526,850000.0
-37.74182,144.85498,518500.0
-37.79496,144.92659,1225000.0
-37.80347,145.0489,2660000.0
-37.79855,145.04493,1510000.0
-37.80456,145.03745,802000.0
-37.80495,145.04949,1007000.0
-37.81185,145.05387,4050000.0
-37.80869000000001,145.06026,2550000.0
-37.80593,145.05121,860000.0
-37.7976,145.04816,1840000.0
-37.79147,145.05334,1750000.0
-38.00013,145.14673,688000.0
-37.80857,144.87682,570000.0
-37.81167,144.88346,900000.0
-37.67028,144.59455,345000.0
-37.6676,145.00445,570000.0
-38.15752,145.19127,650000.0
-37.72861,145.109,420000.0
-37.78458,144.88106000000005,642500.0
-37.78974,144.88143,798000.0
-37.78966,144.87821,755000.0
-37.78559,144.86483,710000.0
-37.86044,145.0335,4050000.0
-37.85189,145.03335,1650000.0
-37.85183,145.03863,2020000.0
-37.86954,145.0444,3000000.0
-37.8652,145.05248,2500000.0
-37.87923,145.08955,2500000.0
-37.77413,144.87533,1200000.0
-37.7816,144.88998999999995,940000.0
-37.90978,145.02937,1200000.0
-37.68503,144.54237,600000.0
-37.98137,145.0918,900000.0
-37.98707,145.0609,2025000.0
-37.606,145.08785,630000.0
-37.82771,145.20763,1071000.0
-37.8099,145.19506,973000.0
-37.72532,145.12488000000005,881100.0
-37.76218,144.92886,1060000.0
-37.76389,144.9185,1225000.0
-37.78216,145.30721,930000.0
-38.00119,145.08588999999995,1800000.0
-38.00477,145.10078,1440000.0
-37.85991,145.14523,900000.0
-37.86528,145.11775,730000.0
-37.88007,145.12328,2558000.0
-37.92862,145.16664,1001000.0
-38.01706,145.29076,655000.0
-37.84147,144.88494,1050000.0
-37.85134,144.88636,730000.0
-37.84586,144.88948,1195000.0
-37.83859,144.88128,923000.0
-37.84608,144.86525,600000.0
-37.7431,144.88722,1230000.0
-37.80072,144.9496,1475000.0
-37.7955,144.94922,450000.0
-37.79878,144.94746999999995,525000.0
-37.77985,144.99528,1225000.0
-37.7628,144.99375,1955000.0
-37.78062,145.00627,2775000.0
-37.82688,145.17163,1310000.0
-37.89215,145.10472,1415000.0
-37.91061,145.0862,601000.0
-37.90188,145.04172,440000.0
-37.90143,145.04183999999995,370000.0
-37.98703,145.09131000000005,1051000.0
-37.98833,145.07741,1206000.0
-37.72882,144.93301,900000.0
-37.73112,144.94418000000005,940000.0
-37.7237,144.92231999999996,257500.0
-37.7237,144.92231999999996,257500.0
-37.72034,144.93788,1114000.0
-37.89273,144.72558999999995,520000.0
-37.89807,144.73925,715000.0
-37.83802,144.92442,1900000.0
-37.84068,144.93547,1480000.0
-37.84158,144.93809,760000.0
-37.85565,145.00839,2635000.0
-37.85562,145.00571000000005,1250000.0
-37.85126,145.00832,400000.0
-37.85768,145.00253999999995,4200000.0
-37.85083,144.99092,1310000.0
-37.85059,144.99188,626000.0
-37.74251,145.0008,1270000.0
-37.74118,145.01202,980000.0
-37.72879,144.98538,1148000.0
-37.78311,144.96548,1540000.0
-37.70833,145.0045,1210000.0
-37.72017,144.99873,935000.0
-37.71331,144.9871,510000.0
-37.69894,145.03411,861000.0
-37.69969,145.01039,732000.0
-37.70952,145.033,755000.0
-37.71751,144.99849,325000.0
-37.72614,144.99892,1200000.0
-37.8357,145.22564,1450000.0
-37.82536,145.22228,800000.0
-37.80436,145.23339,655000.0
-37.80161,145.22151000000005,812000.0
-37.73165,145.06564,1400000.0
-37.73968,145.07973,1170000.0
-37.92739,145.25705,970000.0
-37.95762,145.01418,3350000.0
-37.95017,145.02053999999995,2255000.0
-37.89628,145.22294,870000.0
-37.80803,144.89601000000005,1870000.0
-37.83453,144.95782,1750000.0
-37.83591,144.94963,1800000.0
-37.83923,144.95113,3825000.0
-37.63873,145.07805,485000.0
-37.82863,144.98514,1350000.0
-37.8453,144.98487,940000.0
-37.8446,145.00018,410000.0
-37.83873,145.00133,980000.0
-37.84368,144.99577,380000.0
-37.8281,144.96627,625000.0
-37.93594,145.14674,917000.0
-37.73084,144.78348,632500.0
-37.72945,144.79592,702000.0
-37.86257,144.99161,701000.0
-37.86667,144.98324,1600000.0
-37.73681,144.90587,2000000.0
-37.73154,144.92243,1610000.0
-37.74057,144.92172,1742000.0
-37.73456,144.91521,1016000.0
-37.78703,144.84569,700000.0
-37.79595,144.83206,615000.0
-37.78825,144.80098999999996,650000.0
-37.83199000000001,145.10877,2400000.0
-37.8364,145.10609,938000.0
-37.82933,145.09642,2290000.0
-37.81403,145.08968000000004,1775000.0
-37.69969,144.7685,659500.0
-37.84267,144.65407,505000.0
-37.83851,144.6887,560000.0
-37.70847,144.78413,701000.0
-37.75343,145.11958,2600000.0
-37.75807,145.13478,1205000.0
-37.76873,145.15894,1750000.0
-37.75334,145.16655,1350000.0
-37.74508,145.15341,2300000.0
-37.75571,145.15521,2330000.0
-37.76616,145.11207,1350000.0
-37.77033,145.1214,1410000.0
-37.77006,145.10429,1204000.0
-37.863,145.30716,610000.0
-37.67877,145.03656,760000.0
-37.67231,145.00556,670000.0
-37.8404,145.01425,1860000.0
-37.83725,145.01476,1400000.0
-37.84297,145.01819,1350000.0
-37.77784000000001,144.93482,2070000.0
-37.835,145.21086,865000.0
-37.83459000000001,145.21264,980000.0
-37.84902,145.18276,950000.0
-37.73226,145.09855,1295000.0
-37.7156,145.08875,788800.0
-37.71147,145.08003,900000.0
-37.70598,145.07713,700000.0
-37.88496,144.66332,455000.0
-37.89118,144.65368,483000.0
-37.88632,144.67582,455000.0
-37.79429,144.87412,1276000.0
-37.67558,144.8976,700000.0
-37.6784,144.88797,729000.0
-37.91161,145.19693999999996,1184000.0
-37.91212,145.1793,1157000.0
-37.91299,145.1767,1100000.0
-37.85925,144.88761,2200000.0
-37.85143,144.98574,865000.0
-37.75912,145.28886,900000.0
-37.87959,144.60977,500000.0
-37.81961,144.88132,1142000.0
-37.82252,144.87718,1100000.0
-37.81481,144.88013,780000.0
-37.81249,144.89531000000005,920000.0
-37.81352,144.88311000000004,500000.0
-37.74373,144.77567,655000.0
-37.86639,144.82625,890000.0
-37.86027,144.82073,935000.0
-37.86472,144.82929,815000.0
-37.88995,144.78505,440500.0
-37.83648,144.86296000000004,451500.0
-37.78258,144.91693999999995,825000.0
-37.77341,144.9013,425500.0
-37.78052,144.93001999999996,920000.0
-37.77261,144.92276,762000.0
-37.77561,144.91695,1306000.0
-37.77226,144.90941999999995,566000.0
-37.86173,145.11074,1420000.0
-38.02768,145.10187,805000.0
-37.76421,144.85594,934000.0
-37.87149,144.99746000000005,585000.0
-37.8079,145.09162,2330000.0
-37.79535,145.07131,1721000.0
-37.82737,145.2938,650000.0
-37.82809,145.29287,762000.0
-37.9108,145.07908,1384000.0
-37.81224,145.15594,1350000.0
-37.82956,145.13868,1070000.0
-37.83189,145.15785,1500000.0
-37.81684,145.14992,1200000.0
-37.80716,145.16504,1200000.0
-37.81103,145.15917,1100000.0
-37.80906,145.15787,706000.0
-37.85284,145.26942,785000.0
-37.86669000000001,145.29959,950000.0
-37.90396,144.99126,2800000.0
-37.9041,144.9993,290000.0
-37.68187,144.92421000000004,570500.0
-37.68584,144.9315,631000.0
-37.82212,144.84476999999995,372100.0
-37.76166,144.95065,1350000.0
-37.75915,144.96755,1300000.0
-37.77034,144.95334,315000.0
-37.76812,144.97413999999995,702500.0
-37.7684,144.94214,275000.0
-37.76221,144.94055,835000.0
-37.71098,145.05381,900000.0
-37.70636,145.05462,710000.0
-37.85436,145.13827,1320000.0
-37.88414,145.0528,480000.0
-37.89204,145.06086000000005,1840000.0
-37.88642,145.05979,430000.0
-37.74254000000001,144.74572,525000.0
-38.0796,145.13272,495000.0
-38.09665,145.17646000000005,403500.0
-37.88512,145.04554,1550000.0
-37.87972,145.03351,361000.0
-37.88304,145.0969,960000.0
-37.91735,145.13814,696000.0
-37.92304,145.10984,1115000.0
-37.91583,145.13363,1950000.0
-37.93197,145.12219,962000.0
-37.75296,144.95967,900000.0
-37.79597,144.99108,365000.0
-37.57467000000001,144.92229,310000.0
-37.79486,145.28673999999995,662000.0
-37.79795,145.2957,625500.0
-37.67048,144.93992,459000.0
-37.67506,144.93793,420500.0
-37.97369000000001,145.19714,583000.0
-37.95661,145.2191,618500.0
-37.95466,145.21193,727000.0
-37.76496,144.77289,535000.0
-37.7143,144.77096,560000.0
-37.79215,144.76285,860000.0
-37.98146,145.11715,802000.0
-37.98596,145.13187,800000.0
-37.97936,145.13302,854000.0
-37.78707,145.15161,1735000.0
-37.77323,145.18029,920000.0
-37.80349,145.19666,904000.0
-37.98537,145.23505,500000.0
-37.76093,145.056,1440000.0
-37.88472,145.00025,900000.0
-37.71513,145.15323999999995,540000.0
-37.71296,145.13773,1054000.0
-37.96466,145.27006,625000.0
-37.64273,145.03751,600000.0
-37.6311,145.0232,401500.0
-37.62864,145.02265,630000.0
-37.6246,145.01686,1012000.0
-37.64386,145.04817,565000.0
-37.7494,144.92096,502500.0
-37.74253,144.91753,1550000.0
-37.74444,144.92084,420000.0
-37.73993,144.90271,785000.0
-37.75374,144.88932,1410000.0
-37.71097,144.97324,750000.0
-37.88189000000001,145.29148,748888.0
-37.89863,145.26708,850000.0
-37.80348,144.98256999999995,490000.0
-37.77869000000001,144.98578,381000.0
-37.78334,144.97782,650000.0
-37.7844,144.99005,1502000.0
-37.80069,144.88199,878000.0
-37.79633,144.88526000000005,440000.0
-37.79711,144.88825,395000.0
-37.79529,144.88453,991000.0
-37.85156,145.16923,945000.0
-37.84207,145.17795,1020000.0
-37.83508,145.16936,1234000.0
-38.13743,145.16702,506000.0
-38.16146,145.12997,755000.0
-37.50929,144.56444,807000.0
-37.49175,144.59565,426000.0
-37.85145,145.09107,540000.0
-37.87606,145.15951,960000.0
-37.88902,145.16678000000005,1116500.0
-37.70801,145.10689,610000.0
-37.71055,145.09593999999996,690000.0
-37.71254,145.09705,585000.0
-37.69022,145.09413999999995,800000.0
-37.70859,145.10464,800000.0
-37.71846,145.09689,896000.0
-37.71325,145.09532,1010000.0
-37.93297000000001,144.99771,1660000.0
-37.94423,145.00843999999995,1960000.0
-37.81432,145.03221000000005,1200000.0
-37.83108,145.0353,670000.0
-37.82214000000001,145.03288,600000.0
-37.81519,145.03153,415000.0
-37.81442,145.01531,1150000.0
-37.81442,145.01531,1100000.0
-37.82118,145.24138,525000.0
-37.74835,145.05042,650000.0
-37.73759,145.04236,580000.0
-37.74371,145.04161000000005,820000.0
-37.69787,144.75082,600000.0
-37.87326,144.69103,536500.0
-37.87386,144.69317,541000.0
-37.88505,144.69423,557000.0
-37.77345,145.06098,1601000.0
-37.68599,144.91195,559000.0
-37.72286,144.83252,930000.0
-37.71757,144.81328,705000.0
-37.72483,144.8143,590000.0
-37.74214,144.86965,920000.0
-37.73573,144.87531,1100000.0
-37.74316,144.87894,840000.0
-37.7465,144.8613,860000.0
-37.78895,144.93351,840000.0
-37.79013,144.92359,535000.0
-37.80509,145.05572,1080000.0
-37.99318,145.15939,575000.0
-37.71402,145.0314,740000.0
-37.88214,145.25058,1040000.0
-37.66641,144.98781,795000.0
-37.66225,145.0116,660000.0
-37.78493,144.87968,1170000.0
-37.78571,144.87346000000005,930000.0
-37.78799,144.87515,650000.0
-37.78606,144.87205,702000.0
-37.85557,145.03968,575000.0
-37.76703,144.88915,675000.0
-37.77117,144.88041,440000.0
-37.66004,144.92338,520000.0
-37.64683,144.91106000000005,430000.0
-37.64993,144.92955,570000.0
-37.65384,144.92272,520000.0
-37.65155,144.91912,515000.0
-37.81301,144.96924,387000.0
-37.71432,144.57431,341000.0
-37.70153,144.57243,336000.0
-37.69548,144.56775,426000.0
-37.6017,145.09051000000005,780000.0
-37.66919,145.06798999999995,775500.0
-37.67519,145.06201,726000.0
-37.67626,145.0659,710000.0
-37.82835,145.19845,1045000.0
-37.72394,145.12456,820000.0
-37.72198,145.12581,1301000.0
-37.7638,144.9089,951000.0
-37.7685,144.91103,1425000.0
-37.94111,145.0431,935000.0
-37.77293,145.30819,637500.0
-37.79335,145.30773,780000.0
-37.88256,145.12518,1800000.0
-37.87662,145.13153,1700000.0
-37.86582,145.14824,2248000.0
-37.8958,145.11969,1260000.0
-37.9298,145.16523999999995,960000.0
-37.88519,145.06715,550000.0
-37.887,145.07303000000005,956000.0
-38.00908,145.30264,620000.0
-38.037,145.30862,605000.0
-37.84234,144.86622,740000.0
-37.84417,144.87544,990000.0
-37.73834,144.88197,950000.0
-37.97918,145.18825,650000.0
-37.96814000000001,145.17888,752000.0
-37.8044,144.95657,541000.0
-37.76788,144.98621,1307500.0
-37.76198,144.99087,1100000.0
-37.77062,145.00891,1050000.0
-37.76631,145.01699,1800000.0
-37.77348,144.99206,1550000.0
-37.90779000000001,145.15042,1211000.0
-37.71755,144.91663,970000.0
-37.71467,144.92528,1453000.0
-37.90821,145.09313999999995,1610000.0
-37.90168,145.11081,1150000.0
-38.07054,145.42553999999996,559000.0
-38.08699,145.48273,435000.0
-37.99577,145.07215,1190000.0
-37.99825,145.08696,503750.0
-37.73261,144.94221000000005,962000.0
-37.71962,144.95061,629000.0
-37.71893,144.94246,881000.0
-37.90715,144.76527,690000.0
-37.89279000000001,144.73158,596000.0
-37.8914,144.72014,698000.0
-37.85924,145.00563,500000.0
-37.74125,145.02031000000005,1060500.0
-37.7324,145.00621999999996,990000.0
-37.71377,145.00214,652000.0
-37.70964,145.0171,953000.0
-37.72919,145.00533,468000.0
-37.72357,144.98561999999995,710000.0
-37.69484,145.00853999999995,550000.0
-37.70158,144.99655,725000.0
-37.70646,145.01656,880000.0
-37.709,145.02014,502000.0
-37.72561,145.00922,1175000.0
-37.82201,145.0104,432000.0
-37.82201,145.0104,800000.0
-37.81953,145.24907,710000.0
-37.74694,145.07048,1310000.0
-37.73867,145.07697,855000.0
-37.91713,145.24706,735000.0
-37.94266,145.24662,755000.0
-37.63799,144.92924,537000.0
-38.12477,145.13668,386000.0
-38.10226,145.14459,763000.0
-38.118,145.13015,725000.0
-38.11161,145.15011,768000.0
-37.83863,144.96208,2800000.0
-37.6522,145.09261,345000.0
-37.83613,144.99661,666000.0
-37.84712,144.99967,910000.0
-37.84157,144.98935,401500.0
-37.95743,145.14625,760000.0
-37.7398,144.80348,610000.0
-37.73789,144.78734,550000.0
-37.73986,144.81105,520000.0
-37.6939,145.12899,805000.0
-37.87349,144.9798,470000.0
-37.86566,144.99104,1000000.0
-37.79354,144.8328,860000.0
-37.7864,144.8402,532000.0
-37.79352,144.84318000000005,960000.0
-37.80099000000001,144.81178,630000.0
-37.7944,144.79413,580000.0
-37.70941,144.7873,853000.0
-37.71128,144.80686,704000.0
-37.68159,145.0371,508000.0
-37.76202,145.01772,1236000.0
-37.76105,144.99532,328000.0
-37.84266,145.02355,1140000.0
-37.78466,144.93829,341500.0
-37.70586,144.87947,470000.0
-37.8324,145.20467,1111500.0
-37.85209,145.24268,1214000.0
-37.88009,145.22736,1045000.0
-37.87615,145.23192,622000.0
-37.75079,145.20617,826000.0
-38.01347,145.12675,1265000.0
-37.71298,145.08115,604000.0
-37.71098,145.08926,655000.0
-37.70255,145.08578,740000.0
-37.87975,144.66459,505000.0
-37.89074,144.65677,570000.0
-37.87628,144.66481000000005,453000.0
-37.90423,144.67008,335000.0
-37.80728,144.86702,280000.0
-37.79433,144.88001,955000.0
-37.80735,144.87361,700000.0
-37.81096,144.95147,380000.0
-37.80884,144.95291,1900000.0
-37.67823,144.90001999999996,800000.0
-37.8921,145.19118,1090000.0
-37.86159,144.89926,1920000.0
-37.61944,145.01243,530000.0
-37.81662,144.866,982500.0
-37.81381,144.87438,1400000.0
-37.82116,144.89181000000005,1042000.0
-37.81183,144.88568999999995,1230000.0
-37.81796,144.8681,1005000.0
-37.80586,144.99499,911000.0
-37.80269000000001,145.0001,1190000.0
-37.76027,144.88953999999995,2050000.0
-37.76316,144.89799,1680000.0
-37.75875,144.9027,280000.0
-37.75882,144.9027,310000.0
-37.76111,144.89845,1472000.0
-37.72158,144.8801,454000.0
-37.86317,144.83927,1005000.0
-37.87171,144.81273000000004,820000.0
-37.87057,144.83623,1360000.0
-37.87115,144.8189,950000.0
-37.87019,144.7843,620000.0
-37.84107,144.84179,830000.0
-37.82787,144.84364,730000.0
-37.84384,144.84637,805000.0
-37.83658,144.86199,510000.0
-37.78104,144.80357,645000.0
-37.85549,145.0163,486000.0
-37.78329,144.91842,855000.0
-37.77266,144.9131,1035000.0
-37.77255,144.91213,1310000.0
-37.86162,145.11042,1450000.0
-37.86324000000001,145.10289,1060000.0
-38.01596,145.09932,970000.0
-38.01958,145.12356,840000.0
-37.76518,144.85621,665000.0
-37.7528,144.85585,750000.0
-37.75261,144.85631,800000.0
-37.81675,145.07716000000005,800000.0
-37.81161,145.07622,2400000.0
-37.80218,145.10063,2400000.0
-37.79494,145.06382,2668000.0
-37.80275,145.08411999999996,1750000.0
-37.79497,145.10538,1850000.0
-38.05614,145.38464,670000.0
-37.98453,145.02659,1850000.0
-37.7528,145.04443999999995,906000.0
-37.91722,145.04836,1640000.0
-37.92768,145.04268000000005,1610000.0
-37.91627,145.03892,410000.0
-37.92211,145.0466,1500000.0
-37.9236,145.05913,860000.0
-38.06486,145.35031,775000.0
-38.02621,145.34635,755000.0
-37.81112,145.14043,1020000.0
-37.83574,145.14866,874000.0
-37.78893,144.84652,560000.0
-37.93171,145.03041000000005,620000.0
-37.9135,145.00846,1500000.0
-37.6821,144.92773,1100000.0
-37.6841,144.92818,450000.0
-37.69142,144.93025,560000.0
-37.75887,144.97326,1120000.0
-37.75815,144.97366,1110000.0
-37.7556,144.95729,1260000.0
-37.759,144.96623,1790000.0
-37.77883,144.9776,390500.0
-37.69847,145.0601,800000.0
-37.69264,145.0799,999000.0
-37.7015,145.07548,680000.0
-37.75637,144.77983,750000.0
-37.83856,145.08602,1830000.0
-37.79633,144.97269,920000.0
-37.79213,144.97207,1400000.0
-37.88415,145.0514,796000.0
-37.89347,145.04772,1630000.0
-37.90017,145.05812,1050000.0
-38.07196,145.13036,825000.0
-37.86068,145.01121,610000.0
-37.88923,145.0964,977500.0
-38.04602,145.1191,639000.0
-37.96768,145.07966000000005,1138000.0
-37.97223,145.07895,1050000.0
-37.79443,144.99944,640000.0
-37.74482,144.97499,1285000.0
-37.74978,144.97738,890000.0
-37.79589,144.98863,1080000.0
-37.57186,144.93495,1000000.0
-37.6038,144.9226,607500.0
-37.58242,144.93001,500000.0
-37.58025,144.92088,515000.0
-37.56883,144.90887,510000.0
-37.57635,144.91151000000005,592500.0
-37.59386,144.90008999999995,595000.0
-37.79327,145.28351999999995,1005000.0
-37.98997,145.2254,669000.0
-37.96969,145.21043,880000.0
-37.96543,145.20338999999996,560000.0
-37.94465,145.21236000000005,895000.0
-37.81143,145.07108,710000.0
-37.75907,144.75923999999995,572000.0
-37.719,144.76699,505000.0
-37.72589,144.77991,550000.0
-37.78109,145.13745,1530000.0
-37.78738,145.16033000000004,816000.0
-37.79223,145.14606,1385000.0
-37.80279,145.19974,900000.0
-37.99715,145.23526,472500.0
-37.81177,144.97617,895000.0
-38.0371,145.11717,724000.0
-37.88148,145.00538999999995,1975000.0
-37.88065,145.01112,1200000.0
-37.70318,145.16467,751000.0
-37.87872,144.98894,635000.0
-37.88374,144.98518,630000.0
-37.88678,144.98855,730000.0
-37.62756,145.03364,600000.0
-37.64151,145.02265,410000.0
-37.62894,145.00977,545000.0
-37.75769,144.91051000000004,1620000.0
-37.75547,144.91326999999995,326000.0
-37.7384,144.90485,1535000.0
-37.71532,144.96508,830000.0
-37.88523,145.28553,740000.0
-37.78257,144.93106,505000.0
-37.79919,144.89607,430000.0
-37.79334,144.89128,900000.0
-37.79686,144.908,1000000.0
-37.79221,144.89076,891000.0
-37.83792,145.16573,742000.0
-37.84308,145.168,1011000.0
-38.13805,145.16668,600500.0
-38.16762,145.13545,665000.0
-37.69584,144.89379,645000.0
-37.69148,144.89873,627000.0
-37.85743,145.0468,580000.0
-37.85724,145.04681000000005,519500.0
-37.89919,145.14856,656000.0
-37.89017,145.1652,730000.0
-37.90383,145.17166,1182000.0
-37.88425,145.17031,1500000.0
-37.86954,145.16429,1800000.0
-37.87942,145.17668,1832000.0
-37.88599,145.17031,1000000.0
-37.70691,144.90934,493000.0
-37.70198,144.92166,940000.0
-37.70628,144.92379,435000.0
-37.68989000000001,145.10698,725000.0
-37.63995,144.89022,476500.0
-37.70542,144.95127,741000.0
-37.70325,144.94756999999996,550000.0
-37.94229,145.01306,1930000.0
-37.93487,145.00093,1405000.0
-37.83032,145.03898999999996,500000.0
-37.84139,145.05045,520000.0
-37.82734,145.24487,1270500.0
-37.82536,145.24893,751000.0
-37.74776,145.06217,1515000.0
-37.74798,145.03765,735000.0
-37.74033,145.03696000000005,590000.0
-37.95008,145.03203,1460000.0
-37.94999,145.03122,1535000.0
-37.68974,144.75225,700000.0
-37.86991,144.68607,520000.0
-37.86821,144.69566,650000.0
-37.87185,144.68931,576000.0
-37.89369,145.08354,472000.0
-37.7651,145.03452,880000.0
-37.76758,145.03883000000005,985000.0
-37.68306,144.90928,528000.0
-37.7364,144.82556,590000.0
-37.73936,144.85873999999995,918000.0
-37.73421,144.86831999999995,777000.0
-37.74807,144.86927,880000.0
-37.79413,145.02382,591000.0
-37.72765,144.78107,565000.0
-37.67277,144.59643,362000.0
-37.67195,144.5788,330000.0
-37.66871,145.01,798000.0
-37.6615,145.02761,560000.0
-38.16404,145.18781,447000.0
-38.15575,145.19516000000004,900000.0
-37.78242,144.86955,681000.0
-37.78639,144.88214,1005000.0
-37.78353,144.87233,468000.0
-37.78891,144.87114,650000.0
-37.88354,145.07536000000005,1638000.0
-37.77449,144.88011,640000.0
-37.77117,144.88041,410000.0
-37.64821,144.92526999999995,420000.0
-37.71211,144.57703999999995,375000.0
-37.69467,144.57827,326000.0
-37.71691,144.57108,400000.0
-37.70056,144.57125,412250.0
-37.6773,144.565,371500.0
-37.66916,145.06912,725000.0
-37.80588,145.1981,1101000.0
-37.81521,145.18726999999996,926000.0
-37.77149,144.91552,362000.0
-38.00331,145.09425,309000.0
-37.89289,145.11501,1267000.0
-37.8837,145.11526,611000.0
-37.88043,145.13062,1750000.0
-37.92285,145.18549,755000.0
-37.92829,145.19647,862000.0
-37.93228,145.15827,815500.0
-37.84769,144.87667,1100000.0
-37.73435,144.8768,1130000.0
-37.74266,144.88577,1006000.0
-37.96903,145.18999,445000.0
-37.96318,145.18962,650000.0
-37.79831,144.94261,465000.0
-37.77651,144.99074,1290000.0
-37.76588,144.99731,1335000.0
-37.7662,144.99907,352500.0
-37.76631,145.01699,1875000.0
-37.91917,145.08807,1390000.0
-38.07583,145.43698,643500.0
-37.72136,144.92932,541000.0
-37.71865,144.95018000000005,510000.0
-37.72219000000001,144.92559,550000.0
-37.72773,144.92628,580000.0
-37.72998,144.94138,706000.0
-37.83529,144.93749,559000.0
-37.85973,145.00925,570000.0
-37.74495,144.99322,250000.0
-37.74144,144.99326000000005,392000.0
-37.74679,145.01394,505000.0
-37.73724,145.00984,980000.0
-37.7216,145.0178,495000.0
-37.71766,145.00132,320000.0
-37.73012,145.02652,617500.0
-37.72556,144.99021000000005,1282500.0
-37.70559,144.9902,760500.0
-37.81828,144.99788999999996,419000.0
-37.82458,144.99767,1590000.0
-37.817,144.99553999999995,592000.0
-37.82324000000001,144.99174,1667500.0
-37.813,144.99303,685000.0
-37.794,145.24636,882500.0
-37.79638,145.24268,910000.0
-37.82268,145.25058,777000.0
-37.63528,144.93117,510000.0
-37.95035,145.01571,1651000.0
-37.95265,145.02045,770000.0
-37.89496,145.23404,1040000.0
-37.88992,145.22123,1120000.0
-37.80618,144.89057,886000.0
-37.63556,145.06679,601000.0
-37.63947,145.08562,810000.0
-37.62166,145.06747,945000.0
-37.64027,145.08745,500000.0
-37.83564000000001,144.97728999999995,747500.0
-37.83547,144.98844,420000.0
-37.83863,144.99379,460000.0
-37.84018,145.00265,1340000.0
-37.94302,145.15478000000004,580000.0
-37.98031,145.15497,700000.0
-37.73348,144.79564,627000.0
-37.87223,144.98046000000005,360000.0
-37.86756,144.98303,530000.0
-37.86761,144.98337,533000.0
-37.86545,144.98126000000005,1180000.0
-37.73051,144.91731,1220000.0
-37.56935,144.7241,500000.0
-37.57532,144.71058,438000.0
-37.79337,144.8418,910000.0
-37.76508,144.83629,650000.0
-37.76812,144.82528,595000.0
-37.78666,144.8109,710000.0
-37.79573,144.79311,615000.0
-37.78945,144.80062,859000.0
-37.83273,145.08812,2225000.0
-37.82559000000001,145.11236,1950000.0
-37.82611,145.0911,2550000.0
-37.82794000000001,145.09332,830000.0
-37.69106,144.75853999999995,740000.0
-37.70686,144.76989,620000.0
-37.867,144.65618,463500.0
-37.83353,144.67324,530000.0
-37.85037,144.66179,446000.0
-37.71364000000001,144.76031,520000.0
-37.7117,144.75204,530000.0
-37.71152,144.75283000000005,725500.0
-37.70841,144.79699,688000.0
-37.70894000000001,144.80205,630000.0
-37.6899,144.78346000000005,800000.0
-37.69394000000001,144.7795,760000.0
-37.69503,144.77868999999995,502000.0
-37.7584,145.16128,1275000.0
-37.76084,145.12675,1300000.0
-37.76846,145.11183,1215000.0
-37.76941,145.12123,1320000.0
-37.75671,145.11401,731000.0
-37.68164,144.99768999999995,651000.0
-37.6819,145.02293999999995,631000.0
-37.68107,145.03393,715500.0
-37.75358,144.98533999999995,1110000.0
-37.83241,145.00705,735000.0
-37.84139,145.00678,920000.0
-37.84157,145.00468999999995,350000.0
-37.70321,144.87972,822000.0
-37.84034000000001,145.2022,988000.0
-37.86288,145.25077,855000.0
-37.87345,145.22973000000005,630000.0
-37.717,145.08891,830000.0
-37.69872,145.08743,710000.0
-37.69821,145.08995,850000.0
-37.8889,144.65743999999995,383000.0
-37.91807,144.63816,463000.0
-37.89415,144.64143,471500.0
-37.88702,144.66101,412500.0
-37.88666,144.66149,452000.0
-37.91859,144.64143,665000.0
-37.89444,144.65591,485000.0
-37.89556,144.64268,510000.0
-37.79638,144.87911,850000.0
-37.792,144.86856,915000.0
-37.90213,145.18444,1591000.0
-37.90893,145.18489,1490000.0
-37.85414,144.89561,1440000.0
-37.60983,145.03874,400000.0
-37.65391,145.37389,620000.0
-37.82333,144.87955,900000.0
-37.81845,144.87464,1407000.0
-37.81736,144.89133,1044000.0
-37.7325,144.88272,780000.0
-37.74306,144.76679,555000.0
-37.78141,144.82461999999995,613000.0
-37.77956,144.82519,340000.0
-37.77856,144.82443,580000.0
-37.77713,144.79746,627000.0
-37.85889,145.01989,380000.0
-37.85749000000001,145.01735,631500.0
-37.7783,144.90876,1185000.0
-37.86096,145.10026000000005,1540000.0
-38.02848,145.10181,1510000.0
-37.806,145.09511,3812000.0
-37.80345,145.07969,1450000.0
-37.79386,145.06746,1600000.0
-37.78245,145.09273000000005,950000.0
-37.79466,145.06564,1755000.0
-37.84291,145.25545,606000.0
-38.04668,145.36938999999995,537000.0
-37.98214,145.05175,900000.0
-37.97383,145.04525,1500000.0
-37.91648,145.04927,1435000.0
-37.91051,145.07138999999995,592000.0
-37.91155,145.076,900000.0
-37.9145,145.05899,1780000.0
-37.91289,145.08065,1260000.0
-38.03517,145.33886,620000.0
-37.97853,145.0175,600000.0
-37.97287,145.01648,1215000.0
-37.8321,145.14444,615000.0
-37.85981,145.25475,790000.0
-37.8476,145.29493,770000.0
-37.81995,145.13089,1831000.0
-37.78062,144.84803,800000.0
-37.89569,144.99881000000005,845000.0
-37.91814,144.99297,495000.0
-37.92545,145.00277,760000.0
-37.92894,145.00341,1240000.0
-37.69265,144.92653,586000.0
-37.67641,144.91435,706000.0
-37.68983,144.93499,550000.0
-37.69104,144.54532,456000.0
-37.82001,144.84245,555000.0
-37.75715,144.96823999999995,650000.0
-37.76861,144.96848,1080000.0
-37.7784,144.97404,620000.0
-37.77818,144.97412,683000.0
-37.77169,144.97557,501000.0
-37.77887,144.97797,615000.0
-37.76695,144.98203999999996,1220000.0
-37.77279,144.94069,1150000.0
-37.75201,144.9336,400000.0
-37.85156,145.13054,1750500.0
-37.85377,145.15511999999995,835000.0
-37.76048,144.78847,640000.0
-37.84143,145.08705,1280000.0
-37.84115,145.0743,2400000.0
-37.83473,145.05698,682000.0
-37.84403,145.09545,2500000.0
-37.83227,145.06325,682000.0
-37.84237,145.09257,600800.0
-37.79633,144.97269,920000.0
-37.78829,144.97476,1690000.0
-37.88866,145.06305,680000.0
-37.88506,145.06411,316000.0
-37.89178,145.0539,1151000.0
-37.73868,144.7325,518000.0
-38.07912,145.12965,625000.0
-38.09798,145.18737,480000.0
-37.87883,145.09741,1050000.0
-38.05635,145.11836,750000.0
-38.03335,145.13212,835500.0
-37.9641,145.06547,1740000.0
-37.96718,145.07681000000005,560000.0
-37.96304,145.06421,751000.0
-37.93759,145.10028,976000.0
-37.79274,144.99863,1662500.0
-37.78791,145.00588,591000.0
-37.74945,144.96737,650000.0
-37.74892,144.95758999999995,1400000.0
-37.73883,144.95321,996000.0
-37.75287,144.97743,430000.0
-37.72165,144.95853,1011000.0
-37.73323,144.98228,770000.0
-37.73156,144.97087,830000.0
-37.66508,144.93506000000005,455000.0
-37.59392,144.89956,510000.0
-37.58505,144.93591999999995,590000.0
-37.58739,144.92619,390000.0
-38.07202,145.27369,500000.0
-37.79578,145.27461,1150000.0
-37.79115,145.28337,745000.0
-37.78444,145.30267,928000.0
-37.77791,145.26912,1020000.0
-37.96769000000001,145.21732,617000.0
-37.79244,145.12021,1420000.0
-37.79509,145.15591,1120000.0
-37.7746,145.15141,1655000.0
-37.78177,145.15818000000004,970000.0
-37.77746,145.17161000000004,1225000.0
-37.7626,145.17126000000005,1120000.0
-37.77859,145.15755,1460000.0
-37.58279,145.12171999999995,500000.0
-37.6038,145.10958,531000.0
-37.99581,145.24098,508000.0
-37.99608,145.23587,450000.0
-37.76457,145.06555,3300000.0
-38.03227,145.11758999999995,700000.0
-37.88295,145.00083,834500.0
-37.70338,145.1333,850000.0
-37.70697,145.14105,920000.0
-37.7068,145.13232,850000.0
-37.87307,144.98635,930000.0
-37.87449,144.99059,720000.0
-37.87472,144.98235,1035000.0
-37.88617,144.9833,1820000.0
-37.88465,144.99177,710000.0
-37.88351,144.99202,715000.0
-37.93064,145.4453,655000.0
-37.98418,145.27178,630000.0
-37.98873,145.27019,1015000.0
-37.98841,145.26001000000005,676000.0
-37.96837,145.25176000000005,580000.0
-37.63762,145.03538999999995,658000.0
-37.63169,145.03135,500000.0
-37.62882000000001,145.00978999999995,560000.0
-37.65151,145.02815,503000.0
-37.75465,144.9107,468000.0
-37.74093,144.89279,1002000.0
-37.75485,144.9119,1315000.0
-37.7498,144.91228,550000.0
-37.74473,144.90238,1875000.0
-37.77662,145.02288,1800000.0
-37.71313,144.97248000000005,661000.0
-37.87768,145.25918,861000.0
-37.89766,145.29185,760000.0
-37.89508,145.27879,890000.0
-37.80474,144.9021,370000.0
-37.79462,144.89385,957000.0
-38.13275,145.13099,266000.0
-38.16147,145.14285,680000.0
-38.14016,145.13583,655000.0
-38.11984,145.16208999999995,570000.0
-38.16227,145.1208,945000.0
-37.88937,145.04038,450000.0
-37.84914000000001,145.06421,1908000.0
-37.85448,145.0485,955000.0
-37.88927,145.18548,1200000.0
-37.89928,145.1474,1130000.0
-37.70768,144.92586,820000.0
-37.69912,144.90996,760000.0
-37.70425,144.93164,680000.0
-37.69865,144.91733,629500.0
-37.70606,144.89412,900000.0
-37.69646,145.12163,770000.0
-37.68433,145.11018,887500.0
-37.70077,145.12743,900000.0
-37.71177,144.94781,860000.0
-37.83197,145.04306,580000.0
-37.81494,145.01744,840000.0
-37.81628,145.02125,1460000.0
-37.82465,145.05092,400000.0
-37.83637,145.24246000000005,901000.0
-37.74897,145.07023999999996,835000.0
-37.9526,145.04207,1257000.0
-37.94775,145.02379,1200000.0
-37.9461,145.02432,1030000.0
-37.94691,145.04935,1260000.0
-37.94633,145.04947,1200000.0
-37.94763,145.02716999999996,1150000.0
-37.70428,144.74705,485000.0
-37.68104,144.74608,618350.0
-37.87447,144.66771,540000.0
-37.90904000000001,145.10903000000005,990000.0
-37.76231,145.05138,2250000.0
-37.77671,145.04005,2530000.0
-37.68907,144.91459,620500.0
-37.75166,144.87552,1475000.0
-37.72224,144.85738999999995,750000.0
-37.72285,144.86073000000005,765000.0
-37.79818,144.92685,445000.0
-37.79741,144.92614,501000.0
-37.7956,144.92779,1060000.0
-37.81614,145.05056000000005,1405000.0
-37.80437,145.01725,3015000.0
-37.79589,145.05223,1500000.0
-37.9884,145.15925,745000.0
-37.99432,145.16143,725000.0
-37.80893,144.87878,216000.0
-37.88309,145.24917,1070000.0
-37.66195,144.59785,375000.0
-37.66612,145.0008,444000.0
-37.67024,145.03644,544000.0
-37.66101,145.02568,580500.0
-37.66781,145.00926,710000.0
-37.67427,145.02961000000005,700000.0
-38.13673,145.21616,565500.0
-37.72608,145.12115,1129000.0
-37.78502,144.86733,670000.0
-37.78133,144.86768,821000.0
-37.64992,144.91883,360000.0
-37.65168,144.91868,510000.0
-37.80802,144.96168,565000.0
-37.81351,144.96908,540000.0
-37.71195,144.57235,300000.0
-37.70228,144.57688000000005,385000.0
-37.67396,144.55784,427500.0
-37.97836,145.07303000000005,641000.0
-37.6764,145.05085,668000.0
-37.66898,145.07209,650000.0
-37.6745,145.05491,490000.0
-37.65639,145.06518,800000.0
-37.66683,145.07751000000005,955000.0
-37.66726,145.05819,635000.0
-37.82335,145.11358,943000.0
-37.76261,144.93249,1400000.0
-37.76321,144.91958,1245000.0
-37.93793,145.04048,920000.0
-37.7753,145.31266000000005,696000.0
-38.00765,145.0935,600000.0
-37.87735,145.13357,1635000.0
-37.86198,145.139,1406000.0
-37.85858,145.12053,1640000.0
-37.93168,145.16126,9000000.0
-37.9128,145.16152,1001000.0
-37.92299000000001,145.19156,1030000.0
-37.89563,145.06992,540000.0
-37.89801,145.07103999999995,910000.0
-37.89022,145.07333,295000.0
-37.88800000000001,145.07123,1965000.0
-37.83712,144.86686,950000.0
-37.84212,144.88211,582000.0
-37.962,145.18035,695000.0
-37.79773,144.94611,681000.0
-37.80304,144.95614,1803000.0
-37.78024,144.99289,950000.0
-37.76433,145.00813,1610000.0
-37.7631,144.99884,1515000.0
-37.82577,145.17896000000005,725000.0
-37.82923,145.1744,813000.0
-37.71652,144.92268,545000.0
-37.71979,144.92341000000005,1300000.0
-37.71652,144.91211,1260000.0
-37.7204,144.9143,921000.0
-37.9123,145.09736999999996,1250000.0
-37.93869,145.08441000000005,840000.0
-37.99336,145.08953,1350000.0
-37.72136,144.92932,541000.0
-37.73199,144.93395,565000.0
-37.71962,144.94756,840000.0
-37.7327,144.92966,940000.0
-37.91269000000001,144.73946,620000.0
-37.90622000000001,144.74946,801000.0
-37.83446,144.94021,1722500.0
-37.83789,144.93833999999995,2730000.0
-37.83424,144.94572,1030000.0
-37.84968,144.99389,520000.0
-37.74684,144.9933,1485000.0
-37.73526,144.99508,1350000.0
-37.73379,144.99053999999995,905000.0
-37.75371,145.01963999999995,1045000.0
-37.70433,145.02068,905000.0
-37.73019,145.01712,875000.0
-37.69505,144.98126000000005,670000.0
-37.69372,144.98058,605000.0
-37.71045,145.0018,672000.0
-37.82009,145.0038,660000.0
-37.81179,145.00351,1310000.0
-37.8211,144.99896,666000.0
-37.81317,145.00834,330000.0
-37.83305,144.99745,927000.0
-37.82328,144.99203,575500.0
-37.81289,145.24213,1400000.0
-37.79682,145.21731,850000.0
-37.79465,145.2244,1005000.0
-37.87827,144.99752,558500.0
-37.62464,144.9345,393200.0
-37.63544,144.93274,460000.0
-37.62584,144.92506,490000.0
-37.96,145.02068,1660000.0
-37.95882,145.02138,1235000.0
-37.87896,144.75473,590000.0
-38.10052,145.13397,870000.0
-38.09683,145.12981000000005,880000.0
-37.86007,144.84578,312000.0
-37.80473,144.89095,945000.0
-37.83172,144.86683,730000.0
-37.83381,144.96287,2200000.0
-37.83326,144.95463999999996,980000.0
-37.62614,145.06723,561000.0
-37.65621,145.0939,612000.0
-37.65498,145.08712,690000.0
-37.83613,144.99661,1090000.0
-37.84679000000001,145.00206,570000.0
-37.83631,145.00181,555000.0
-37.82618,144.96891000000005,732000.0
-37.85984000000001,144.9867,481000.0
-37.85911,144.97899999999996,600000.0
-37.57063,144.70693,360000.0
-37.57816,144.73431000000005,597000.0
-37.58442,144.75565,475000.0
-37.57499,144.75329,495000.0
-37.78871,144.81368999999995,695000.0
-37.79135,144.79948000000005,760000.0
-37.80118,144.80996000000005,583500.0
-37.83358,145.09884,1050000.0
-37.70525,144.75699,585000.0
-37.70892,144.80087,685000.0
-37.70458,144.79505,693000.0
-37.76311,145.10494,1245000.0
-37.77404,145.11703,2000000.0
-37.67908,145.02095,867000.0
-37.68199,145.01744,407000.0
-37.67681,145.00323,590500.0
-37.75884,145.00264,1000000.0
-37.75948,144.99615,891000.0
-37.70322,144.88236,615500.0
-37.69815,144.88019,300000.0
-37.84839,145.24191000000005,908000.0
-37.85297,145.23815,850000.0
-37.85636,145.23684,1200000.0
-37.87846,145.24212,1310000.0
-37.8789,145.24262,930000.0
-37.71607,145.07884,686000.0
-37.7002,145.08434,755000.0
-37.90379,144.66165,678000.0
-37.89359,144.66911000000005,645000.0
-37.89337,144.64003,482500.0
-37.87895,144.6707,394000.0
-37.89402000000001,144.66276000000005,597000.0
-37.79458,144.87271,1300000.0
-37.67841,144.87923999999995,821000.0
-37.68026,144.88468,635000.0
-37.91636,145.17581,1095000.0
-37.51232,145.13282,601000.0
-37.86558,144.90474,1050000.0
-37.85588,144.89936,385000.0
-37.86335,144.89487,1285000.0
-37.85581,144.99025,560000.0
-37.61387,145.0385,525300.0
-37.81649,144.86731,750000.0
-37.81038,144.89389,2450000.0
-37.75788,144.90487,1436000.0
-37.78345,144.82295,905000.0
-37.77928,145.02993,1680000.0
-37.8614,144.81931,913000.0
-37.87063,144.77632,590000.0
-37.83511,144.84905,1070000.0
-37.85249,145.02091,5100000.0
-37.8528,145.02684,820000.0
-37.77215,144.91144,985000.0
-37.87078,144.99898000000005,600000.0
-37.80273,145.08392,1785000.0
-37.7883,145.07805,2650000.0
-37.79066,145.09004,1951000.0
-37.80235,145.09311,1950000.0
-37.85063,145.25802,824000.0
-37.93206,145.07929,1216000.0
-37.91567,145.05357,1575000.0
-37.91506,145.07121,1470000.0
-38.06508,145.35416999999995,975000.0
-37.97359,145.01883999999995,1950000.0
-37.80347,145.1427,1160000.0
-37.80815,145.15441,1375000.0
-37.80752,145.14878000000004,1320000.0
-37.8164,145.12964,2831000.0
-37.82756,145.11897,1820000.0
-37.70924,145.11412,610000.0
-37.89544,145.00279,5500000.0
-37.90953,145.0155,2515000.0
-37.92416,145.00658,817500.0
-37.91166,145.02265,1590000.0
-37.92066,145.01629,1775000.0
-37.69404,144.91763999999995,673000.0
-37.77394,144.96317,1200000.0
-37.76806,144.9598,800000.0
-37.77221,144.97537,1023000.0
-37.69669,145.04515,680000.0
-37.70861,145.05691000000004,814000.0
-37.70603,145.05423000000005,715000.0
-37.75225,144.7552,657500.0
-37.85793,145.13925,930000.0
-37.84457,145.06218,4060000.0
-37.84197,145.09374,692500.0
-37.78406,144.97494,1520000.0
-37.88376,145.04476,1609000.0
-37.95499,145.06775,1295000.0
-37.93524,145.1306,575000.0
-37.78888,145.00036,1436000.0
-37.74192,144.95096999999996,1055000.0
-37.75089000000001,144.94833,1080000.0
-37.74513,144.95458,1210000.0
-37.73615,144.97455,631000.0
-37.72525,144.96583,926000.0
-37.65532,144.93393,457000.0
-37.57008,144.90388000000004,505000.0
-37.79725,145.29651,730000.0
-37.80618,145.27755,1005000.0
-37.77473,145.26256,790000.0
-37.78028,145.26581000000004,931000.0
-37.76653,145.29163,857000.0
-37.66781,144.93809,477000.0
-37.98383,145.20342,500000.0
-37.98096,145.22621,510000.0
-37.95135,145.19806,632000.0
-37.68001,145.16,950000.0
-37.96746,145.12788,955000.0
-37.78145,145.13598000000005,1375000.0
-37.78151,145.12515,1820000.0
-37.79507,145.15913999999995,1482000.0
-37.80126,145.1665,1470000.0
-37.79545,145.15372,1175000.0
-37.78758,145.16792,1381000.0
-37.78693,145.16384,1620000.0
-37.79056,145.17512,1171000.0
-37.59589,145.11364,555000.0
-37.70519,145.13315,881017.0
-37.87571,144.98702,670000.0
-37.65256,145.04093,652000.0
-37.63923,145.05306000000004,557500.0
-37.74588,144.92700000000005,1185000.0
-37.7554,144.92351000000005,2100000.0
-37.74424000000001,144.89149,900000.0
-37.74212,144.89256,1500000.0
-37.73594,144.89928999999995,801000.0
-37.77788,145.01963999999995,1492000.0
-37.70982,144.96397,515000.0
-37.87558,145.27196999999995,760000.0
-37.80475,144.98228,2300000.0
-37.78128,144.92325,1090000.0
-37.78365,144.93015,1500000.0
-37.79949000000001,144.88487,810000.0
-37.83633,145.16873,730000.0
-38.15675,145.12707,695000.0
-38.13954,145.13086,938000.0
-38.16457,145.12421,1155000.0
-38.15984,145.10884,1905000.0
-37.68416,144.8895,680000.0
-37.6927,144.89395,670000.0
-37.69485,144.89092,650000.0
-37.68247,144.88446000000005,670000.0
-37.85223,145.08676,1300000.0
-37.85541,145.0639,2825000.0
-37.8616,145.06801000000004,1770000.0
-37.85875,145.08441000000005,1910000.0
-37.85341,145.09188999999995,1850000.0
-37.86521,145.07034,2152500.0
-37.86248,145.06682,1160000.0
-37.89291,145.15399,791000.0
-37.8717,145.17266999999995,1370000.0
-37.70239,144.91289,815000.0
-37.7022,144.92241,835000.0
-37.70608,144.92541,830000.0
-37.70189,144.93294,815000.0
-37.69836,144.93891000000005,780000.0
-37.70207,144.89805,635000.0
-37.71825,145.09488000000005,700000.0
-37.65467,144.9035,797000.0
-37.94437,145.00288,2675000.0
-37.94088,145.0145,1900000.0
-37.93571,145.0153,2260000.0
-37.95188,145.05369,832000.0
-37.85638,144.70671000000004,610000.0
-37.87552,144.69648,555000.0
-37.9028,145.10605,1080000.0
-37.73726,144.82998,750000.0
-37.75035,144.86431000000005,1010000.0
-37.80894,145.05853000000005,3060000.0
-37.80127,145.03733,1690000.0
-37.79459,145.03921,1600000.0
-37.66075,145.01133000000004,685000.0
-37.65936,144.9967,715000.0
-37.66613,145.01346999999996,685500.0
-37.78538,144.87958999999995,722000.0
-37.87811,145.07778000000005,1430000.0
-37.78606,144.88459,983000.0
-37.65465,144.92182,560000.0
-37.64023,144.91398999999996,482000.0
-37.68217,144.56926,460000.0
-37.68146,144.57106000000005,430000.0
-37.66745,144.55857,438000.0
-37.98368,145.09237,900000.0
-37.98329,145.0918,960500.0
-37.97459,145.06937,840000.0
-37.76285,144.90575,1210000.0
-37.76306,144.92851000000005,1450000.0
-37.94253,145.05911,1188000.0
-38.00663,145.08491999999995,1300000.0
-37.87834,145.12131000000005,1800000.0
-37.93211,145.18955,650000.0
-37.92979,145.2036,1105000.0
-37.84399000000001,144.89125,1180000.0
-37.84815,144.86866,940000.0
-37.73612,144.88474,1370000.0
-37.74269,144.88607,1215000.0
-37.74016,144.88805,1300000.0
-37.80318,144.94513,1100000.0
-37.80452,144.95718,1425000.0
-37.79614,144.94248000000005,1550000.0
-37.77816,144.99995,1386000.0
-37.76969,145.00718,1700000.0
-37.9073,145.0962,1150000.0
-37.92021,145.10442,1140000.0
-37.90422,145.02827,2110000.0
-37.99806,145.08829,1320000.0
-37.99515,145.08222,672000.0
-37.72304000000001,144.92864,676000.0
-37.72184,144.92969,500000.0
-37.72777,144.9339,1010000.0
-37.71746,144.92955,1375000.0
-37.9105,144.73457,540000.0
-37.84079000000001,144.94002,820000.0
-37.83509,144.94224,1764000.0
-37.83247,144.94212,2625000.0
-37.85491,145.00373000000005,1400000.0
-37.69693,145.0079,750000.0
-37.72747,145.00035,861000.0
-37.72924,145.02981,612500.0
-37.70931,145.01434,906000.0
-37.69968,145.0054,758000.0
-37.72328,145.01862,900000.0
-37.72422,145.00141000000005,762000.0
-37.82483,145.00111,2368000.0
-37.82136,145.22496999999996,1120000.0
-37.61419,144.93448,570000.0
-37.62554,144.92006,515000.0
-37.83704,144.95606,1137000.0
-37.83652,144.98522,860000.0
-37.9484,145.15663,1080000.0
-37.97291,145.15334,850000.0
-37.74845,144.8144,645000.0
-37.71965,144.90831,1280000.0
-37.57029,144.71163,570000.0
-37.56284,144.71187,540000.0
-37.58196,144.71066000000005,482000.0
-37.58319,144.73685,662000.0
-37.76899,144.82525,640000.0
-37.76701,144.84444,732500.0
-37.79128,144.82362,713500.0
-37.71254,144.80836000000005,705000.0
-37.75968,145.02305,1375000.0
-37.76343,145.02096,900000.0
-37.6966,144.87746,782000.0
-37.7396,145.22218999999996,1420000.0
-37.87215,144.65608,630000.0
-37.88639000000001,144.6555,490500.0
-37.89152,144.68345,510000.0
-37.80782,144.86586,660000.0
-37.80557,144.94648999999995,1460000.0
-37.90248,145.187,1223000.0
-37.91101,145.17293,950000.0
-37.89856,145.17682,1206000.0
-37.90306,145.18171,1678000.0
-37.86338,144.88322,1630000.0
-37.8567,144.99665,1525000.0
-37.8195,144.88908,890000.0
-37.75629,144.90626,1195000.0
-37.72812,144.88735,1000001.0
-37.7218,144.88391,1064000.0
-37.77933,144.81679,675000.0
-37.7753,145.0267,1170000.0
-37.86933,144.81704,458000.0
-37.7822,144.92042,870000.0
-37.78344,144.92183,870000.0
-37.87042,145.08099,1550000.0
-38.01908,145.09702,780000.0
-38.01909000000001,145.1125,880000.0
-37.67379,144.89826000000005,640000.0
-37.80563,145.10304,2750000.0
-37.79609,145.08478,1950000.0
-37.78971,145.09546,2000000.0
-37.82778,145.28958,900000.0
-37.99007,145.03588,1750000.0
-37.97289,145.05078999999995,1354000.0
-37.92716,145.03778,1532000.0
-37.91637,145.05177,2151000.0
-37.97951,145.02515,1720000.0
-37.9757,145.02535,2000000.0
-37.81231,145.1642,1390000.0
-37.80096,145.1488,1151000.0
-37.78481,144.8623,834500.0
-37.69103,144.91857,649000.0
-37.68563,144.92998,753000.0
-37.75918,144.94829,875000.0
-37.75465,144.94144,1250000.0
-37.75772,144.94349,1225000.0
-37.77892,145.09281,980000.0
-37.67998,145.07345,758000.0
-37.84248,145.10181,1750000.0
-37.82875,145.08403,3130000.0
-37.79667,144.97204,1263000.0
-37.79294,144.97283000000004,800000.0
-37.78791,144.96938,1065000.0
-37.7899,144.97111999999996,950000.0
-37.96258,145.08038,948000.0
-37.93086,145.11073000000005,850000.0
-37.93539000000001,145.11986000000005,985000.0
-37.95988,145.13279,1250500.0
-37.94128,145.11406000000005,805000.0
-37.79158,144.99586000000005,1320000.0
-37.75392,144.97468999999995,1326000.0
-37.80236,144.98481999999996,1250000.0
-37.61114,144.93683,595000.0
-37.82647,144.99264,1200000.0
-37.7687,144.75833,589000.0
-37.79691,144.7669,630000.0
-37.67515,145.1655,745000.0
-37.98145,145.12833999999995,952000.0
-37.77109,145.1338,1255000.0
-37.78133,145.10833,1540500.0
-37.78649,145.16773999999995,1209000.0
-37.78658,145.16086,1730000.0
-37.79348,145.15241,1510000.0
-37.76888,145.17044,1600000.0
-37.80528,145.19057,718500.0
-37.5875,145.11883999999995,481000.0
-37.71513,145.15323999999995,566000.0
-37.68739,145.14437,950000.0
-37.87614,144.99081,1400000.0
-37.87816,144.99069,1450000.0
-37.63011,145.02936,375000.0
-37.64372,145.03761,641000.0
-37.64888,145.02313,291000.0
-37.74635,144.9229,993000.0
-37.88393,145.26225,820000.0
-37.89555,145.27625,797000.0
-37.79662,144.9791,1750000.0
-37.78449000000001,144.93482,820000.0
-37.78363,144.92997,1225000.0
-37.79047,144.88289,800000.0
-38.1386,145.12142,1010000.0
-38.16475,145.1345,830000.0
-37.50624000000001,144.58133999999995,690000.0
-37.49674,144.62618,780000.0
-37.69271,144.891,660000.0
-37.68899,144.88273,625000.0
-37.86578,145.06886,2200000.0
-37.85855,145.07775,3000000.0
-37.85557,145.06534,3200000.0
-37.85698,145.04686,965000.0
-37.87738,145.18083,1790000.0
-37.89868,145.14635,1170000.0
-37.90317,145.16607,1320000.0
-37.89891,145.15341,1320000.0
-37.87432,145.18766000000005,1152000.0
-37.70234,144.92123,932000.0
-37.70175,144.93578,605000.0
-37.7008,145.09974,1000000.0
-37.70444000000001,144.95273999999995,750000.0
-37.94435,145.00927,1850000.0
-37.81753,145.01988,1670000.0
-37.82425,145.05552,2710000.0
-37.83277,145.04373,1768000.0
-37.82507,145.24058,1165000.0
-37.83481,145.23238999999995,920000.0
-37.83145,145.22826,932000.0
-37.73799,145.0522,811000.0
-37.94957,145.0246,1550000.0
-37.69144,144.74643,805000.0
-37.8835,144.68447,510000.0
-37.637,145.20166,600000.0
-37.77536,145.06295,1535000.0
-37.71296,144.82223,678500.0
-37.72086,144.79399999999995,720000.0
-37.74872,144.87558,1210000.0
-37.74375,144.87487,1188000.0
-37.73514,144.86778,1031100.0
-37.73951,144.86798000000005,1076500.0
-37.69727,144.79371,680000.0
-37.79793,145.03833999999995,1950000.0
-37.79733,145.06047,1700000.0
-37.79349000000001,145.04611,2000000.0
-37.78896,145.04728,1655000.0
-37.79187,145.0487,1980000.0
-37.81045,144.87311,915000.0
-37.81196,144.88208999999995,1100000.0
-37.66649,145.0125,685000.0
-37.66486,145.02014,741000.0
-37.78947,144.88105,865000.0
-37.86115,145.03217,1510000.0
-37.87427,145.05014,2525000.0
-37.87742,145.06162,1902000.0
-37.64343,144.91193,473000.0
-37.71077,144.57198,410000.0
-37.97904000000001,145.06385,875000.0
-37.60686,145.08615,720000.0
-37.84908,144.95753,6400000.0
-37.8503,144.96376,1500000.0
-37.65027,145.06136,710000.0
-37.67217,145.0642,757000.0
-37.81338,145.18551000000005,1200000.0
-37.81059000000001,145.18975,1237000.0
-37.81452,145.10884,850000.0
-37.76464,144.91035,1205000.0
-37.75947,144.92542,1240000.0
-37.78329,145.32271,720000.0
-37.92509,145.16754,888000.0
-37.90584000000001,145.06169,922000.0
-37.84445,144.87966,1567000.0
-37.84471,144.86594,980000.0
-37.74101,144.88478,1370000.0
-37.72548,145.20868000000004,902000.0
-37.77986,145.00772,1341500.0
-37.76917,144.98606,1685000.0
-37.90706,145.09524,1495000.0
-37.93409000000001,145.08383,1110000.0
-37.90491,145.04568,1103000.0
-37.99323,145.0744,1630000.0
-37.98616,145.08139,1230000.0
-37.73366,144.94321000000005,850000.0
-37.83467,144.92775,1631000.0
-37.83981,144.9364,1845000.0
-37.83509,144.94286,1000000.0
-37.85553,145.00261,1475000.0
-37.85793,145.00734,1650000.0
-37.73787,145.0229,1072500.0
-37.73027,145.00189,920000.0
-37.70486,145.01169,750000.0
-37.7197,144.99295,755000.0
-37.69573,145.01689,680000.0
-37.70846,145.03038999999995,870000.0
-37.81384,145.00358,1525000.0
-37.8264,145.00935,1200000.0
-37.81894000000001,145.01314,592000.0
-37.80902,145.23561,1040000.0
-37.80103,145.25368,800000.0
-37.78929,145.2458,1050000.0
-37.74586,145.07392,1800000.0
-37.61562,144.92606,580500.0
-37.94804,145.00756,2700000.0
-37.95185,145.01859,2290000.0
-37.94953,145.00607,2220000.0
-37.94901,145.01167,1725000.0
-38.09864,145.13128999999995,770000.0
-37.83423,144.95243,1355000.0
-37.83474,144.96917,1210000.0
-37.83745,144.95459,1180000.0
-37.83606,144.95164,970000.0
-37.6366,145.07226,540000.0
-37.84324,144.99933,1360000.0
-37.84401,144.99839,1460000.0
-37.57281,144.70015,388000.0
-37.58562,144.71581,493000.0
-37.57367,144.71842,498500.0
-37.77388,144.84368999999995,770000.0
-37.82191,145.09212,3625000.0
-37.76918,145.10445,1585000.0
-37.67522,145.01554,931000.0
-37.85298,145.23935,925000.0
-37.88153,145.23003,1155000.0
-38.01345,145.1342,1232000.0
-37.89302,144.65938,595000.0
-37.89463,144.66857,621000.0
-37.67332,144.9022,616000.0
-37.85265,144.89376,1470000.0
-37.85556,144.99063,810000.0
-37.60949,145.0382,420000.0
-37.61729,145.0238,730000.0
-37.82413,144.87513,826000.0
-37.8215,144.89614,800000.0
-37.81284,144.89158999999995,1100000.0
-37.7609,144.89886,1650000.0
-37.84662,144.95675,1960000.0
-37.87182,144.816,1248500.0
-37.82872,144.84558,1001000.0
-37.84476,144.8472,770000.0
-37.86109,145.01994,1715000.0
-37.85335,145.01698000000005,1450000.0
-37.87,145.08803,1555000.0
-38.02094,145.09736999999996,1300000.0
-38.02105,145.11982,870000.0
-37.77091,144.86571,470000.0
-37.80576,145.06978999999995,2730000.0
-37.80245,145.07963,2350000.0
-37.79681,145.06903,905000.0
-37.97775,145.02754,3778000.0
-37.98667,145.02796,2030000.0
-37.92098,145.02422,2210000.0
-37.93031,145.03816,1450000.0
-37.90609,145.0551,1520000.0
-37.92041,145.07901,1070000.0
-37.82665,145.1518,1900000.0
-37.82942,145.16714,1850000.0
-37.82378,145.13778,1040000.0
-37.84307,145.13419,1100000.0
-38.06189000000001,145.11766,1830000.0
-37.86205,145.25333,700000.0
-37.82132,145.12891000000005,1725000.0
-37.78311,144.85331000000005,840000.0
-37.88879,144.99833,1342000.0
-37.91414,145.00527,1960000.0
-37.90192,145.00094,2410000.0
-37.7697,144.96866,911000.0
-37.77761,144.96832,640000.0
-37.75792,144.97218,1820000.0
-37.77685,144.95188000000005,170000.0
-37.76766,144.97638,1265000.0
-37.75995,144.97413,950000.0
-37.77592,145.09714,1225000.0
-37.68591,145.07825,1505000.0
-37.7002,145.06517,730000.0
-37.84352,145.11981,1775000.0
-37.84162,145.10435,1702000.0
-37.85029,145.13846,980000.0
-37.84317,145.05688,2835000.0
-37.83176,145.0652,2770000.0
-37.84136,145.08149,2450000.0
-37.8926,145.05868999999996,1441000.0
-37.893,145.05861000000004,1510000.0
-37.88592,145.04781,850000.0
-37.90206,145.05598,1500000.0
-37.89235,145.04953999999995,1508000.0
-38.09601,145.19633000000005,609000.0
-38.1046,145.19339,578000.0
-38.04666,145.12354,875000.0
-37.96531,145.08502,920000.0
-37.9727,145.07016000000004,1165000.0
-37.95569,145.06588,1201000.0
-37.96306,145.0803,910000.0
-37.97531,145.07943,1200000.0
-37.92614,145.11713,2950000.0
-37.92559,145.10804,810000.0
-37.93663,145.11236,850000.0
-37.79395,144.98899,1010000.0
-37.79335,144.98911,980000.0
-37.73697,144.97568,975000.0
-37.74701,144.96369,880000.0
-37.72631,144.96274,841000.0
-37.79556,144.98873,1300000.0
-37.79737,144.98492,931000.0
-37.59735,144.91118,492000.0
-37.80244,145.29711,858000.0
-37.95788,145.21389,682000.0
-37.75504,144.77313999999996,629500.0
-37.97215,145.12389,1281000.0
-37.78267,145.14278000000004,751000.0
-37.76431,145.17778,1330000.0
-37.99515,145.23244,469000.0
-37.99161,145.23278,531000.0
-37.70349,145.16281,1085000.0
-37.72503,145.15142,915000.0
-37.72881,145.13703999999996,890000.0
-37.88922,144.9896,1800000.0
-37.64417,145.04043,600000.0
-37.64035,145.05624,647000.0
-37.73899,144.89291,770000.0
-37.75009,144.89271000000005,1150000.0
-37.73727,144.8986,1170000.0
-37.77167,145.02015,1255000.0
-37.77252,145.02546,1300000.0
-37.69403,144.96674,680000.0
-37.69592,144.96381,670000.0
-37.78101,144.98843,1400000.0
-37.84154,145.17606,950000.0
-38.16802,145.14349,650000.0
-38.16185,145.10976000000005,910000.0
-38.16363,145.11545,760000.0
-37.50733,144.58666000000005,650000.0
-37.85672,145.09098999999995,1738000.0
-37.85698,145.04686,965000.0
-37.85289,145.0944,1333000.0
-37.86277000000001,145.04012,1366000.0
-37.88809000000001,145.19011,1275000.0
-37.8763,145.17166,1750000.0
-37.8888,145.18692,1480000.0
-37.69708,144.92967,605000.0
-37.68569,145.10902,922000.0
-37.6929,145.1272,865000.0
-37.6248,144.87612,650000.0
-38.00377,145.26161000000005,661000.0
-37.93105,144.99437,2515000.0
-37.94515,145.01886000000005,1520000.0
-37.93478,145.01156,2550000.0
-37.93598,145.01152,1820000.0
-37.93753,145.0102,1450000.0
-37.93524,145.03438,1060000.0
-37.93522,145.02837,875000.0
-37.83508,145.0429,2325000.0
-37.82031,145.04043,1450000.0
-37.74591,145.04449,846000.0
-37.70228,144.74316000000005,628000.0
-37.6883,144.74225,645500.0
-37.88157,144.69426,575000.0
-37.87517,144.67094,525000.0
-37.87217,144.68746000000004,723000.0
-37.68908,144.9116,626000.0
-37.72465,144.8359,840000.0
-37.74975,144.86895,1230000.0
-37.7349,144.86225,933000.0
-37.81027,145.04476,2375000.0
-37.80646,145.04651,1950000.0
-37.8142,145.05973,5065000.0
-37.79235,145.04789,1650000.0
-37.7955,145.05046000000004,2125000.0
-37.79938,145.05662,1325000.0
-37.79546,145.04533,1975000.0
-37.80774,144.88251,1140000.0
-37.80592,144.8807,1000000.0
-37.67601,145.02955,801000.0
-37.66422,144.99893,596000.0
-37.84684,145.03893,2750000.0
-37.86552,145.03529,3400000.0
-37.65877,144.91191,370000.0
-37.98087,145.06024,995000.0
-37.98023,145.08402,950000.0
-37.97928,145.0763,792000.0
-37.65678,145.07811,445000.0
-37.65296,145.04564,675000.0
-37.67363,145.06796,721000.0
-37.677,145.05658,492000.0
-37.65898,145.08245,900000.0
-37.67434,145.05993999999995,650000.0
-37.81188,145.20051999999995,1120000.0
-37.82997,145.20978,961000.0
-37.82077,145.20391,990000.0
-37.82055,145.11168999999995,1580000.0
-37.8137,145.11013,2500000.0
-37.7264,145.12749,940000.0
-37.76913,144.93236000000005,1200000.0
-37.76375,144.93701,1007500.0
-37.94511,145.04426999999995,828000.0
-38.00394,145.1025,1285000.0
-37.8875,145.14467,2420000.0
-37.86118,145.11506,1335000.0
-37.88494,145.11951000000005,1451000.0
-37.86127000000001,145.14271000000005,1480000.0
-37.93134000000001,145.17584,850000.0
-37.9213,145.16366000000005,912000.0
-37.9265,145.19758000000004,1100000.0
-38.00626,145.29079,792500.0
-37.84461,144.87515,1262000.0
-37.84373,144.88603999999995,1210000.0
-37.73554,144.88517,1186000.0
-37.77432,144.99111000000005,1320000.0
-37.76603,144.99366,1325000.0
-37.78254,145.01013999999995,780000.0
-37.71302,144.90338,955000.0
-37.7151,144.92103,725000.0
-37.92745,145.08276,950000.0
-37.98752,145.08358,1250000.0
-37.71594,144.92986000000005,850000.0
-37.72523,144.94567,1160000.0
-37.88177,144.74221,765000.0
-37.90584000000001,144.74858,635000.0
-37.8379,144.94651000000005,1260000.0
-37.836,144.93701,1960000.0
-37.8469,144.98705,1771000.0
-37.85018,144.99006,515000.0
-37.85169000000001,145.00557,1610000.0
-37.73761,145.02119,1035000.0
-37.73346,145.01506,880000.0
-37.78243,144.96871000000004,1625000.0
-37.71491,145.02191000000005,930000.0
-37.70056,145.00345,912000.0
-37.72089,145.0153,900000.0
-37.7234,145.0266,935000.0
-37.71176,145.02142,465000.0
-37.72303,145.01883999999995,920000.0
-37.81937,145.00146,1500000.0
-37.82132,145.00973,1200000.0
-37.80236,145.23916,800000.0
-37.81169000000001,145.22243999999995,1335000.0
-37.82782,145.22506,935000.0
-37.80954000000001,145.25538,746000.0
-37.8004,145.23256999999995,1283000.0
-37.73184000000001,145.07061000000004,1365000.0
-37.74085,145.07055,1775000.0
-37.62388,144.93701,380000.0
-37.9602,145.02026,1665000.0
-37.95893,145.0128,1915000.0
-37.88863,145.23435,950000.0
-37.88919,145.2165,962000.0
-37.8343,144.95529,855000.0
-37.84517,144.98727,1305000.0
-37.93975,145.16326,770000.0
-37.73887,144.91103,1720000.0
-37.57662,144.74767,405000.0
-37.57123,144.72333999999995,482000.0
-37.58883,144.70202,436000.0
-37.78209,144.84581,830000.0
-37.76482,144.83375,665000.0
-37.7674,144.82421000000005,610000.0
-37.83404,145.0893,1290000.0
-37.82832,145.09242,1810000.0
-37.82807,145.10796000000005,2230000.0
-37.75245,145.15283,1930000.0
-37.68366,145.02783,600500.0
-37.6806,145.02402,640000.0
-37.67666,144.99161,750000.0
-37.75582,144.98951,1605000.0
-37.75832,144.99017,1300000.0
-37.84213,145.02527,2076000.0
-37.84158,145.19762,1150000.0
-37.7417,145.0958,1009000.0
-37.40853,144.97749,366000.0
-37.86345,145.22871,1070000.0
-37.87831,145.24575,1440000.0
-37.85728,145.24839,1060000.0
-37.71502,145.08844,792000.0
-37.7023,145.08357,920000.0
-37.88537,144.65337,470000.0
-37.90918,144.68325,515000.0
-37.90336,144.67918,603500.0
-37.79644,144.86388,870000.0
-37.79487,144.86353,1060000.0
-37.80947000000001,144.94473,1500000.0
-37.91057,145.1719,950000.0
-37.90667,145.17368000000005,1211000.0
-37.85504,144.73516,555000.0
-37.85537,144.87578,1190000.0
-37.85277,144.98485,1425000.0
-37.85327,144.99947,1970000.0
-37.85591,144.99356,1300000.0
-37.81899,144.89507,921000.0
-37.82067,144.87725,1190000.0
-37.80094,144.99569,1000000.0
-37.74965,144.77008999999995,506000.0
-37.84663,144.95681000000005,2550000.0
-37.83879,144.84787,880000.0
-37.77245,144.8001,730000.0
-37.8542,145.01506,1460000.0
-37.85425,145.01545,1726000.0
-37.86664,145.08597,1920000.0
-37.86394,145.09702,1575000.0
-38.01695,145.09933999999996,1362000.0
-37.80455,145.06478,2115000.0
-37.81016,145.07341,2562000.0
-37.80708,145.09698999999995,2100000.0
-37.79351,145.07655,1900000.0
-37.78662,145.07683,2000000.0
-37.79483,145.07296000000005,2400000.0
-37.78458,145.07912,2270000.0
-37.78787,145.08468,2600000.0
-37.80081,145.09319,2321000.0
-37.79094,145.07899,1890000.0
-37.91741,145.02873,1895000.0
-37.91524,145.07686,1115000.0
-37.91783,145.0816,1280000.0
-37.91786,145.08243000000004,690000.0
-37.91291,145.05996000000005,1595000.0
-37.81156,145.14057,881000.0
-37.80651,145.16457,1300000.0
-37.70835,145.11795,625000.0
-37.89293,144.99138,3100000.0
-37.90542,145.00603999999996,1850000.0
-37.92314,144.99777,2770000.0
-37.90381,145.01822,1300000.0
-37.69215,144.91654,637000.0
-37.6882,144.92541,1335000.0
-37.7592,144.97321000000005,905000.0
-37.7734,144.97686000000004,320000.0
-37.78094,145.10131,1230000.0
-37.76012,145.0854,1240000.0
-37.70042,145.0614,1234000.0
-37.84625,145.10116000000005,1588000.0
-37.85985,145.15656,1000000.0
-37.6714,144.95458,650000.0
-37.83254,145.07907,2550000.0
-37.79212,144.97409,1540000.0
-37.73881,144.73543,700000.0
-37.89718,145.01657,2450000.0
-38.04513,145.1346,710000.0
-37.97342,145.07201,955000.0
-37.96402,145.06658000000004,1230000.0
-37.94452,145.11108000000004,883300.0
-37.93765,145.10583,790000.0
-37.79346,144.99642,1310000.0
-37.73999,144.95141,880000.0
-37.74671,144.95141999999996,1070000.0
-37.75402,144.95991,1500000.0
-37.7505,144.97648999999996,1085000.0
-37.60859,144.92138,640000.0
-37.59604,144.94021999999995,582500.0
-37.56857,144.91693999999995,480000.0
-37.58012,144.91998,523000.0
-37.56937,144.90524,485000.0
-37.59372000000001,144.89449,800000.0
-37.57565,144.91365,632000.0
-37.79325,145.27723999999995,1152000.0
-37.67345,144.92526,475000.0
-37.76172,144.77265,635000.0
-37.98068,145.12493999999995,871000.0
-37.96853,145.12948,970000.0
-37.78911,145.13724,1200000.0
-37.79309,145.14287,1410000.0
-37.79739,145.14671,1320000.0
-37.78081,145.15861,1408000.0
-37.77559,145.17933,1200000.0
-37.78298,145.17682,988000.0
-37.76617,145.05332,1925000.0
-38.03819,145.12443000000005,875000.0
-37.88319,145.01142,2105000.0
-37.88785,145.00795,2410000.0
-37.70659000000001,145.16345,810000.0
-37.68927,145.1491,1115000.0
-37.8797,144.99088999999995,1380000.0
-37.65701,145.02621000000005,678000.0
-37.64213,145.06141000000005,681000.0
-37.74633,144.89643999999996,1600000.0
-37.77044,145.02465,1280000.0
-37.71879000000001,144.9651,874000.0
-37.87356,145.27515,770000.0
-37.88793,145.27561,875000.0
-37.79617,144.97982,580000.0
-37.79933,144.97932,2478000.0
-37.78273,144.92358000000004,1017500.0
-37.79583,144.89406,942000.0
-37.796,144.88966000000005,1320000.0
-38.14406,145.16352,550000.0
-38.16135,145.13374,690000.0
-37.85156,145.07958,708000.0
-37.85574,145.09051000000005,1300000.0
-37.84782,145.05004,1307500.0
-37.85678,145.05555,1390000.0
-37.86941,145.17108000000005,1310000.0
-37.8656,145.15034,1285000.0
-37.89965,145.17135,1292000.0
-37.89014,145.18268999999995,1300000.0
-37.89769,145.16307,1155000.0
-37.70317,144.91396,831000.0
-37.69879,144.93354,570000.0
-37.69994000000001,144.93489,805000.0
-37.69953,144.89941000000005,931000.0
-37.94109,145.00648,2500000.0
-37.81789000000001,145.03948,1600000.0
-37.82649,145.0483,1700000.0
-37.83015,145.24171,1825000.0
-37.82707,145.22914,1000000.0
-37.95422,145.054,1080000.0
-37.95457,145.05387,2585000.0
-37.94708,145.04056,1225000.0
-37.69547,144.73018000000005,1111000.0
-37.70388,144.75259,478000.0
-37.88531,144.68431,520000.0
-37.68196,144.90661,650000.0
-37.7393,144.86338999999995,981000.0
-37.74009,144.87787,1295000.0
-37.74514,144.87313,1250000.0
-37.74127,144.86648,986000.0
-37.74695,144.86625,620000.0
-37.79244,144.92036000000004,841000.0
-37.80946,145.04251000000005,2180000.0
-37.80926,145.0331,4000000.0
-37.79398,145.03777,1775000.0
-37.79639,145.04595,2118000.0
-37.79682,145.30467,710000.0
-37.80212,145.33016999999995,780000.0
-37.66958,145.02941,700000.0
-37.78865,144.88276000000005,610000.0
-37.87939,145.0656,2030000.0
-37.87241,145.05103,1800000.0
-37.77961,144.88586999999995,1500000.0
-37.90734000000001,145.03438,1125000.0
-37.70484,144.57261,460000.0
-37.98001,145.07457,881000.0
-37.59827,145.07939,430000.0
-37.59665,145.08876999999995,547000.0
-37.6669,145.04234,470000.0
-37.72266,145.12171999999995,756000.0
-37.78495,145.3919,515000.0
-37.87655,145.1401,1750000.0
-37.88859,145.13335,1340000.0
-37.74103,144.8851,1150000.0
-37.82568,145.16752,1218000.0
-37.91698,145.11225,955500.0
-37.90286,145.05425,1005500.0
-37.72208,144.93714,980000.0
-37.7249,144.9474,585500.0
-37.83674,144.9242,1230000.0
-37.85257,145.00296,1390000.0
-37.75049,145.02098999999995,961000.0
-37.74503,145.01295,1001000.0
-37.71142,145.00377,876000.0
-37.69742,145.01604,866000.0
-37.69983,145.02202,775500.0
-37.70848,145.03055,920000.0
-37.63693,144.92581,400000.0
-37.83731,144.95057,1412000.0
-37.62292,145.09507,597000.0
-37.84315,144.98596,1400000.0
-37.82859000000001,144.87947,782500.0
-37.9748,145.15213,750000.0
-37.73497,144.7864,626000.0
-37.71106,144.89427,1000000.0
-37.56279,144.7304,480500.0
-37.58479000000001,144.71541000000005,431250.0
-37.75962,144.82596,502500.0
-37.78651,144.81357,650000.0
-37.83587,145.10914,1825000.0
-37.83603,145.10596,2567500.0
-37.75592,145.16605,1150000.0
-37.77493,145.12547,1280000.0
-37.75802,145.00264,1200000.0
-37.83824,144.72101999999995,635000.0
-37.83691,145.21268999999995,1300000.0
-37.85211,145.20174,1138000.0
-37.85995,145.18579,1360000.0
-37.86072,145.18489,1300000.0
-37.73106,145.10237,1612000.0
-37.85733,145.22616000000005,1150000.0
-37.88634,145.21601,1235000.0
-37.74611,145.17835,1600000.0
-37.71209,145.0757,900000.0
-37.90419,144.63761,490000.0
-37.89513,144.64056000000005,412700.0
-37.79591,144.87595,990000.0
-37.79105,144.87913999999995,1100500.0
-37.79219000000001,144.87575,675000.0
-37.79136,144.87618999999995,855000.0
-37.91026,145.19298,1200000.0
-37.9163,145.19612,1480000.0
-37.90466,145.19433999999995,1500000.0
-37.92048,145.18258,1194700.0
-37.8633,144.88871,2550000.0
-37.88162,144.62082,475000.0
-37.73022,145.08361000000005,1025000.0
-37.7595,144.89427,1830000.0
-37.72057,144.87558,860000.0
-37.72739,144.88235,850000.0
-37.74521,144.76863,565000.0
-37.84388,144.95303,2100000.0
-37.78036,144.8195,760000.0
-37.87941,144.76935,750000.0
-37.82853,144.85091,980000.0
-37.83224000000001,144.85299999999995,970000.0
-37.86345,145.02454,3000000.0
-37.86275,145.02364,1500000.0
-37.77373,144.9311,1130000.0
-37.8696,145.0866,1210000.0
-37.8614,145.08436,1840000.0
-37.80199,145.06486,2580000.0
-37.79241,145.10445,1400000.0
-37.85002,145.25964,755000.0
-37.82534,145.29921000000004,800000.0
-37.82391,145.30266,724000.0
-37.97316,145.04041999999995,1150000.0
-37.92508,145.03606000000005,1915000.0
-37.92588,145.04808,1410000.0
-37.93574,145.06169,1020000.0
-37.91608,145.05715,1675000.0
-38.03383,145.36314,835000.0
-37.97676,145.01851000000005,945000.0
-37.82151,145.16138999999995,786000.0
-37.80425,145.14477,1555000.0
-37.80505,145.14919,1475000.0
-37.84378,145.13407,1229000.0
-38.06866,145.12677,965000.0
-37.8179,145.1341,653000.0
-37.92427,145.02003,2750000.0
-37.6798,144.90936000000005,575500.0
-37.8227,144.84094,901000.0
-37.75992,144.95664,1150000.0
-37.77695,144.95785,1280000.0
-37.75877,144.97316,1325000.0
-37.77081,144.96318,1630000.0
-37.75883,144.96749,1275000.0
-37.76296,144.97239,1770000.0
-37.76321,144.97836999999996,1065000.0
-37.77315,144.97161,522000.0
-37.75744,144.94945,1000000.0
-37.76563,144.94111,1080000.0
-37.77352,145.09843999999995,1300000.0
-37.76823,145.08103,1331000.0
-37.70762,145.07179,745000.0
-37.73244,144.75669,655000.0
-37.85777,145.14009,680000.0
-37.84578,145.08436,2850000.0
-37.83825,145.08163000000005,2800000.0
-37.89184,145.06056,1966000.0
-37.88642,145.05979,381000.0
-37.73917,144.72874,646000.0
-37.97462,145.07906,1100000.0
-37.96488,145.05276,1015000.0
-37.95656,145.06926,795000.0
-37.9583,145.06041000000005,1160000.0
-37.95272,145.06573,1160000.0
-37.94146,145.11121,800000.0
-37.74234000000001,144.95169,1000000.0
-37.73913,144.96086,960000.0
-37.57383,144.92424,735000.0
-37.58905,144.93658,600000.0
-37.58364,144.90804,475000.0
-37.57869,144.91069,552000.0
-37.78297,145.28774,840500.0
-37.79773,145.26956,1180000.0
-37.77224,144.77381,632000.0
-37.71046,144.77043,607500.0
-37.72438,144.7655,563000.0
-37.78763,144.75963000000004,695000.0
-37.65972,145.159,990000.0
-37.77871,145.10356000000004,1260000.0
-37.77472,145.15197,1310000.0
-37.78628,145.1667,1890000.0
-37.79937,145.18164,775000.0
-37.60835,145.12073,365500.0
-38.03804,145.11728,837000.0
-38.03288,145.11678,950000.0
-37.64206,145.03703000000004,646000.0
-37.65843,145.03091,625000.0
-37.63854,145.05178999999995,552500.0
-37.74903,144.89924,1710000.0
-37.7166,144.97665,800000.0
-37.89335,145.27924,791100.0
-37.87101,145.26641999999995,775000.0
-37.79451,144.98208,1210000.0
-37.79395,144.97698,1300000.0
-37.78305,144.97997,1730000.0
-37.78749000000001,144.93203,1100000.0
-37.783,144.93204,452500.0
-37.84362,145.16976,1350000.0
-37.84137,145.17911999999995,950000.0
-38.14738,145.16653,634000.0
-38.17488,145.1234,1350000.0
-37.68641,144.88487,586000.0
-37.89154,145.04483000000005,600000.0
-37.84967,145.08388,1285000.0
-37.89231,145.15141,1190000.0
-37.87376,145.15238,2450000.0
-37.8893,145.18747,1214000.0
-37.88551,145.17559,1631888.0
-37.70542,144.92263,850000.0
-37.70072,144.91662,1051000.0
-37.71389,144.92158999999995,910000.0
-37.69443,145.11245,785000.0
-37.93492,145.01758,1800000.0
-37.937,145.01169,2000000.0
-37.92983,145.00167,2500000.0
-37.94312,145.0244,1125000.0
-37.83543,145.04606,3600000.0
-37.74821,145.06933,985000.0
-37.73098,145.06043,915000.0
-37.94964,145.02753,1911000.0
-37.85152,144.70802,650000.0
-37.86866,144.69356000000005,550000.0
-37.87373,144.69131000000004,537000.0
-37.87695,144.69953,568000.0
-37.90823,145.10851,1205000.0
-37.7709,145.05676,2040000.0
-37.68775,144.90941999999995,605000.0
-37.73522,144.82044,572000.0
-37.72056,144.80825,680000.0
-37.7356,144.86479,790000.0
-37.7482,144.86924,630000.0
-37.75046,144.8653,900000.0
-37.80526,145.04294,2450000.0
-37.80969,145.01967,2600000.0
-37.81439,145.04237,955000.0
-37.80442,145.04085,1350000.0
-37.81202,145.04217,1630000.0
-37.79032,145.05408,1875000.0
-37.98433,145.17041,770000.0
-37.66276,145.03073999999995,766000.0
-37.6605,145.01218,652000.0
-37.85892,145.03731000000005,2500000.0
-37.78486,144.88616000000005,752500.0
-37.65826,144.92538000000005,741000.0
-37.68755,144.56887,283000.0
-37.67363,144.55888000000004,430000.0
-37.66869000000001,144.55666000000005,439000.0
-37.98227,145.08133999999995,815000.0
-37.67121,145.06246000000004,665000.0
-37.80961,145.1847,890000.0
-37.81153,145.1855,1150000.0
-37.82863,145.19506,902000.0
-37.76996,144.93466,1162000.0
-37.77403,145.30445,835000.0
-37.86301,145.14145,1400000.0
-37.88061,145.12448999999995,1586000.0
-37.86445,145.12538,1408000.0
-37.93173,145.19475,1080000.0
-37.93041,145.16024,1105000.0
-37.92914,145.17372,880000.0
-37.93271,145.17792,840000.0
-37.90584000000001,145.0725,1321188.0
-37.45392,144.58864,1355000.0
-37.84332,144.87718,1130000.0
-37.84259,144.8749,950000.0
-37.7361,144.88306,800000.0
-37.7983,144.94687,516000.0
-37.77651,144.99074,1360000.0
-37.78398,145.01124,1300000.0
-37.77171,144.99565,1550000.0
-37.7754,144.99275,1015000.0
-37.76898,144.9858,1350000.0
-37.90556,145.1486,1075000.0
-37.72123,144.92614,1000000.0
-37.71467,144.91997,763000.0
-37.90584000000001,145.09495,760000.0
-37.90638,145.11733,1382000.0
-37.9212,145.09125,1450000.0
-37.90433,145.05163000000005,1450000.0
-37.90205,145.04959,1540000.0
-37.9027,145.04159,1060000.0
-37.71429000000001,144.72492,625500.0
-37.83452,144.93586000000005,1725000.0
-37.83526,144.94423,1635000.0
-37.84969,145.00056999999995,1463000.0
-37.74103,145.02289,1150000.0
-37.74305,145.01811999999995,820000.0
-37.74283,145.0086,950000.0
-37.69618,145.01289,901000.0
-37.7104,145.00717,680000.0
-37.7183,145.02253000000005,890000.0
-37.71556,145.01129,1190000.0
-37.72318,145.01556000000005,855000.0
-37.69583,144.98056,785000.0
-37.70176,145.0118,1000000.0
-37.71922,145.01806000000005,800000.0
-37.72765,144.98953,1400000.0
-37.82009,145.0038,400000.0
-37.81981,145.00538999999995,1900000.0
-37.79053,145.2472,999999.0
-37.78958,145.23886000000005,1100000.0
-37.74738,145.07698,1100000.0
-37.72998,145.06134,850000.0
-37.62191,144.92158,426000.0
-37.94723,145.02268,1050000.0
-37.80257,144.88811,680000.0
-37.83281,144.96633,1151000.0
-37.83401,144.96653999999995,817000.0
-37.63534,145.09081,658500.0
-37.94434,145.16289,881000.0
-37.74295,144.81009,645000.0
-37.7502,144.80626,549500.0
-37.68969,145.12366,897000.0
-37.86569,144.97919,2680000.0
-37.86191,144.98655,1000000.0
-37.73545,144.92164,1625000.0
-37.73084,144.92238,810000.0
-37.5877,144.73734,657500.0
-37.57858,144.72349,778000.0
-37.59115,144.72581,675000.0
-37.58457,144.70005,605000.0
-37.57231,144.70429,600000.0
-37.76586,144.85193,895000.0
-37.79498,144.79545,555000.0
-37.82671,145.11068,1910000.0
-37.82195,145.08968000000004,2350000.0
-37.69616,144.78587,746000.0
-37.68646,144.77247,751000.0
-37.71176,144.80271000000005,600000.0
-37.75436,145.11938999999995,910000.0
-37.76497,145.11077,1561000.0
-37.76649000000001,145.10623,1250000.0
-37.85229,145.30281000000005,700000.0
-37.67939000000001,145.00143,720000.0
-37.84454,145.18881000000005,1260000.0
-37.84919,145.17436,1202000.0
-37.86231,145.22633000000005,920000.0
-37.86328,145.21477,1180000.0
-37.87079,145.22988,1400000.0
-37.89423,144.64131,515000.0
-37.88178,144.66125,430000.0
-37.79613,144.86741999999995,840000.0
-37.79285,144.86969,879000.0
-37.67909,144.87524,560000.0
-37.90823,145.16173,1025000.0
-37.90001,145.18688,1660000.0
-37.85808,144.89268,832000.0
-37.61379,145.03296,401000.0
-37.81732,144.89091000000005,1300000.0
-37.81279,144.87717,1360000.0
-37.81111,144.88759,1455000.0
-37.73254,144.88321000000005,975500.0
-37.71919000000001,144.87842,880000.0
-37.84398,144.95044,2340000.0
-37.84479,144.94429,2225000.0
-37.86249,144.82162,920000.0
-37.87046,144.83482,801250.0
-37.84484000000001,144.85017,791000.0
-37.86325,145.02422,4060000.0
-37.77708,144.90913999999995,1151000.0
-37.86058,145.08542,1650000.0
-37.87253,145.0705,2550000.0
-37.87202,144.99123,1680000.0
-37.78739,145.07388999999995,3000000.0
-37.79131,145.07861,1900000.0
-37.80385,145.09094,2800000.0
-37.80217,145.10183,1650000.0
-37.98045,145.04833,1589000.0
-37.97258,145.05123,1385000.0
-37.75399,145.03606000000005,951000.0
-37.91469,145.02789,1300000.0
-37.91865,145.05418,1800000.0
-37.90866,145.07533,1130000.0
-37.91487,145.06623000000005,1370000.0
-37.92599000000001,145.07537,1311000.0
-37.81511,145.15828,1350000.0
-37.81245,145.16416999999996,1660000.0
-37.8429,145.14895,905000.0
-37.83373,145.14493000000004,1152000.0
-38.06688,145.12398000000005,920000.0
-37.85652,145.2758,728000.0
-37.82703,145.12938,1900000.0
-37.70591,145.13005,1030000.0
-37.91559,144.99885,3200000.0
-37.90034,144.99608999999995,2830000.0
-37.90217,144.99337,2260000.0
-37.92364,145.01118,2060000.0
-37.92698,145.02673,1650000.0
-37.93203,145.02844,1650000.0
-37.76078,144.96168,424000.0
-37.76292,144.97975,959000.0
-37.77726,144.97247,975000.0
-37.75461,144.94669,1160000.0
-37.75336,144.93872,887500.0
-37.76645,144.94133,2350000.0
-37.68878,145.05795,940000.0
-37.69852,145.06523,850000.0
-37.70765,145.05556,815000.0
-37.74518,144.74708,580000.0
-37.84691,145.10029,1220000.0
-37.85296,145.1055,1238000.0
-37.84533,145.12764,1535000.0
-37.84375,145.10591000000005,1340000.0
-37.85621,145.10641,1322500.0
-37.8296,145.06441999999996,2385000.0
-37.82359,145.0693,1935000.0
-37.79945,144.96653,1760000.0
-37.89877,145.05132,1400000.0
-38.10346,145.18159,546000.0
-38.10429,145.17178,532000.0
-38.09187,145.19463000000005,615000.0
-37.8981,145.03551000000004,790000.0
-37.88932,145.10298999999995,990000.0
-38.04922,145.13904,725000.0
-37.97404,145.07541,1300000.0
-37.97334,145.08192,975000.0
-37.94122,145.10924,950000.0
-37.75356,144.9497,770000.0
-37.65704,144.92987,460000.0
-37.57687,144.911,412500.0
-37.57589,144.9305,465000.0
-38.08902,145.29006,720008.0
-37.79546,145.27002,1188000.0
-37.78466,145.27326000000005,905000.0
-37.96171,145.20122,600000.0
-38.04214,145.11372,1100000.0
-37.70562,145.16611,1060000.0
-37.70232,145.1419,905000.0
-37.64972,145.04086,595000.0
-37.63904,145.0589,810000.0
-37.74967,144.8977,2335000.0
-37.75759,144.92788000000004,1240000.0
-37.75238,144.92248999999995,1580000.0
-37.87837,145.28104,594000.0
-37.78852,144.97871999999995,1385000.0
-37.77796,144.98373999999995,1400000.0
-37.7833,144.98521000000005,1870000.0
-37.78346,144.98685,1620000.0
-37.7977,144.90398000000005,755000.0
-37.797,144.88173,750000.0
-37.83945,145.16683999999995,1078000.0
-37.83455,145.16173999999995,1197000.0
-37.84389,145.17345,1000000.0
-37.83161,145.17555,1065000.0
-38.14374,145.16976,515000.0
-38.12023,145.15188,493000.0
-38.16457,145.12421,1155000.0
-38.15845,145.11141,980000.0
-38.16624,145.13297,750000.0
-37.68415,144.8999,742000.0
-37.85718,145.08658,1700000.0
-37.86133,145.04166999999995,2690000.0
-37.85918,145.083,1688000.0
-37.69927,144.9256,725000.0
-37.70128,144.90187,655000.0
-37.69594,145.11733999999996,950000.0
-37.70791,145.09575,540000.0
-37.68587,145.11508999999995,600000.0
-37.69324,145.1023,842000.0
-37.70674,145.09841,670000.0
-37.94003,145.00778,2086000.0
-37.94259,145.03004,1280000.0
-37.94027,145.03593,1335000.0
-38.02981,145.24826000000004,625000.0
-37.81732,145.02508999999995,1350000.0
-37.73629,145.04017,520000.0
-37.95147,145.04904,680500.0
-37.84958,144.67154,602000.0
-37.87199,144.7062,565000.0
-37.86495,144.69718999999995,567000.0
-37.87715,144.69863,315000.0
-37.9089,145.11236,1190000.0
-37.75722,145.04399999999995,1200000.0
-37.72026,144.83143,1125000.0
-37.71945,144.82418,739000.0
-37.72474,144.79545,683000.0
-37.72649000000001,144.80992,700000.0
-37.74061,144.87462,860000.0
-37.74800000000001,144.85098,886000.0
-37.73977,144.87734,960000.0
-37.73492,144.87231,1160000.0
-37.72282,144.85681,821000.0
-37.80001,145.03125,1800000.0
-37.81031,145.01955,3300000.0
-37.80121,145.04581000000005,1750000.0
-37.80795,145.01474,3450000.0
-37.80828,145.06027,2045000.0
-37.80359,145.06002,2200000.0
-38.00009,145.16959,930000.0
-37.79902,145.32092,803000.0
-37.73574,144.77898000000005,560000.0
-37.84391,145.03376,3080000.0
-37.66349,145.03391000000005,671000.0
-37.67324,145.03513,690000.0
-37.67139,145.00269,520000.0
-37.66374,144.99871000000005,625000.0
-38.14508,145.18787,965000.0
-37.78817,144.87873000000005,735000.0
-37.85612,145.03273000000004,860000.0
-37.87798,145.06731000000005,651000.0
-37.7657,144.89109,3400000.0
-37.90998,145.03082,1830000.0
-37.91406,145.04865,1655000.0
-37.65905,144.92347,535000.0
-37.67813,144.59292,710000.0
-37.69891,144.57645,395000.0
-37.97738,145.07168,1002500.0
-37.84804000000001,144.96066000000005,2090000.0
-37.81175,145.20501000000004,1185000.0
-37.82653,145.20261000000005,907800.0
-37.8236,145.20898,1010000.0
-37.87931,145.41288,720000.0
-37.75799,144.92354,435000.0
-37.76884,144.91708,1525000.0
-37.77081,144.92074,1305000.0
-37.93557,145.04918999999995,1072000.0
-37.94492,145.04938,1290000.0
-37.76983,145.31687,760000.0
-38.00341,145.08773,1500000.0
-37.88751,145.13545,1028800.0
-37.87591,145.13958,1840000.0
-37.88678,145.12748,1035000.0
-37.92811,145.14971,940000.0
-37.73901,144.89154,845000.0
-37.74009,144.88736,1305000.0
-37.79524,144.94642,1080000.0
-37.76623,144.99318,1118000.0
-37.8064,145.18452,710000.0
-37.71589,144.92176,1006000.0
-37.89721,145.09792,875000.0
-37.91344,145.09347,985000.0
-37.90216,145.05069,1510000.0
-37.90617,145.02875,1870000.0
-37.90367,145.05253000000005,1700000.0
-37.98656,145.08237,1060000.0
-37.99508,145.07544,2475000.0
-37.73058,144.9353,1260000.0
-37.90858,144.77771,527000.0
-37.83349000000001,144.9484,2455000.0
-37.83754,144.93954,1515000.0
-37.84879,144.98882,2668000.0
-37.85569,145.00522,1365000.0
-37.75277,145.00734,910000.0
-37.71289,145.01967,640000.0
-37.70671,145.03086000000005,1112000.0
-37.69968,145.03426000000005,852000.0
-37.73173,145.02884,800000.0
-37.71626,144.99866,625500.0
-37.82368,145.00271,1800000.0
-37.8101,145.21697,700000.0
-37.80401,145.25225,937000.0
-37.74351,145.07965,1224000.0
-37.73543,145.07003999999995,1426000.0
-37.63499,144.93409,621000.0
-37.62273,144.92567,465000.0
-37.95685,145.01977,1490000.0
-37.88953,145.22056,890000.0
-38.10505,145.15328,512000.0
-37.80898,144.88701,1502000.0
-37.82815,144.87395,965000.0
-37.75405,144.82013999999995,537000.0
-37.73797,144.92455,1848000.0
-37.58176,144.73176999999995,516000.0
-37.56005,144.70892,480000.0
-37.5781,144.72383,763000.0
-37.56533,144.71233,605000.0
-37.78514000000001,144.84561000000005,717500.0
-37.76599,144.84445,595000.0
-37.79161,144.80461,682000.0
-37.79798,144.81529,640000.0
-37.82421,145.10352,2720000.0
-37.83015,145.09035,1715000.0
-37.83564000000001,145.10918999999996,3100000.0
-37.86744,144.65608999999995,350000.0
-37.76673,145.16555,1753000.0
-37.75843,145.10888,1745000.0
-37.76684,145.11309,1190000.0
-37.7663,145.1132,1400000.0
-37.76078,145.10696000000004,1288000.0
-37.7587,144.99966,1450000.0
-37.75937,145.01533999999995,1271000.0
-37.69423,144.88002,540000.0
-37.84467,145.19276000000005,1263500.0
-37.84679000000001,145.20051,1250000.0
-37.73501,145.08341,1316000.0
-37.85639000000001,145.23536,951000.0
-37.87608,145.2239,1323000.0
-37.8836,145.22805,970000.0
-37.86887,145.22116,1330000.0
-37.70657,145.07878,650000.0
-37.89327,144.64789,635000.0
-37.67917,144.8939,582000.0
-37.90562,145.16761,1245000.0
-37.85927,144.87904,1031000.0
-37.85274,144.88738,1170000.0
-37.85908,144.89299,2500000.0
-37.81188,144.88449,1285000.0
